USE e4y4_b_santeindiv;
-- MySQL dump 10.14  Distrib 5.5.65-MariaDB, for Linux (x86_64)
--
-- Host: lin2bdd001.si2m.tec    Database: e2y4_b_santeindiv
-- ------------------------------------------------------
-- Server version	5.6.13-enterprise-commercial-advanced-log

/*!40101 SET @OLD_CHARACTER_SET_CLIENT=@@CHARACTER_SET_CLIENT */;
/*!40101 SET @OLD_CHARACTER_SET_RESULTS=@@CHARACTER_SET_RESULTS */;
/*!40101 SET @OLD_COLLATION_CONNECTION=@@COLLATION_CONNECTION */;
/*!40101 SET NAMES utf8 */;
/*!40103 SET @OLD_TIME_ZONE=@@TIME_ZONE */;
/*!40103 SET TIME_ZONE='+00:00' */;
/*!40014 SET @OLD_UNIQUE_CHECKS=@@UNIQUE_CHECKS, UNIQUE_CHECKS=0 */;
/*!40014 SET @OLD_FOREIGN_KEY_CHECKS=@@FOREIGN_KEY_CHECKS, FOREIGN_KEY_CHECKS=0 */;
/*!40101 SET @OLD_SQL_MODE=@@SQL_MODE, SQL_MODE='NO_AUTO_VALUE_ON_ZERO' */;
/*!40111 SET @OLD_SQL_NOTES=@@SQL_NOTES, SQL_NOTES=0 */;

--
-- Table structure for table `assureur`
--

DROP TABLE IF EXISTS `assureur`;
/*!40101 SET @saved_cs_client     = @@character_set_client */;
/*!40101 SET character_set_client = utf8 */;
CREATE TABLE `assureur` (
  `code` varchar(10) NOT NULL,
  `libelle` varchar(100) NOT NULL,
  PRIMARY KEY (`code`)
) ENGINE=InnoDB DEFAULT CHARSET=latin1;
/*!40101 SET character_set_client = @saved_cs_client */;

--
-- Dumping data for table `assureur`
--

LOCK TABLES `assureur` WRITE;
/*!40000 ALTER TABLE `assureur` DISABLE KEYS */;
INSERT INTO `assureur` VALUES ('MHP','Malakoff Humanis Prévoyance'),('MMH','Mutuelle Malakoff Humanis'),('RGH','Radiance Groupe Humanis');
/*!40000 ALTER TABLE `assureur` ENABLE KEYS */;
UNLOCK TABLES;

--
-- Table structure for table `coefficient_adhesion_tardive`
--

DROP TABLE IF EXISTS `coefficient_adhesion_tardive`;
/*!40101 SET @saved_cs_client     = @@character_set_client */;
/*!40101 SET character_set_client = utf8 */;
CREATE TABLE `coefficient_adhesion_tardive` (
  `age_tardif_min` decimal(10,0) NOT NULL,
  `code_produit` varchar(10) NOT NULL,
  `date_effet_min` date NOT NULL,
  `date_effet_max` date NOT NULL,
  `coefficient_age_tardif` decimal(3,2) NOT NULL,
  PRIMARY KEY (`age_tardif_min`,`code_produit`,`date_effet_min`,`date_effet_max`),
  KEY `coefficient_adhesion_tardive_a_produit_fk` (`code_produit`),
  CONSTRAINT `coefficient_adhesion_tardive_a_produit_fk` FOREIGN KEY (`code_produit`) REFERENCES `produit` (`code`)
) ENGINE=InnoDB DEFAULT CHARSET=latin1;
/*!40101 SET character_set_client = @saved_cs_client */;

--
-- Dumping data for table `coefficient_adhesion_tardive`
--

LOCK TABLES `coefficient_adhesion_tardive` WRITE;
/*!40000 ALTER TABLE `coefficient_adhesion_tardive` DISABLE KEYS */;
INSERT INTO `coefficient_adhesion_tardive` VALUES (80,'PSP','2020-01-01','2099-12-31',1.12);
/*!40000 ALTER TABLE `coefficient_adhesion_tardive` ENABLE KEYS */;
UNLOCK TABLES;

--
-- Table structure for table `coefficient_departemental`
--

DROP TABLE IF EXISTS `coefficient_departemental`;
/*!40101 SET @saved_cs_client     = @@character_set_client */;
/*!40101 SET character_set_client = utf8 */;
CREATE TABLE `coefficient_departemental` (
  `code_departement` varchar(50) NOT NULL,
  `code_produit` varchar(10) NOT NULL,
  `date_effet_min` date NOT NULL,
  `date_effet_max` date NOT NULL,
  `coefficient` decimal(3,2) NOT NULL,
  PRIMARY KEY (`code_departement`,`code_produit`,`date_effet_min`,`date_effet_max`),
  KEY `coefficient_departemental_a_produit_fk` (`code_produit`),
  CONSTRAINT `coefficient_departemental_a_departement_fk` FOREIGN KEY (`code_departement`) REFERENCES `departement` (`code`),
  CONSTRAINT `coefficient_departemental_a_produit_fk` FOREIGN KEY (`code_produit`) REFERENCES `produit` (`code`)
) ENGINE=InnoDB DEFAULT CHARSET=latin1;
/*!40101 SET character_set_client = @saved_cs_client */;

--
-- Dumping data for table `coefficient_departemental`
--

LOCK TABLES `coefficient_departemental` WRITE;
/*!40000 ALTER TABLE `coefficient_departemental` DISABLE KEYS */;
INSERT INTO `coefficient_departemental` VALUES ('01','PSP','2020-01-01','2099-12-31',1.00),('02','PSP','2020-01-01','2099-12-31',1.00),('03','PSP','2020-01-01','2020-12-31',1.00),('03','PSP','2021-01-01','2099-12-31',0.90),('04','PSP','2020-01-01','2020-12-31',1.05),('04','PSP','2021-01-01','2099-12-31',1.00),('05','PSP','2020-01-01','2020-12-31',0.90),('05','PSP','2021-01-01','2099-12-31',1.00),('06','PSP','2020-01-01','2099-12-31',1.10),('07','PSP','2020-01-01','2099-12-31',1.00),('08','PSP','2020-01-01','2099-12-31',1.05),('09','PSP','2020-01-01','2099-12-31',1.00),('10','PSP','2020-01-01','2099-12-31',1.05),('11','PSP','2020-01-01','2020-12-31',0.85),('11','PSP','2021-01-01','2099-12-31',0.90),('12','PSP','2020-01-01','2099-12-31',0.85),('13','PSP','2020-01-01','2099-12-31',1.00),('14','PSP','2020-01-01','2020-12-31',1.05),('14','PSP','2021-01-01','2099-12-31',1.00),('15','PSP','2020-01-01','2099-12-31',1.00),('16','PSP','2020-01-01','2020-12-31',1.10),('16','PSP','2021-01-01','2099-12-31',1.00),('17','PSP','2020-01-01','2020-12-31',1.05),('17','PSP','2021-01-01','2099-12-31',1.00),('18','PSP','2020-01-01','2020-12-31',0.90),('18','PSP','2021-01-01','2099-12-31',0.85),('19','PSP','2020-01-01','2099-12-31',1.00),('20','PSP','2020-01-01','2020-12-31',0.85),('20','PSP','2021-01-01','2099-12-31',1.00),('21','PSP','2020-01-01','2020-12-31',1.05),('21','PSP','2021-01-01','2099-12-31',1.05),('22','PSP','2020-01-01','2020-12-31',1.05),('22','PSP','2021-01-01','2099-12-31',0.90),('23','PSP','2020-01-01','2020-12-31',0.90),('23','PSP','2021-01-01','2099-12-31',1.00),('24','PSP','2020-01-01','2020-12-31',1.10),('24','PSP','2021-01-01','2099-12-31',1.00),('25','PSP','2020-01-01','2020-12-31',0.90),('25','PSP','2021-01-01','2099-12-31',1.00),('26','PSP','2020-01-01','2020-12-31',1.05),('26','PSP','2021-01-01','2099-12-31',1.00),('27','PSP','2020-01-01','2020-12-31',1.00),('27','PSP','2021-01-01','2099-12-31',0.90),('28','PSP','2020-01-01','2099-12-31',1.00),('29','PSP','2020-01-01','2099-12-31',0.90),('2A','PSP','2020-01-01','2020-12-31',0.85),('2A','PSP','2021-01-01','2099-12-31',1.00),('2B','PSP','2020-01-01','2020-12-31',0.85),('2B','PSP','2021-01-01','2099-12-31',1.00),('30','PSP','2020-01-01','2099-12-31',1.00),('31','PSP','2020-01-01','2020-12-31',1.00),('31','PSP','2021-01-01','2099-12-31',1.05),('32','PSP','2020-01-01','2099-12-31',0.90),('33','PSP','2020-01-01','2020-12-31',1.00),('33','PSP','2021-01-01','2099-12-31',1.05),('34','PSP','2020-01-01','2099-12-31',1.00),('35','PSP','2020-01-01','2020-12-31',0.85),('35','PSP','2021-01-01','2099-12-31',0.90),('36','PSP','2020-01-01','2020-12-31',1.00),('36','PSP','2021-01-01','2099-12-31',0.90),('37','PSP','2020-01-01','2020-12-31',0.90),('37','PSP','2021-01-01','2099-12-31',1.00),('38','PSP','2020-01-01','2020-12-31',1.05),('38','PSP','2021-01-01','2099-12-31',1.00),('39','PSP','2020-01-01','2020-12-31',1.10),('39','PSP','2021-01-01','2099-12-31',1.05),('40','PSP','2020-01-01','2099-12-31',1.00),('41','PSP','2020-01-01','2020-12-31',0.85),('41','PSP','2021-01-01','2099-12-31',0.90),('42','PSP','2020-01-01','2099-12-31',1.05),('43','PSP','2020-01-01','2020-12-31',0.90),('43','PSP','2021-01-01','2099-12-31',1.00),('44','PSP','2020-01-01','2020-12-31',0.85),('44','PSP','2021-01-01','2099-12-31',0.90),('45','PSP','2020-01-01','2020-12-31',0.90),('45','PSP','2021-01-01','2099-12-31',1.00),('46','PSP','2020-01-01','2099-12-31',0.90),('47','PSP','2020-01-01','2020-12-31',1.05),('47','PSP','2021-01-01','2099-12-31',1.00),('48','PSP','2020-01-01','2020-12-31',1.05),('48','PSP','2021-01-01','2099-12-31',1.00),('49','PSP','2020-01-01','2020-12-31',0.85),('49','PSP','2021-01-01','2099-12-31',1.00),('50','PSP','2020-01-01','2099-12-31',0.90),('51','PSP','2020-01-01','2020-12-31',1.05),('51','PSP','2021-01-01','2099-12-31',1.00),('52','PSP','2020-01-01','2020-12-31',1.10),('52','PSP','2021-01-01','2099-12-31',1.05),('53','PSP','2020-01-01','2099-12-31',0.85),('54','PSP','2020-01-01','2020-12-31',1.10),('54','PSP','2021-01-01','2099-12-31',1.05),('55','PSP','2020-01-01','2020-12-31',1.05),('55','PSP','2021-01-01','2099-12-31',1.00),('56','PSP','2020-01-01','2020-12-31',0.85),('56','PSP','2021-01-01','2099-12-31',0.90),('57','PSP','2020-01-01','2099-12-31',0.90),('58','PSP','2020-01-01','2020-12-31',1.00),('58','PSP','2021-01-01','2099-12-31',1.00),('59','PSP','2020-01-01','2099-12-31',1.00),('60','PSP','2020-01-01','2020-12-31',1.05),('60','PSP','2021-01-01','2099-12-31',1.00),('61','PSP','2020-01-01','2020-12-31',0.85),('61','PSP','2021-01-01','2099-12-31',1.00),('62','PSP','2020-01-01','2020-12-31',0.90),('62','PSP','2021-01-01','2099-12-31',1.00),('63','PSP','2020-01-01','2020-12-31',0.90),('63','PSP','2021-01-01','2099-12-31',1.00),('64','PSP','2020-01-01','2020-12-31',1.05),('64','PSP','2021-01-01','2099-12-31',1.00),('65','PSP','2020-01-01','2020-12-31',1.10),('65','PSP','2021-01-01','2099-12-31',1.00),('66','PSP','2020-01-01','2020-12-31',0.90),('66','PSP','2021-01-01','2099-12-31',1.00),('67','PSP','2020-01-01','2020-12-31',0.90),('67','PSP','2021-01-01','2099-12-31',1.00),('68','PSP','2020-01-01','2020-12-31',0.85),('68','PSP','2021-01-01','2099-12-31',1.00),('69','PSP','2020-01-01','2020-12-31',1.10),('69','PSP','2021-01-01','2099-12-31',1.05),('70','PSP','2020-01-01','2099-12-31',0.90),('71','PSP','2020-01-01','2020-12-31',1.05),('71','PSP','2021-01-01','2099-12-31',1.05),('72','PSP','2020-01-01','2020-12-31',0.85),('72','PSP','2021-01-01','2099-12-31',1.00),('73','PSP','2020-01-01','2099-12-31',1.00),('74','PSP','2020-01-01','2020-12-31',1.05),('74','PSP','2021-01-01','2099-12-31',1.05),('75','PSP','2020-01-01','2099-12-31',1.10),('76','PSP','2020-01-01','2099-12-31',0.90),('77','PSP','2020-01-01','2099-12-31',1.00),('78','PSP','2020-01-01','2020-12-31',1.10),('78','PSP','2021-01-01','2099-12-31',1.05),('79','PSP','2020-01-01','2020-12-31',0.85),('79','PSP','2021-01-01','2099-12-31',0.90),('80','PSP','2020-01-01','2020-12-31',0.90),('80','PSP','2021-01-01','2099-12-31',1.00),('81','PSP','2020-01-01','2020-12-31',1.00),('81','PSP','2021-01-01','2099-12-31',0.90),('82','PSP','2020-01-01','2020-12-31',0.85),('82','PSP','2021-01-01','2099-12-31',0.90),('83','PSP','2020-01-01','2099-12-31',1.10),('84','PSP','2020-01-01','2020-12-31',0.90),('84','PSP','2021-01-01','2099-12-31',1.00),('85','PSP','2020-01-01','2020-12-31',0.90),('85','PSP','2021-01-01','2099-12-31',0.85),('86','PSP','2020-01-01','2020-12-31',1.05),('86','PSP','2021-01-01','2099-12-31',1.00),('87','PSP','2020-01-01','2020-12-31',1.05),('87','PSP','2021-01-01','2099-12-31',1.00),('88','PSP','2020-01-01','2020-12-31',1.10),('88','PSP','2021-01-01','2099-12-31',1.05),('89','PSP','2020-01-01','2020-12-31',1.05),('89','PSP','2021-01-01','2099-12-31',1.05),('90','PSP','2020-01-01','2020-12-31',0.90),('90','PSP','2021-01-01','2099-12-31',1.00),('91','PSP','2020-01-01','2020-12-31',1.05),('91','PSP','2021-01-01','2099-12-31',1.00),('92','PSP','2020-01-01','2099-12-31',1.10),('93','PSP','2020-01-01','2099-12-31',0.90),('94','PSP','2020-01-01','2099-12-31',1.10),('95','PSP','2020-01-01','2020-12-31',1.05),('95','PSP','2021-01-01','2099-12-31',1.00),('971','PSP','2020-01-01','2020-12-31',0.85),('971','PSP','2021-01-01','2099-12-31',1.00),('972','PSP','2020-01-01','2020-12-31',0.85),('972','PSP','2021-01-01','2099-12-31',1.00),('973','PSP','2020-01-01','2020-12-31',0.85),('973','PSP','2021-01-01','2099-12-31',1.00),('976','PSP','2020-01-01','2020-12-31',0.85),('976','PSP','2021-01-01','2099-12-31',1.00);
/*!40000 ALTER TABLE `coefficient_departemental` ENABLE KEYS */;
UNLOCK TABLES;

--
-- Table structure for table `databasechangelog`
--

DROP TABLE IF EXISTS `databasechangelog`;
/*!40101 SET @saved_cs_client     = @@character_set_client */;
/*!40101 SET character_set_client = utf8 */;
CREATE TABLE `databasechangelog` (
  `ID` varchar(255) NOT NULL,
  `AUTHOR` varchar(255) NOT NULL,
  `FILENAME` varchar(255) NOT NULL,
  `DATEEXECUTED` datetime NOT NULL,
  `ORDEREXECUTED` int(11) NOT NULL,
  `EXECTYPE` varchar(10) NOT NULL,
  `MD5SUM` varchar(35) DEFAULT NULL,
  `DESCRIPTION` varchar(255) DEFAULT NULL,
  `COMMENTS` varchar(255) DEFAULT NULL,
  `TAG` varchar(255) DEFAULT NULL,
  `LIQUIBASE` varchar(20) DEFAULT NULL,
  `CONTEXTS` varchar(255) DEFAULT NULL,
  `LABELS` varchar(255) DEFAULT NULL,
  `DEPLOYMENT_ID` varchar(10) DEFAULT NULL
) ENGINE=InnoDB DEFAULT CHARSET=latin1;
/*!40101 SET character_set_client = @saved_cs_client */;

--
-- Dumping data for table `databasechangelog`
--

LOCK TABLES `databasechangelog` WRITE;
/*!40000 ALTER TABLE `databasechangelog` DISABLE KEYS */;
INSERT INTO `databasechangelog` VALUES ('S-0.1.0-santeindiv-table-produit','','/home/jenkins/workspace/TAF_TAF_Y4_santeindiv_master/target/classes/db/changelog/0.1.0/schema/produit.xml','2020-09-07 14:32:29',1,'EXECUTED','8:f1132a433e7732b11b5ea9ece77a3934','createTable tableName=produit','',NULL,'3.8.9',NULL,NULL,'9481948162'),('S-0.1.0-santeindiv-table-regime-de-sante','','/home/jenkins/workspace/TAF_TAF_Y4_santeindiv_master/target/classes/db/changelog/0.1.0/schema/regime_de_sante.xml','2020-09-07 14:32:29',2,'EXECUTED','8:06b1583854c1dd2635bb97c04fd1f082','createTable tableName=regime_de_sante','',NULL,'3.8.9',NULL,NULL,'9481948162'),('R-0.1.0-santeindiv-insert-produit','','/home/jenkins/workspace/TAF_TAF_Y4_santeindiv_master/target/classes/db/changelog/0.1.0/referential/produit.xml','2020-09-07 14:32:29',3,'EXECUTED','8:6006ab5ec50ee22ea330173991ac0c3a','insert tableName=produit','',NULL,'3.8.9',NULL,NULL,'9481948162'),('R-0.1.0-santeindiv-insert-regime-de-sante','','/home/jenkins/workspace/TAF_TAF_Y4_santeindiv_master/target/classes/db/changelog/0.1.0/referential/regime_de_sante.xml','2020-09-07 14:32:29',4,'EXECUTED','8:6f79b8ab7abb3e97c98a6a07f73f07d7','insert tableName=regime_de_sante; insert tableName=regime_de_sante','',NULL,'3.8.9',NULL,NULL,'9481948162'),('0.1.0','','db.changelog-master.xml','2020-09-07 14:32:29',5,'EXECUTED','8:10ed02f45e6d19a7b13268122b2d0600','tagDatabase','','0.1.0','3.8.9',NULL,NULL,'9481948162'),('S-0.2.0-santeindiv-departement-create','','/home/jenkins/workspace/TAF_TAF_Y4_santeindiv_master/target/classes/db/changelog/0.2.0/schema/departement.xml','2020-09-07 14:32:29',6,'EXECUTED','8:43c4044d191165905b155b36ef0cdfac','createTable tableName=departement','',NULL,'3.8.9',NULL,NULL,'9481948162'),('S-0.2.0-santeindiv-eligibilite-produit-create','','/home/jenkins/workspace/TAF_TAF_Y4_santeindiv_master/target/classes/db/changelog/0.2.0/schema/eligibilite_produit.xml','2020-09-07 14:32:29',7,'EXECUTED','8:a7e421b6cc5d433debd4ad00e3d84cac','createTable tableName=eligibilite_produit','',NULL,'3.8.9',NULL,NULL,'9481948162'),('R-0.2.0-santeindiv-departement-insert','','/home/jenkins/workspace/TAF_TAF_Y4_santeindiv_master/target/classes/db/changelog/0.2.0/referential/departement.xml','2020-09-07 14:32:29',8,'EXECUTED','8:40b3dc713df7dc9976ec7cceffaf2e2d','loadData tableName=departement','',NULL,'3.8.9',NULL,NULL,'9481948162'),('R-0.2.0-santeindiv-eligibilite-produit-create','','/home/jenkins/workspace/TAF_TAF_Y4_santeindiv_master/target/classes/db/changelog/0.2.0/referential/eligibilite_produit.xml','2020-09-07 14:32:30',9,'EXECUTED','8:bc67f28e1245eeedc0c4d3f7594ab8d7','insert tableName=eligibilite_produit','',NULL,'3.8.9',NULL,NULL,'9481948162'),('0.2.0','','db.changelog-master.xml','2020-09-07 14:32:30',10,'EXECUTED','8:de41950fa311e7f7230690cb3ba5d96f','tagDatabase','','0.2.0','3.8.9',NULL,NULL,'9481948162'),('S-0.3.0-santeindiv-table-formule-socle','','/home/jenkins/workspace/TAF_TAF_Y4_santeindiv_master/target/classes/db/changelog/0.3.0/schema/formule_socle.xml','2020-09-07 14:32:30',11,'EXECUTED','8:629848d7e4585ab2fd16bbdd2acf348f','createTable tableName=formule_socle','',NULL,'3.8.9',NULL,NULL,'9481948162'),('R-0.3.0-santeindiv-insert-formule-socle','','/home/jenkins/workspace/TAF_TAF_Y4_santeindiv_master/target/classes/db/changelog/0.3.0/referential/formule_socle.xml','2020-09-07 14:32:30',12,'EXECUTED','8:ad7f8c007c46a08c3479d6d12e1d1413','insert tableName=formule_socle; insert tableName=formule_socle; insert tableName=formule_socle; insert tableName=formule_socle; insert tableName=formule_socle','',NULL,'3.8.9',NULL,NULL,'9481948162'),('0.3.0','','db.changelog-master.xml','2020-09-07 14:32:30',13,'EXECUTED','8:b6b6fd59ee5eec3925128642b2723dcb','tagDatabase','','0.3.0','3.8.9',NULL,NULL,'9481948162'),('S-0.4.0-santeindiv-table-formule','','/home/jenkins/workspace/TAF_TAF_Y4_santeindiv_master/target/classes/db/changelog/0.4.0/schema/formule.xml','2020-09-07 14:32:30',14,'EXECUTED','8:2e81f2f0b396bd3c5a6076ec701ef126','createTable tableName=formule; addPrimaryKey tableName=formule','',NULL,'3.8.9',NULL,NULL,'9481948162'),('R-0.4.0-santeindiv-insert-formule','','/home/jenkins/workspace/TAF_TAF_Y4_santeindiv_master/target/classes/db/changelog/0.4.0/referential/formule.xml','2020-09-07 14:32:31',15,'EXECUTED','8:c29444f1d2911271f47213bacab597a3','loadData tableName=formule','',NULL,'3.8.9',NULL,NULL,'9481948162'),('0.4.0','','db.changelog-master.xml','2020-09-07 14:32:31',16,'EXECUTED','8:29e3e43caa0c96f3a84522efd8d18c43','tagDatabase','','0.4.0','3.8.9',NULL,NULL,'9481948162'),('S-0.5.0-santeindiv-table-assureur','','/home/jenkins/workspace/TAF_TAF_Y4_santeindiv_master/target/classes/db/changelog/0.5.0/schema/assureur.xml','2020-09-07 14:32:31',17,'EXECUTED','8:efdb13ce53bd700143c33d4fbf0b5e95','createTable tableName=assureur','',NULL,'3.8.9',NULL,NULL,'9481948162'),('S-0.5.0-santeindiv-table-produit-assureur','','/home/jenkins/workspace/TAF_TAF_Y4_santeindiv_master/target/classes/db/changelog/0.5.0/schema/produit_assureur.xml','2020-09-07 14:32:31',18,'EXECUTED','8:1ad29b57f09db4dbaf7a8d75a4630b2f','createTable tableName=produit_assureur; addPrimaryKey tableName=produit_assureur','',NULL,'3.8.9',NULL,NULL,'9481948162'),('R-0.5.0-santeindiv-insert-assureur','','/home/jenkins/workspace/TAF_TAF_Y4_santeindiv_master/target/classes/db/changelog/0.5.0/referential/assureur.xml','2020-09-07 14:32:31',19,'EXECUTED','8:b3e17d15bca415ba4c83e2e9ea0aeb36','insert tableName=assureur; insert tableName=assureur; insert tableName=assureur','',NULL,'3.8.9',NULL,NULL,'9481948162'),('R-0.5.0-santeindiv-insert-produit-assureur','','/home/jenkins/workspace/TAF_TAF_Y4_santeindiv_master/target/classes/db/changelog/0.5.0/referential/produit_assureur.xml','2020-09-07 14:32:32',20,'EXECUTED','8:47ce6411d8340b0c6a7456eeb16faea1','insert tableName=produit_assureur; insert tableName=produit_assureur; insert tableName=produit_assureur','',NULL,'3.8.9',NULL,NULL,'9481948162'),('0.5.0','','db.changelog-master.xml','2020-09-07 14:32:32',21,'EXECUTED','8:3fde2dcc10ec8583c3960239d0f0363c','tagDatabase','','0.5.0','3.8.9',NULL,NULL,'9481948162'),('S-0.6.0-santeindiv-table-type_garantie','','/home/jenkins/workspace/TAF_TAF_Y4_santeindiv_master/target/classes/db/changelog/0.6.0/schema/type_garantie.xml','2020-09-07 14:32:32',22,'EXECUTED','8:4b7eac0234b8e15f1fcb3321498f67ba','createTable tableName=type_garantie','',NULL,'3.8.9',NULL,NULL,'9481948162'),('S-0.6.0-santeindiv-table-type_libelle_garantie','','/home/jenkins/workspace/TAF_TAF_Y4_santeindiv_master/target/classes/db/changelog/0.6.0/schema/type_libelle_garantie.xml','2020-09-07 14:32:32',23,'EXECUTED','8:b21950075e8f8160136aa60a47a9eb97','createTable tableName=type_libelle_garantie','',NULL,'3.8.9',NULL,NULL,'9481948162'),('S-0.6.0-santeindiv-table-unite_prestation','','/home/jenkins/workspace/TAF_TAF_Y4_santeindiv_master/target/classes/db/changelog/0.6.0/schema/unite_prestation.xml','2020-09-07 14:32:32',24,'EXECUTED','8:46d2648b1f896cc9bd1e71398cfa2fda','createTable tableName=unite_prestation','',NULL,'3.8.9',NULL,NULL,'9481948162'),('S-0.6.0-santeindiv-table-garantie','','/home/jenkins/workspace/TAF_TAF_Y4_santeindiv_master/target/classes/db/changelog/0.6.0/schema/garantie.xml','2020-09-07 14:32:32',25,'EXECUTED','8:e9513fe0e33d1a6faf1942eaa40089f3','createTable tableName=garantie; addPrimaryKey tableName=garantie','',NULL,'3.8.9',NULL,NULL,'9481948162'),('S-0.6.0-santeindiv-table-garantie','','/home/jenkins/workspace/TAF_TAF_Y4_santeindiv_master/target/classes/db/changelog/0.6.0/schema/prestation.xml','2020-09-07 14:32:33',26,'EXECUTED','8:e70ddaa060f77b9b158233243a6360cf','createTable tableName=prestation; addPrimaryKey tableName=prestation','',NULL,'3.8.9',NULL,NULL,'9481948162'),('R-0.6.0-santeindiv-insert-table-type_garantie','','/home/jenkins/workspace/TAF_TAF_Y4_santeindiv_master/target/classes/db/changelog/0.6.0/referential/type_garantie.xml','2020-09-07 14:32:33',27,'EXECUTED','8:f2ccf5e32973941db83b8c1ab02f4a4f','loadData tableName=type_garantie','',NULL,'3.8.9',NULL,NULL,'9481948162'),('R-0.6.0-santeindiv-insert-table-type_libelle_garantie','','/home/jenkins/workspace/TAF_TAF_Y4_santeindiv_master/target/classes/db/changelog/0.6.0/referential/type_libelle_garantie.xml','2020-09-07 14:32:33',28,'EXECUTED','8:b625d26e5d202e443d4c2a8cb54eaa8f','loadData tableName=type_libelle_garantie','',NULL,'3.8.9',NULL,NULL,'9481948162'),('R-0.6.0-santeindiv-insert-table-garantie','','/home/jenkins/workspace/TAF_TAF_Y4_santeindiv_master/target/classes/db/changelog/0.6.0/referential/garantie.xml','2020-09-07 14:32:34',29,'EXECUTED','8:b338bcf369c3448d306cc93c0c64cb03','loadData tableName=garantie','',NULL,'3.8.9',NULL,NULL,'9481948162'),('R-0.6.0-santeindiv-insert-unite_prestation','','/home/jenkins/workspace/TAF_TAF_Y4_santeindiv_master/target/classes/db/changelog/0.6.0/referential/unite_prestation.xml','2020-09-07 14:32:34',30,'EXECUTED','8:94d7213cf93969b81a469ccf94edf30d','loadData tableName=unite_prestation','',NULL,'3.8.9',NULL,NULL,'9481948162'),('R-0.6.0-santeindiv-insert-prestation','','/home/jenkins/workspace/TAF_TAF_Y4_santeindiv_master/target/classes/db/changelog/0.6.0/referential/prestation.xml','2020-09-07 14:32:37',31,'EXECUTED','8:06735aef12b380aeaa6ef9549e57a032','loadData tableName=prestation','',NULL,'3.8.9',NULL,NULL,'9481948162'),('0.6.0','','db.changelog-master.xml','2020-09-07 14:32:37',32,'EXECUTED','8:38f4460df8eb51b5c45082a45e56cc74','tagDatabase','','0.6.0','3.8.9',NULL,NULL,'9481948162'),('S-0.7.0-santeindiv-table-coefficient_departemental','','/home/jenkins/workspace/TAF_TAF_Y4_santeindiv_master/target/classes/db/changelog/0.7.0/schema/coefficient_departemental.xml','2020-09-07 14:32:37',33,'EXECUTED','8:2ae51379233da06d3e2afef4c031d44a','createTable tableName=coefficient_departemental; addPrimaryKey tableName=coefficient_departemental','',NULL,'3.8.9',NULL,NULL,'9481948162'),('S-0.7.0-santeindiv-table-coefficient_adhesion_tardive','','/home/jenkins/workspace/TAF_TAF_Y4_santeindiv_master/target/classes/db/changelog/0.7.0/schema/coefficient_adhesion_tardive.xml','2020-09-07 14:32:38',34,'EXECUTED','8:80e679a349b86e70c74ed52c875c1e46','createTable tableName=coefficient_adhesion_tardive; addPrimaryKey tableName=coefficient_adhesion_tardive','',NULL,'3.8.9',NULL,NULL,'9481948162'),('S-0.7.0-santeindiv-table-tarif_dt_formule_socle','','/home/jenkins/workspace/TAF_TAF_Y4_santeindiv_master/target/classes/db/changelog/0.7.0/schema/tarif_dt_formule_socle.xml','2020-09-07 14:32:38',35,'EXECUTED','8:11e9607fefec1ae59f4630eb00cd2ae2','createTable tableName=tarif_dt_formule_socle; addPrimaryKey tableName=tarif_dt_formule_socle','',NULL,'3.8.9',NULL,NULL,'9481948162'),('S-0.7.0-santeindiv-table-tarif_dt_option','','/home/jenkins/workspace/TAF_TAF_Y4_santeindiv_master/target/classes/db/changelog/0.7.0/schema/tarif_dt_option.xml','2020-09-07 14:32:39',36,'EXECUTED','8:542134293db02b6c2cd4bc8b59974ab7','createTable tableName=tarif_dt_option; addPrimaryKey tableName=tarif_dt_option','',NULL,'3.8.9',NULL,NULL,'9481948162'),('S-0.7.0-santeindiv-table-taux_reduction_eco','','/home/jenkins/workspace/TAF_TAF_Y4_santeindiv_master/target/classes/db/changelog/0.7.0/schema/taux_reduction_eco.xml','2020-09-07 14:32:39',37,'EXECUTED','8:e380d47e752acf0b09ca783b7b9f9756','createTable tableName=taux_reduction_eco; addPrimaryKey tableName=taux_reduction_eco','',NULL,'3.8.9',NULL,NULL,'9481948162'),('R-0.7.0-santeindiv-insert-coefficient_departemental','','/home/jenkins/workspace/TAF_TAF_Y4_santeindiv_master/target/classes/db/changelog/0.7.0/referential/coefficient_departemental.xml','2020-09-07 14:32:39',38,'EXECUTED','8:82ee66977c0a729c5767011037bdf82c','loadData tableName=coefficient_departemental','',NULL,'3.8.9',NULL,NULL,'9481948162'),('R-0.7.0-santeindiv-insert-coefficient_adhesion_tardive','','/home/jenkins/workspace/TAF_TAF_Y4_santeindiv_master/target/classes/db/changelog/0.7.0/referential/coefficient_adhesion_tardive.xml','2020-09-07 14:32:39',39,'EXECUTED','8:6419d71c555fbc5fd244683a060e2e7e','loadData tableName=coefficient_adhesion_tardive','',NULL,'3.8.9',NULL,NULL,'9481948162'),('R-0.7.0-santeindiv-insert-unite_prestation','','/home/jenkins/workspace/TAF_TAF_Y4_santeindiv_master/target/classes/db/changelog/0.7.0/referential/unite_prestation.xml','2020-09-07 14:32:39',40,'EXECUTED','8:7d6d05264e083c33492f08bef6e5f822','insert tableName=unite_prestation','',NULL,'3.8.9',NULL,NULL,'9481948162'),('R-0.7.0-santeindiv-insert-tarif_dt_option','','/home/jenkins/workspace/TAF_TAF_Y4_santeindiv_master/target/classes/db/changelog/0.7.0/referential/tarif_dt_option.xml','2020-09-07 14:32:39',41,'EXECUTED','8:a7238e5c345effafe28bad9bcbc72765','loadData tableName=tarif_dt_option','',NULL,'3.8.9',NULL,NULL,'9481948162'),('R-0.7.0-santeindiv-insert-tarif_dt_formule_socle','','/home/jenkins/workspace/TAF_TAF_Y4_santeindiv_master/target/classes/db/changelog/0.7.0/referential/tarif_dt_formule_socle.xml','2020-09-07 14:32:43',42,'EXECUTED','8:dd53f43926976192556fae6e5148b4c4','loadData tableName=tarif_dt_formule_socle','',NULL,'3.8.9',NULL,NULL,'9481948162'),('R-0.7.0-santeindiv-insert-taux_reduction_eco','','/home/jenkins/workspace/TAF_TAF_Y4_santeindiv_master/target/classes/db/changelog/0.7.0/referential/taux_reduction_eco.xml','2020-09-07 14:32:43',43,'EXECUTED','8:4d743b768e13f2da7334f3032a792023','loadData tableName=taux_reduction_eco','',NULL,'3.8.9',NULL,NULL,'9481948162'),('0.7.0','','db.changelog-master.xml','2020-09-07 14:32:43',44,'EXECUTED','8:22577a2608737ca61079ab4dc952a454','tagDatabase','','0.7.0','3.8.9',NULL,NULL,'9481948162'),('S-0.8.0-santeindiv-table-type_formule','','/home/jenkins/workspace/TAF_TAF_Y4_santeindiv_master/target/classes/db/changelog/0.8.0/schema/type_formule.xml','2020-09-07 14:32:44',45,'EXECUTED','8:b902875a7173034e8edff1ec04ab4bd7','createTable tableName=type_formule; addPrimaryKey tableName=type_formule','',NULL,'3.8.9',NULL,NULL,'9481948162'),('R-0.8.0-santeindiv-insert-type_formule','','/home/jenkins/workspace/TAF_TAF_Y4_santeindiv_master/target/classes/db/changelog/0.8.0/referential/type_formule.xml','2020-09-07 14:32:44',46,'EXECUTED','8:cfd8474cb6c52c7fe9861f99f8742cd2','loadData tableName=type_formule','',NULL,'3.8.9',NULL,NULL,'9481948162'),('R-0.8.0-santeindiv-update-options','','/home/jenkins/workspace/TAF_TAF_Y4_santeindiv_master/target/classes/db/changelog/0.8.0/referential/maj_formule.xml','2020-09-07 14:32:44',47,'EXECUTED','8:3df2d150065bd4a8971ebc13a1121ef0','sql','',NULL,'3.8.9',NULL,NULL,'9481948162'),('R-0.8.0-santeindiv-update-formule_formule-socle','','/home/jenkins/workspace/TAF_TAF_Y4_santeindiv_master/target/classes/db/changelog/0.8.0/referential/maj_formule.xml','2020-09-07 14:32:44',48,'EXECUTED','8:7d3d7360b4d98b35184d8f6149346aab','sql','',NULL,'3.8.9',NULL,NULL,'9481948162'),('R-0.8.0-santeindiv-update-formule_fomule-eco','','/home/jenkins/workspace/TAF_TAF_Y4_santeindiv_master/target/classes/db/changelog/0.8.0/referential/maj_formule.xml','2020-09-07 14:32:44',49,'EXECUTED','8:c32205a528e097dda22b58b554b42c1a','sql','',NULL,'3.8.9',NULL,NULL,'9481948162'),('R-0.8.0-santeindiv-delete-tarif_dt_option','','/home/jenkins/workspace/TAF_TAF_Y4_santeindiv_master/target/classes/db/changelog/0.8.0/referential/suppression_tarif_dt_option.xml','2020-09-07 14:32:44',50,'EXECUTED','8:98cd19e2f07d128f76cd670c8d8a0687','delete tableName=tarif_dt_option','',NULL,'3.8.9',NULL,NULL,'9481948162'),('0.8.0','','db.changelog-master.xml','2020-09-07 14:32:44',51,'EXECUTED','8:cce380e5aa9be2610faccbba7290d7c0','tagDatabase','','0.8.0','3.8.9',NULL,NULL,'9481948162'),('S-0.8.1-santeindiv-alter-table-formule','','/home/jenkins/workspace/TAF_TAF_Y4_santeindiv_master/target/classes/db/changelog/0.8.1/schema/maj_formule.xml','2020-09-07 14:32:45',52,'EXECUTED','8:ce01f4bcda8e10dbefe3861e9c727545','modifyDataType columnName=type, tableName=formule; addForeignKeyConstraint baseTableName=formule, constraintName=formule_a_type_formule_fk, referencedTableName=type_formule','',NULL,'3.8.9',NULL,NULL,'9481948162'),('S-0.8.0-santeindiv-maj-table-tarif_dt_option','','/home/jenkins/workspace/TAF_TAF_Y4_santeindiv_master/target/classes/db/changelog/0.8.1/schema/maj_tarif_dt_option.xml','2020-09-07 14:32:46',53,'EXECUTED','8:9b80b3f002ed16d3d674e2ffd12cfc73','addForeignKeyConstraint baseTableName=tarif_dt_option, constraintName=tarif_dt_option_a_formule_fk, referencedTableName=formule','',NULL,'3.8.9',NULL,NULL,'9481948162'),('R-0.8.1-santeindiv-insertion-tarif_dt_option','','/home/jenkins/workspace/TAF_TAF_Y4_santeindiv_master/target/classes/db/changelog/0.8.1/referential/tarif_dt_option.xml','2020-09-07 14:32:46',54,'EXECUTED','8:6c2ff8d28963a9710396867d5cb73ebf','insert tableName=tarif_dt_option; insert tableName=tarif_dt_option','',NULL,'3.8.9',NULL,NULL,'9481948162'),('0.8.1','','db.changelog-master.xml','2020-09-07 14:32:46',55,'EXECUTED','8:d5e94f58a7507c10bb048d722f1ab0ca','tagDatabase','','0.8.1','3.8.9',NULL,NULL,'9481948162'),('S-0.9.0-santeindiv-creation-table-type-reduction-standard','','/home/jenkins/workspace/TAF_TAF_Y4_santeindiv_master/target/classes/db/changelog/0.9.0/schema/type_reduction_standard.xml','2020-09-07 14:32:46',56,'EXECUTED','8:952f2131ee78e0be0be9099226a2a9cf','createTable tableName=type_reduction_standard','',NULL,'3.8.9',NULL,NULL,'9481948162'),('S-0.9.0-santeindiv-table-taux_reduction_cotisation','','/home/jenkins/workspace/TAF_TAF_Y4_santeindiv_master/target/classes/db/changelog/0.9.0/schema/taux_reduction_cotisation.xml','2020-09-07 14:32:47',57,'EXECUTED','8:26a2adea80493db4bba00cf13b5df23d','createTable tableName=taux_reduction_cotisation; addPrimaryKey tableName=taux_reduction_cotisation','',NULL,'3.8.9',NULL,NULL,'9481948162'),('R-0.9.0-insert-type-reduction-standard','','/home/jenkins/workspace/TAF_TAF_Y4_santeindiv_master/target/classes/db/changelog/0.9.0/referential/type_reduction_standard.xml','2020-09-07 14:32:47',58,'EXECUTED','8:4b60865d288ea0607f6a42a8b2a0582f','insert tableName=type_reduction_standard; insert tableName=type_reduction_standard; insert tableName=type_reduction_standard','',NULL,'3.8.9',NULL,NULL,'9481948162'),('R-0.9.0-taux_reduction_cotisation-insert','','/home/jenkins/workspace/TAF_TAF_Y4_santeindiv_master/target/classes/db/changelog/0.9.0/referential/taux_reduction_cotisation.xml','2020-09-07 14:32:47',59,'EXECUTED','8:b51cd6ed687c0f9c158f4ae3dc53c27b','insert tableName=taux_reduction_cotisation; insert tableName=taux_reduction_cotisation; insert tableName=taux_reduction_cotisation','',NULL,'3.8.9',NULL,NULL,'9481948162'),('0.9.0','','db.changelog-master.xml','2020-09-07 14:32:47',60,'EXECUTED','8:1e7445cfa0c25e80c774a6d2f73c2e50','tagDatabase','','0.9.0','3.8.9',NULL,NULL,'9481948162'),('R-0.10.0-santeindiv-coefficient-departement-oublie-corse','','/home/jenkins/workspace/TAF_TAF_Y4_santeindiv_master/target/classes/db/changelog/0.10.0/referential/coefficient_departemental.xml','2020-09-07 14:32:47',61,'EXECUTED','8:f217150870dcd6784bf00f530380eb77','insert tableName=coefficient_departemental; insert tableName=coefficient_departemental','',NULL,'3.8.9',NULL,NULL,'9481948162'),('0.10.0','','db.changelog-master.xml','2020-09-07 14:32:47',62,'EXECUTED','8:2daa5e9aa58f45c01af62b3842960684','tagDatabase','','0.10.0','3.8.9',NULL,NULL,'9481948162'),('S-0.11.0-santeindiv-creation-table-type-reduction-temporaire','','/home/jenkins/workspace/TAF_TAF_Y4_santeindiv_master/target/classes/db/changelog/0.11.0/schema/type_reduction_temporaire.xml','2020-09-07 14:32:47',63,'EXECUTED','8:406016d1fb8e546c330f605db9f69cec','createTable tableName=type_reduction_temporaire','',NULL,'3.8.9',NULL,NULL,'9481948162'),('S-0.11.0-santeindiv-creation-table-produit-type-reduction-temporaire','','/home/jenkins/workspace/TAF_TAF_Y4_santeindiv_master/target/classes/db/changelog/0.11.0/schema/produit_type_reduction_temporaire.xml','2020-09-07 14:32:48',64,'EXECUTED','8:0c2e49e18009a9cfbe16cda921f021db','createTable tableName=produit_type_reduction_temporaire; addPrimaryKey tableName=produit_type_reduction_temporaire','',NULL,'3.8.9',NULL,NULL,'9481948162'),('S-0.11.0-creation-table-information-complementaire','','/home/jenkins/workspace/TAF_TAF_Y4_santeindiv_master/target/classes/db/changelog/0.11.0/schema/information_complementaire.xml','2020-09-07 14:32:48',65,'EXECUTED','8:09c63f1e3ce9b86cbf41f5983912f5d6','createTable tableName=information_complementaire','',NULL,'3.8.9',NULL,NULL,'9481948162'),('R-0.11.0-insert-type-reduction-temporaire','','/home/jenkins/workspace/TAF_TAF_Y4_santeindiv_master/target/classes/db/changelog/0.11.0/referential/type_reduction_temporaire.xml','2020-09-07 14:32:48',66,'EXECUTED','8:40b8601df43d2dc2b23c4cd79bf13fd2','insert tableName=type_reduction_temporaire; insert tableName=type_reduction_temporaire','',NULL,'3.8.9',NULL,NULL,'9481948162'),('R-0.11.0-insert-type-produit-reduction-temporaire','','/home/jenkins/workspace/TAF_TAF_Y4_santeindiv_master/target/classes/db/changelog/0.11.0/referential/produit_type_reduction_temporaire.xml','2020-09-07 14:32:48',67,'EXECUTED','8:09d1b9153bcb2dd1593d62a245eb8ec0','insert tableName=produit_type_reduction_temporaire; insert tableName=produit_type_reduction_temporaire','',NULL,'3.8.9',NULL,NULL,'9481948162'),('R-0.11.0-inserer-information-complementaire','','/home/jenkins/workspace/TAF_TAF_Y4_santeindiv_master/target/classes/db/changelog/0.11.0/referential/information_complementaire.xml','2020-09-07 14:32:48',68,'EXECUTED','8:65cff6ff37d71c9a152dd3d7273a926d','insert tableName=information_complementaire','',NULL,'3.8.9',NULL,NULL,'9481948162'),('0.11.0','','db.changelog-master.xml','2020-09-07 14:32:48',69,'EXECUTED','8:3b16238d899ac16ffef75ad953887223','tagDatabase','','0.11.0','3.8.9',NULL,NULL,'9481948162'),('R-0.12.0-santeindiv-update-garantie','','/home/jenkins/workspace/TAF_TAF_Y4_santeindiv_master/target/classes/db/changelog/0.12.0/referential/garantie.xml','2020-09-07 14:32:48',70,'EXECUTED','8:d0f7e97d50696fbc51f3b46effaae52d','update tableName=garantie','',NULL,'3.8.9',NULL,NULL,'9481948162'),('0.12.0','','db.changelog-master.xml','2020-09-07 14:32:48',71,'EXECUTED','8:3dfb85c459b8f237a97e097c62205d70','tagDatabase','','0.12.0','3.8.9',NULL,NULL,'9481948162'),('S-0.13.0-eco','','/home/jenkins/workspace/TAF_TAF_Y4_santeindiv_master/target/classes/db/changelog/0.13.0/schema/eco.xml','2020-09-07 14:32:48',72,'EXECUTED','8:8f2120aeaca35ea3b50c55dbb9094929','createTable tableName=eco','',NULL,'3.8.9',NULL,NULL,'9481948162'),('S-0.13.0-eco','','/home/jenkins/workspace/TAF_TAF_Y4_santeindiv_master/target/classes/db/changelog/0.13.0/schema/formule_a_des_ecos.xml','2020-09-07 14:32:49',73,'EXECUTED','8:3be2d68af242bd5e30e5ae6272e0eb10','createTable tableName=formule_a_des_ecos; addForeignKeyConstraint baseTableName=formule_a_des_ecos, constraintName=formule_a_des_ecos-formule-fk, referencedTableName=formule; addForeignKeyConstraint baseTableName=formule_a_des_ecos, constraintName...','',NULL,'3.8.9',NULL,NULL,'9481948162'),('R-0.13.0-eco','','/home/jenkins/workspace/TAF_TAF_Y4_santeindiv_master/target/classes/db/changelog/0.13.0/referential/eco.xml','2020-09-07 14:32:49',74,'EXECUTED','8:9f389aab1ec4e0418acab64a99a9d01f','insert tableName=eco; insert tableName=eco; insert tableName=eco','',NULL,'3.8.9',NULL,NULL,'9481948162'),('R-0.4.0-santeindiv-formule_a_des_ecos','','/home/jenkins/workspace/TAF_TAF_Y4_santeindiv_master/target/classes/db/changelog/0.13.0/referential/formule_a_des_ecos.xml','2020-09-07 14:32:50',75,'EXECUTED','8:4e5e53aad5d9d79a7b35fc78f855cdc4','loadData tableName=formule_a_des_ecos','',NULL,'3.8.9',NULL,NULL,'9481948162'),('0.13.0','','db.changelog-master.xml','2020-09-07 14:32:50',76,'EXECUTED','8:c1385c02ff80d2a5689e93035397c8cc','tagDatabase','','0.13.0','3.8.9',NULL,NULL,'9481948162'),('S-0.14.0-note_bas_page','','/home/jenkins/workspace/TAF_TAF_Y4_santeindiv_master/target/classes/db/changelog/0.14.0/schema/note_bas_page.xml','2020-09-07 14:32:50',77,'EXECUTED','8:ae2ab39a5b17c469c91dbf53161b1346','createTable tableName=note_bas_page','',NULL,'3.8.9',NULL,NULL,'9481948162'),('R-0.14.0-note_bas_page','','/home/jenkins/workspace/TAF_TAF_Y4_santeindiv_master/target/classes/db/changelog/0.14.0/referential/note_bas_page.xml','2020-09-07 14:32:50',78,'EXECUTED','8:b2c3f31a726719cdb147ac2b0f17abb0','loadData tableName=note_bas_page','',NULL,'3.8.9',NULL,NULL,'9481948162'),('0.14.0','','db.changelog-master.xml','2020-09-07 14:32:50',79,'EXECUTED','8:65444f4be7e6db5e43929e4ea132979d','tagDatabase','','0.14.0','3.8.9',NULL,NULL,'9481948162'),('S-0.15.0-ajout-formule-est-responsable','','/home/jenkins/workspace/TAF_TAF_Y4_santeindiv_master/target/classes/db/changelog/0.15.0/schema/formule_socle.xml','2020-09-07 14:32:50',80,'EXECUTED','8:eafb5ccb2c6a7407958e04b5c7088866','addColumn tableName=formule_socle','',NULL,'3.8.9',NULL,NULL,'9481948162'),('S-0.15.0-creation-taux_taxe_solidarite_additionnelle','','/home/jenkins/workspace/TAF_TAF_Y4_santeindiv_master/target/classes/db/changelog/0.15.0/schema/taux_taxe_solidarite_additionnelle.xml','2020-09-07 14:32:50',81,'EXECUTED','8:d457bda7a43a735ff0d662667c55883f','createTable tableName=taux_taxe_solidarite_additionnelle; addPrimaryKey tableName=taux_taxe_solidarite_additionnelle','',NULL,'3.8.9',NULL,NULL,'9481948162'),('R-0.15.0-update-est-formule-responsable-confort','','/home/jenkins/workspace/TAF_TAF_Y4_santeindiv_master/target/classes/db/changelog/0.15.0/referential/formule_socle.xml','2020-09-07 14:32:50',82,'EXECUTED','8:77621f570bcffaffb8593d88d51a0b64','update tableName=formule_socle','',NULL,'3.8.9',NULL,NULL,'9481948162'),('R-0.15.0-update-est-formule-responsable-hospi','','/home/jenkins/workspace/TAF_TAF_Y4_santeindiv_master/target/classes/db/changelog/0.15.0/referential/formule_socle.xml','2020-09-07 14:32:51',83,'EXECUTED','8:4ca8e9613e86fdd4d6181034f00c6e13','update tableName=formule_socle','',NULL,'3.8.9',NULL,NULL,'9481948162'),('R-0.15.0-insert-taux_taxe_solidarite_additionnelle','','/home/jenkins/workspace/TAF_TAF_Y4_santeindiv_master/target/classes/db/changelog/0.15.0/referential/taux_taxe_solidarite_additionnelle.xml','2020-09-07 14:32:51',84,'EXECUTED','8:189299a43bcfa68873f2dab5715ba81a','insert tableName=taux_taxe_solidarite_additionnelle; insert tableName=taux_taxe_solidarite_additionnelle','',NULL,'3.8.9',NULL,NULL,'9481948162'),('0.15.0','','db.changelog-master.xml','2020-09-07 14:32:51',85,'EXECUTED','8:38a7b4e648e1d383c507d8548959cbd3','tagDatabase','','0.15.0','3.8.9',NULL,NULL,'9481948162'),('S-0.16.0-changement-cle-technique-prestation','','/home/jenkins/workspace/TAF_TAF_Y4_santeindiv_master/target/classes/db/changelog/0.16.0/schema/prestation.xml','2020-09-07 14:32:51',86,'EXECUTED','8:c81e7cd238ff8c022b79aa711120e225','dropTable tableName=prestation; createTable tableName=prestation; addPrimaryKey tableName=prestation','',NULL,'3.8.9',NULL,NULL,'9481948162'),('R-0.16.0-santeindiv-insert-prestation','','/home/jenkins/workspace/TAF_TAF_Y4_santeindiv_master/target/classes/db/changelog/0.16.0/referential/prestation.xml','2020-09-07 14:33:01',87,'EXECUTED','8:06735aef12b380aeaa6ef9549e57a032','loadData tableName=prestation','',NULL,'3.8.9',NULL,NULL,'9481948162'),('0.16.0','','db.changelog-master.xml','2020-09-07 14:33:01',88,'EXECUTED','8:f4f1577926633a0bbab72c87240d3765','tagDatabase','','0.16.0','3.8.9',NULL,NULL,'9481948162'),('S-0.17.0-ajout-colonne-type_garantie','','/home/jenkins/workspace/TAF_TAF_Y4_santeindiv_master/target/classes/db/changelog/0.17.0/schema/type_garantie.xml','2020-09-07 14:33:01',89,'EXECUTED','8:c2b972f698b1b03ddf07810a6ed469aa','addColumn tableName=type_garantie','',NULL,'3.8.9',NULL,NULL,'9481948162'),('R-0.17.0-update-ordre-type_garantie','','/home/jenkins/workspace/TAF_TAF_Y4_santeindiv_master/target/classes/db/changelog/0.17.0/referential/type_garantie.xml','2020-09-07 14:33:02',90,'EXECUTED','8:c1f1fd0bfdee5ec2090b738cdc0b911f','update tableName=type_garantie; update tableName=type_garantie; update tableName=type_garantie; update tableName=type_garantie; update tableName=type_garantie; update tableName=type_garantie; update tableName=type_garantie','',NULL,'3.8.9',NULL,NULL,'9481948162'),('0.17.0','','db.changelog-master.xml','2020-09-07 14:33:02',91,'EXECUTED','8:e709b60345d5a9e54576b467b1a7fe58','tagDatabase','','0.17.0','3.8.9',NULL,NULL,'9481948162'),('S-0.18.0-santeindiv-create-formule_recommandee','','/home/jenkins/workspace/TAF_TAF_Y4_santeindiv_master/target/classes/db/changelog/0.18.0/schema/formule_recommandee.xml','2020-09-07 14:33:02',92,'EXECUTED','8:02a8b1b542b61846e0c3dff16cc94774','createTable tableName=formule_recommandee; addPrimaryKey tableName=formule_recommandee','',NULL,'3.8.9',NULL,NULL,'9481948162'),('R-0.18.0-santeindiv-insert-formule_recommandee','','/home/jenkins/workspace/TAF_TAF_Y4_santeindiv_master/target/classes/db/changelog/0.18.0/referential/formule_recommandee.xml','2020-09-07 14:33:08',93,'EXECUTED','8:9461708357543bf5e40332c1f9648bab','loadData tableName=formule_recommandee','',NULL,'3.8.9',NULL,NULL,'9481948162'),('0.18.0','','db.changelog-master.xml','2020-09-07 14:33:08',94,'EXECUTED','8:33a69c32d1e365af8ef5c1562c5aaf69','tagDatabase','','0.18.0','3.8.9',NULL,NULL,'9481948162'),('S-0.19.0-santeindiv-create-generation-tarif','','/home/jenkins/workspace/TAF_TAF_Y4_santeindiv_master/target/classes/db/changelog/0.19.0/schema/generation_tarif.xml','2020-09-07 14:33:09',95,'EXECUTED','8:e078e78207fac822daeea53343c5e5f4','createTable tableName=generation_tarif','',NULL,'3.8.9',NULL,NULL,'9481948162'),('S-0.19.0-santeindiv-modif-tarif_dt_formule_socle-add-colonnes-id-generation-dates','','/home/jenkins/workspace/TAF_TAF_Y4_santeindiv_master/target/classes/db/changelog/0.19.0/schema/tarif_dt_formule_socle.xml','2020-09-07 14:33:09',96,'EXECUTED','8:cc58f5f977b19f4da6bea4bcd96bb35e','addColumn tableName=tarif_dt_formule_socle','',NULL,'3.8.9',NULL,NULL,'9481948162'),('R-0.19.0-santeindiv-insert-generation-tarif','','/home/jenkins/workspace/TAF_TAF_Y4_santeindiv_master/target/classes/db/changelog/0.19.0/referential/generation_tarif.xml','2020-09-07 14:33:09',97,'EXECUTED','8:0c4b908938732056a9467d665a14a638','insert tableName=generation_tarif','',NULL,'3.8.9',NULL,NULL,'9481948162'),('R-0.19.0-santeindiv-delete-tarif_dt_formule_socle-assureur','','/home/jenkins/workspace/TAF_TAF_Y4_santeindiv_master/target/classes/db/changelog/0.19.0/referential/tarif_dt_formule_socle.xml','2020-09-07 14:33:10',98,'EXECUTED','8:04eb040e86bae82acc4196a461743087','delete tableName=tarif_dt_formule_socle','',NULL,'3.8.9',NULL,NULL,'9481948162'),('R-0.19.0-santeindiv-update-tarif_dt_formule_socle-id-generation','','/home/jenkins/workspace/TAF_TAF_Y4_santeindiv_master/target/classes/db/changelog/0.19.0/referential/tarif_dt_formule_socle.xml','2020-09-07 14:33:10',99,'EXECUTED','8:9c9609d5a7b5e37622dadef08197d13c','update tableName=tarif_dt_formule_socle','',NULL,'3.8.9',NULL,NULL,'9481948162'),('0.19.0','','db.changelog-master.xml','2020-09-07 14:33:10',100,'EXECUTED','8:6e9fd0fdd4e7dd4e3dd589c4782f7f00','tagDatabase','','0.19.0','3.8.9',NULL,NULL,'9481948162'),('S-0.19.1-santeindiv-modif-tarif-dt-formule-socle-ajout-foreign-key','','/home/jenkins/workspace/TAF_TAF_Y4_santeindiv_master/target/classes/db/changelog/0.19.1/schema/tarif_dt_formule_socle.xml','2020-09-07 14:33:10',101,'EXECUTED','8:83cc3d4aeb4093a790d0dec5ae6b660a','addForeignKeyConstraint baseTableName=tarif_dt_formule_socle, constraintName=tarif_dt_formule_socle_a_generation_tarif-fk, referencedTableName=generation_tarif','',NULL,'3.8.9',NULL,NULL,'9481948162'),('S-0.19.1-santeindiv-modif-tarif-dt-formule-socle-drop-foreign-key','','/home/jenkins/workspace/TAF_TAF_Y4_santeindiv_master/target/classes/db/changelog/0.19.1/schema/tarif_dt_formule_socle.xml','2020-09-07 14:33:10',102,'EXECUTED','8:4ea907cbf96d1ac1ba7da9f003c33132','dropForeignKeyConstraint baseTableName=tarif_dt_formule_socle, constraintName=tarif_dt_formule_socle_a_assureur_fk','',NULL,'3.8.9',NULL,NULL,'9481948162'),('S-0.19.1-santeindiv-modif-tarif-dt-formule-socle-drop-primary-key','','/home/jenkins/workspace/TAF_TAF_Y4_santeindiv_master/target/classes/db/changelog/0.19.1/schema/tarif_dt_formule_socle.xml','2020-09-07 14:33:11',103,'EXECUTED','8:ba45ed6598489b198739b664caacab52','sql; dropPrimaryKey tableName=tarif_dt_formule_socle; addPrimaryKey tableName=tarif_dt_formule_socle; sql','',NULL,'3.8.9',NULL,NULL,'9481948162'),('S-0.19.1-santeindiv-modif-tarif-dt-formule-socle-update-colonnes-dates','','/home/jenkins/workspace/TAF_TAF_Y4_santeindiv_master/target/classes/db/changelog/0.19.1/schema/tarif_dt_formule_socle.xml','2020-09-07 14:33:12',104,'EXECUTED','8:58fdfd53cab3b62e3d20b9a096aea09f','dropColumn tableName=tarif_dt_formule_socle','',NULL,'3.8.9',NULL,NULL,'9481948162'),('0.19.1','','db.changelog-master.xml','2020-09-07 14:33:12',105,'EXECUTED','8:ddce8792d3a7e77a7d8cbb10af1b7f38','tagDatabase','','0.19.1','3.8.9',NULL,NULL,'9481948162'),('R-0.20.0-santeindiv-delete-coefficient_departemental-974','','/home/jenkins/workspace/TAF_TAF_Y4_santeindiv_master/target/classes/db/changelog/0.20.0/referential/coefficient_departemental.xml','2020-09-07 14:33:12',106,'EXECUTED','8:48946dff777bd4492c30cca95da874be','delete tableName=coefficient_departemental','',NULL,'3.8.9',NULL,NULL,'9481948162'),('R-0.20.0-santeindiv-update-information_complementaire','','/home/jenkins/workspace/TAF_TAF_Y4_santeindiv_master/target/classes/db/changelog/0.20.0/referential/information_complementaire.xml','2020-09-07 14:33:12',107,'EXECUTED','8:e37a5c6b046fcb1e0ddcc4695410378d','update tableName=information_complementaire','',NULL,'3.8.9',NULL,NULL,'9481948162'),('R-0.20.0-santeindiv-delete-departement-974','','/home/jenkins/workspace/TAF_TAF_Y4_santeindiv_master/target/classes/db/changelog/0.20.0/referential/departement.xml','2020-09-07 14:33:12',108,'EXECUTED','8:5541626f1f4b60293bf5d5e6b6bf9430','delete tableName=departement','',NULL,'3.8.9',NULL,NULL,'9481948162'),('0.20.0','','db.changelog-master.xml','2020-09-07 14:33:12',109,'EXECUTED','8:7c2bdb5ec5e1f5cf2f24f68ac049bfbc','tagDatabase','','0.20.0','3.8.9',NULL,NULL,'9481948162'),('S-0.21.0-prestation-ajout-niveau-etoile','','/home/jenkins/workspace/TAF_TAF_Y4_santeindiv_master/target/classes/db/changelog/0.21.0/schema/prestation_ajout-niveau-etoile.xml','2020-09-07 14:33:13',110,'EXECUTED','8:27b71fa0e2a3afd0b033d9ae02aa7f9b','addColumn tableName=prestation','',NULL,'3.8.9',NULL,NULL,'9481948162'),('R-0.21.0-ajout-niveau-etoile-4','','/home/jenkins/workspace/TAF_TAF_Y4_santeindiv_master/target/classes/db/changelog/0.21.0/referential/prestation_ajout-niveau-etoile.xml','2020-09-07 14:33:13',111,'EXECUTED','8:42623cf733f5dec00060344909b408c1','update tableName=prestation; update tableName=prestation; update tableName=prestation; update tableName=prestation; update tableName=prestation; update tableName=prestation; update tableName=prestation; update tableName=prestation','',NULL,'3.8.9',NULL,NULL,'9481948162'),('R-0.21.0-ajout-niveau-etoile-3','','/home/jenkins/workspace/TAF_TAF_Y4_santeindiv_master/target/classes/db/changelog/0.21.0/referential/prestation_ajout-niveau-etoile.xml','2020-09-07 14:33:13',112,'EXECUTED','8:ec626c7157e5239060185dee46d1cafd','update tableName=prestation; update tableName=prestation; update tableName=prestation; update tableName=prestation; update tableName=prestation; update tableName=prestation; update tableName=prestation; update tableName=prestation; update tableNam...','',NULL,'3.8.9',NULL,NULL,'9481948162'),('R-0.21.0-ajout-niveau-etoile-2','','/home/jenkins/workspace/TAF_TAF_Y4_santeindiv_master/target/classes/db/changelog/0.21.0/referential/prestation_ajout-niveau-etoile.xml','2020-09-07 14:33:13',113,'EXECUTED','8:0e6feb4df72bd8c48291b6a67adac9ed','update tableName=prestation; update tableName=prestation; update tableName=prestation; update tableName=prestation; update tableName=prestation; update tableName=prestation; update tableName=prestation; update tableName=prestation; update tableNam...','',NULL,'3.8.9',NULL,NULL,'9481948162'),('R-0.21.0-ajout-niveau-etoile-1','','/home/jenkins/workspace/TAF_TAF_Y4_santeindiv_master/target/classes/db/changelog/0.21.0/referential/prestation_ajout-niveau-etoile.xml','2020-09-07 14:33:13',114,'EXECUTED','8:fa3a56786c175ad057eb3d39373deb2a','update tableName=prestation; update tableName=prestation; update tableName=prestation; update tableName=prestation; update tableName=prestation; update tableName=prestation; update tableName=prestation','',NULL,'3.8.9',NULL,NULL,'9481948162'),('0.21.0','','db.changelog-master.xml','2020-09-07 14:33:13',115,'EXECUTED','8:07adf5515a8d3d7de732ca0c9bb30655','tagDatabase','','0.21.0','3.8.9',NULL,NULL,'9481948162'),('1.0.0','','db.changelog-master.xml','2020-09-07 14:33:13',116,'EXECUTED','8:8b1929464369718844c3d5b26ff52e1f','tagDatabase','','1.0.0','3.8.9',NULL,NULL,'9481948162'),('S-1.1.0-creation-table-document','','/home/jenkins/workspace/TAF_TAF_Y4_santeindiv_master/target/classes/db/changelog/1.1.0/schema/document.xml','2020-09-07 14:33:14',117,'EXECUTED','8:accf48cd8d91cbc567d02527bc9615dd','createTable tableName=document','',NULL,'3.8.9',NULL,NULL,'9481948162'),('S-1.1.0-creation-table-document_assureur','','/home/jenkins/workspace/TAF_TAF_Y4_santeindiv_master/target/classes/db/changelog/1.1.0/schema/document_assureur.xml','2020-09-07 14:33:14',118,'EXECUTED','8:2086f68e95f363825ae5802af6181710','createTable tableName=document_assureur; addPrimaryKey tableName=document_assureur','',NULL,'3.8.9',NULL,NULL,'9481948162'),('1.1.0','','db.changelog-master.xml','2020-09-07 14:33:14',119,'EXECUTED','8:937a04688a65be07f15fd9bdb96d05aa','tagDatabase','','1.1.0','3.8.9',NULL,NULL,'9481948162'),('R-1.1.1-santeindiv-update-formule_recommandee','','/home/jenkins/workspace/TAF_TAF_Y4_santeindiv_master/target/classes/db/changelog/1.1.1/referential/formule_recommandee.xml','2020-09-07 14:33:21',120,'EXECUTED','8:f96fb6ec9a929f5e0908b81dfc9aed27','delete tableName=formule_recommandee; loadData tableName=formule_recommandee','',NULL,'3.8.9',NULL,NULL,'9481948162'),('1.1.1','','db.changelog-master.xml','2020-09-07 14:33:21',121,'EXECUTED','8:5188cd4f5df1338176d96f3aa025b94f','tagDatabase','','1.1.1','3.8.9',NULL,NULL,'9481948162'),('R-1.1.2-santeindiv-eligibilite-produit-update','','/home/jenkins/workspace/TAF_TAF_Y4_santeindiv_master/target/classes/db/changelog/1.1.2/referential/eligibilite_produit_age90.xml','2020-09-07 14:33:21',122,'EXECUTED','8:acc86e5d8aeae5ea7046ab02e291e7ce','update tableName=eligibilite_produit; update tableName=formule_socle','',NULL,'3.8.9',NULL,NULL,'9481948162'),('1.1.2','','db.changelog-master.xml','2020-09-07 14:33:21',123,'EXECUTED','8:1ba31fde2fa9bea7c25611284cde1ac6','tagDatabase','','1.1.2','3.8.9',NULL,NULL,'9481948162'),('R-1.1.3-ajout-unite-expression-pourcent-DE','','/home/jenkins/workspace/TAF_TAF_Y4_santeindiv_master/target/classes/db/changelog/1.1.3/db.changelog.referential.xml','2020-11-20 11:22:54',124,'EXECUTED','8:32c5e0b9c77a7784d463f0695f5747e2','insert tableName=unite_prestation','',NULL,'3.8.9',NULL,NULL,'5867774611'),('1.1.3','','db.changelog-master.xml','2020-11-20 11:22:54',125,'EXECUTED','8:d9110167229fb4087715ac309494376d','tagDatabase','','1.1.3','3.8.9',NULL,NULL,'5867774611'),('S-1.1.4-tarif_dt_option-rework','','/home/jenkins/workspace/TAF_TAF_Y4_santeindiv_master/target/classes/db/changelog/1.1.4/schema/tarif_dt_option.xml','2020-11-20 11:22:56',126,'EXECUTED','8:181639bae810cc12fb38a0b094c6ca5c','dropForeignKeyConstraint baseTableName=tarif_dt_option, constraintName=tarif_dt_option_a_formule_fk; dropForeignKeyConstraint baseTableName=tarif_dt_option, constraintName=tarif_dt_option_a_produit_fk; dropPrimaryKey tableName=tarif_dt_option; dro...','',NULL,'3.8.9',NULL,NULL,'5867774611'),('1.1.4','','db.changelog-master.xml','2020-11-20 11:22:56',127,'EXECUTED','8:0bad9497abfad8128eb041e9814febbf','tagDatabase','','1.1.4','3.8.9',NULL,NULL,'5867774611'),('S-1.1.5-suppression-eligibilite-departement','','/home/jenkins/workspace/TAF_TAF_Y4_santeindiv_master/target/classes/db/changelog/1.1.5/referential/suppression-eligibilite-departement.xml','2020-11-20 11:22:56',128,'EXECUTED','8:a5e1cbb58ef9644ffa6c4d03f8e75718','delete tableName=coefficient_departemental; delete tableName=departement','',NULL,'3.8.9',NULL,NULL,'5867774611'),('R-1.1.5-modification-date-d-effet-coeff','','/home/jenkins/workspace/TAF_TAF_Y4_santeindiv_master/target/classes/db/changelog/1.1.5/referential/modification-coefficient-departement.xml','2020-11-20 11:22:56',129,'EXECUTED','8:b84944661effbb115d2209a253428e45','update tableName=coefficient_departemental','',NULL,'3.8.9',NULL,NULL,'5867774611'),('R-1.1.5-ajout-nouveau-coeff-2021','','/home/jenkins/workspace/TAF_TAF_Y4_santeindiv_master/target/classes/db/changelog/1.1.5/referential/modification-coefficient-departement.xml','2020-11-20 11:22:56',130,'EXECUTED','8:2f83edd3ae1ac780c252e48e65e3352d','loadData tableName=coefficient_departemental','',NULL,'3.8.9',NULL,NULL,'5867774611'),('1.1.5','','db.changelog-master.xml','2020-11-20 11:22:56',131,'EXECUTED','8:9a414f2dec88c5692c32ef1fe2834927','tagDatabase','','1.1.5','3.8.9',NULL,NULL,'5867774611');
/*!40000 ALTER TABLE `databasechangelog` ENABLE KEYS */;
UNLOCK TABLES;

--
-- Table structure for table `databasechangeloglock`
--

DROP TABLE IF EXISTS `databasechangeloglock`;
/*!40101 SET @saved_cs_client     = @@character_set_client */;
/*!40101 SET character_set_client = utf8 */;
CREATE TABLE `databasechangeloglock` (
  `ID` int(11) NOT NULL,
  `LOCKED` bit(1) NOT NULL,
  `LOCKGRANTED` datetime DEFAULT NULL,
  `LOCKEDBY` varchar(255) DEFAULT NULL,
  PRIMARY KEY (`ID`)
) ENGINE=InnoDB DEFAULT CHARSET=latin1;
/*!40101 SET character_set_client = @saved_cs_client */;

--
-- Dumping data for table `databasechangeloglock`
--

LOCK TABLES `databasechangeloglock` WRITE;
/*!40000 ALTER TABLE `databasechangeloglock` DISABLE KEYS */;
INSERT INTO `databasechangeloglock` VALUES (1,'\0',NULL,NULL);
/*!40000 ALTER TABLE `databasechangeloglock` ENABLE KEYS */;
UNLOCK TABLES;

--
-- Table structure for table `departement`
--

DROP TABLE IF EXISTS `departement`;
/*!40101 SET @saved_cs_client     = @@character_set_client */;
/*!40101 SET character_set_client = utf8 */;
CREATE TABLE `departement` (
  `code` varchar(50) NOT NULL,
  `libelle` varchar(100) NOT NULL,
  PRIMARY KEY (`code`)
) ENGINE=InnoDB DEFAULT CHARSET=latin1;
/*!40101 SET character_set_client = @saved_cs_client */;

--
-- Dumping data for table `departement`
--

LOCK TABLES `departement` WRITE;
/*!40000 ALTER TABLE `departement` DISABLE KEYS */;
INSERT INTO `departement` VALUES ('01','Ain'),('02','Aisne'),('03','Allier'),('04','Alpes-de-Haute-Provence'),('05','Hautes-Alpes'),('06','Alpes-Maritimes'),('07','Ardèche'),('08','Ardennes'),('09','Ariège'),('10','Aube'),('11','Aude'),('12','Aveyron'),('13','Bouches-du-Rhône'),('14','Calvados'),('15','Cantal'),('16','Charente'),('17','Charente-Maritime'),('18','Cher'),('19','Corrèze'),('20','Corse'),('21','Côte-d’Or'),('22','Côtes-du-Nord'),('23','Creuse'),('24','Dordogne'),('25','Doubs'),('26','Drôme'),('27','Eure'),('28','Eure-et-Loir'),('29','Finistère'),('2A','Corse du Sud'),('2B','Haute Corse'),('30','Gard'),('31','Haute-Garonne'),('32','Gers'),('33','Gironde'),('34','Hérault'),('35','Ille-et-Vilaine'),('36','Indre'),('37','Indre-et-Loire'),('38','Isère'),('39','Jura'),('40','Landes'),('41','Loir-et-Cher'),('42','Loire'),('43','Haute-Loire'),('44','Loire-Atlantique'),('45','Loiret'),('46','Lot'),('47','Lot-et-Garonne'),('48','Lozère'),('49','Maine-et-Loire'),('50','Manche'),('51','Marne'),('52','Haute-Marne'),('53','Mayenne'),('54','Meurthe-et-Moselle'),('55','Meuse'),('56','Morbihan'),('57','Moselle'),('58','Nièvre'),('59','Nord'),('60','Oise'),('61','Orne'),('62','Pas-de-Calais'),('63','Puy-de-Dôme'),('64','Pyrénées-Atlantiques'),('65','Hautes-Pyrénées'),('66','Pyrénées-Orientales'),('67','Bas-Rhin'),('68','Haut-Rhin'),('69','Rhône'),('70','Haute-Saône'),('71','Saône-et-Loire'),('72','Sarthe'),('73','Savoie'),('74','Haute-Savoie'),('75','Paris'),('76','Seine-Maritime'),('77','Seine-et-Marne'),('78','Yvelines'),('79','Deux-Sèvres'),('80','Somme'),('81','Tarn'),('82','Tarn-et-Garonne'),('83','Var'),('84','Vaucluse'),('85','Vendée'),('86','Vienne'),('87','Haute-Vienne'),('88','Vosges'),('89','Yonne'),('90','Territoire-de-Belfort'),('91','Essonne'),('92','Hauts-de-Seine'),('93','Seine-St-Denis'),('94','Val-de-Marne'),('95','Val-d’Oise'),('971','Guadeloupe'),('972','Martinique'),('973','Guyane'),('976','Mayotte');
/*!40000 ALTER TABLE `departement` ENABLE KEYS */;
UNLOCK TABLES;

--
-- Table structure for table `document`
--

DROP TABLE IF EXISTS `document`;
/*!40101 SET @saved_cs_client     = @@character_set_client */;
/*!40101 SET character_set_client = utf8 */;
CREATE TABLE `document` (
  `code` varchar(100) NOT NULL,
  `type` varchar(20) NOT NULL,
  `libelle` varchar(120) NOT NULL,
  `extension` varchar(20) NOT NULL,
  `produit` varchar(50) DEFAULT NULL,
  PRIMARY KEY (`code`),
  KEY `document_a_produit_code_fk` (`produit`),
  CONSTRAINT `document_a_produit_code_fk` FOREIGN KEY (`produit`) REFERENCES `produit` (`code`)
) ENGINE=InnoDB DEFAULT CHARSET=latin1;
/*!40101 SET character_set_client = @saved_cs_client */;

--
-- Dumping data for table `document`
--

LOCK TABLES `document` WRITE;
/*!40000 ALTER TABLE `document` DISABLE KEYS */;
INSERT INTO `document` VALUES ('CG-2EME-AVIS-1','CG','CG deuxième avis','pdf','PSP'),('MH-13143_2006-1','IPID','IPID MHP','pdf','PSP'),('MH-13145_2006-1','CG','Conditions générales MHP','pdf','PSP'),('MH-13148_2010-1','IPID','IPID MMH','pdf','PSP'),('MH-13150_2010-1','RM','Règlement mutualiste MMH','pdf','PSP'),('MH-13220_2006-1','CG','CG de la garantie Assistance','pdf','PSP'),('MH-13290_2007-1','CG','RIA - Annexe frais de gestion MHP','pdf','PSP'),('MH-13291_2007-1','CG','RIA - Annexe frais de gestion MMH','pdf','PSP'),('MH-13413_2009-1','IPID','IPID Radiance','pdf','PSP'),('MH-13414_2009-1','RM','Règlement mutualiste Radiance','pdf','PSP'),('MH-13541_2010-1','SERVICE','Attestation vie maritale MMH','pdf','PSP'),('MH-13542_2010-1','SERVICE','Attestation vie maritale MHP','pdf','PSP'),('MH-13543_2010-1','SERVICE','Attestation vie maritale Radiance','pdf','PSP'),('MH-13544_2010-1','SERVICE','Attestation rattachement fiscale MMH','pdf','PSP'),('MH-13545_2010-1','SERVICE','Attestation rattachement fiscale MHP','pdf','PSP'),('MH-13546_2010-1','SERVICE','Attestation rattachement fiscale Radiance','pdf','PSP'),('MH_10507-1911-1','SERVICE','Flyer services','pdf','PSP'),('NOTICE-SSO-1','SERVICE','Notice d\'information Sport Sur Ordonnance','pdf','PSP'),('RIA-RADIANCE-1','CG','RIA - Annexe au règlement mutualiste Radiance','pdf','PSP'),('STATUTS-RADIANCE-1','STATUT','Statuts Radiance','pdf','PSP'),('STATUTS_MMH-1','STATUT','Statuts MMH','pdf','PSP');
/*!40000 ALTER TABLE `document` ENABLE KEYS */;
UNLOCK TABLES;

--
-- Table structure for table `document_assureur`
--

DROP TABLE IF EXISTS `document_assureur`;
/*!40101 SET @saved_cs_client     = @@character_set_client */;
/*!40101 SET character_set_client = utf8 */;
CREATE TABLE `document_assureur` (
  `document` varchar(100) NOT NULL,
  `assureur` varchar(10) NOT NULL,
  PRIMARY KEY (`document`,`assureur`),
  KEY `document_assureur_a_assureur_code_fk` (`assureur`),
  CONSTRAINT `document_assureur_a_assureur_code_fk` FOREIGN KEY (`assureur`) REFERENCES `assureur` (`code`),
  CONSTRAINT `document_assureur_a_document_code_fk` FOREIGN KEY (`document`) REFERENCES `document` (`code`)
) ENGINE=InnoDB DEFAULT CHARSET=latin1;
/*!40101 SET character_set_client = @saved_cs_client */;

--
-- Dumping data for table `document_assureur`
--

LOCK TABLES `document_assureur` WRITE;
/*!40000 ALTER TABLE `document_assureur` DISABLE KEYS */;
INSERT INTO `document_assureur` VALUES ('MH-13143_2006-1','MHP'),('MH-13145_2006-1','MHP'),('MH-13290_2007-1','MHP'),('MH-13542_2010-1','MHP'),('MH-13545_2010-1','MHP'),('MH-13148_2010-1','MMH'),('MH-13150_2010-1','MMH'),('MH-13291_2007-1','MMH'),('MH-13541_2010-1','MMH'),('MH-13544_2010-1','MMH'),('STATUTS_MMH-1','MMH'),('MH-13413_2009-1','RGH'),('MH-13414_2009-1','RGH'),('MH-13543_2010-1','RGH'),('MH-13546_2010-1','RGH'),('RIA-RADIANCE-1','RGH'),('STATUTS-RADIANCE-1','RGH');
/*!40000 ALTER TABLE `document_assureur` ENABLE KEYS */;
UNLOCK TABLES;

--
-- Table structure for table `eco`
--

DROP TABLE IF EXISTS `eco`;
/*!40101 SET @saved_cs_client     = @@character_set_client */;
/*!40101 SET character_set_client = utf8 */;
CREATE TABLE `eco` (
  `code` varchar(30) NOT NULL,
  `libelle` varchar(40) NOT NULL,
  PRIMARY KEY (`code`)
) ENGINE=InnoDB DEFAULT CHARSET=latin1;
/*!40101 SET character_set_client = @saved_cs_client */;

--
-- Dumping data for table `eco`
--

LOCK TABLES `eco` WRITE;
/*!40000 ALTER TABLE `eco` DISABLE KEYS */;
INSERT INTO `eco` VALUES ('DENT','Dentaire'),('OPT','Optique'),('SOINS_COUR_AUDIO','Soins courants et audio');
/*!40000 ALTER TABLE `eco` ENABLE KEYS */;
UNLOCK TABLES;

--
-- Table structure for table `eligibilite_produit`
--

DROP TABLE IF EXISTS `eligibilite_produit`;
/*!40101 SET @saved_cs_client     = @@character_set_client */;
/*!40101 SET character_set_client = utf8 */;
CREATE TABLE `eligibilite_produit` (
  `produit` varchar(10) NOT NULL,
  `age_minimum` decimal(10,0) NOT NULL,
  `age_maximum` decimal(10,0) NOT NULL,
  `delai_minimum_effet` decimal(10,0) NOT NULL,
  `unite_delai_minimum_effet` varchar(10) NOT NULL,
  `delai_maximum_effet` decimal(10,0) NOT NULL,
  `unite_delai_maximum_effet` varchar(10) NOT NULL,
  PRIMARY KEY (`produit`),
  CONSTRAINT `eligibilite_produit_a_produit_fk` FOREIGN KEY (`produit`) REFERENCES `produit` (`code`)
) ENGINE=InnoDB DEFAULT CHARSET=latin1;
/*!40101 SET character_set_client = @saved_cs_client */;

--
-- Dumping data for table `eligibilite_produit`
--

LOCK TABLES `eligibilite_produit` WRITE;
/*!40000 ALTER TABLE `eligibilite_produit` DISABLE KEYS */;
INSERT INTO `eligibilite_produit` VALUES ('PSP',16,90,3,'JOURS',14,'MOIS');
/*!40000 ALTER TABLE `eligibilite_produit` ENABLE KEYS */;
UNLOCK TABLES;

--
-- Table structure for table `formule`
--

DROP TABLE IF EXISTS `formule`;
/*!40101 SET @saved_cs_client     = @@character_set_client */;
/*!40101 SET character_set_client = utf8 */;
CREATE TABLE `formule` (
  `co_formule` varchar(50) NOT NULL,
  `co_formule_socle` varchar(50) NOT NULL,
  `produit` varchar(50) NOT NULL,
  `libelle` varchar(100) NOT NULL,
  `type` varchar(50) DEFAULT NULL,
  `niveau` decimal(10,0) NOT NULL,
  `nb_eco` decimal(10,0) DEFAULT NULL,
  PRIMARY KEY (`co_formule`,`co_formule_socle`,`produit`),
  KEY `formule_a_formule_socle_fk` (`co_formule_socle`),
  KEY `formule_a_produit_fk` (`produit`),
  KEY `formule_a_type_formule_fk` (`type`),
  CONSTRAINT `formule_a_type_formule_fk` FOREIGN KEY (`type`) REFERENCES `type_formule` (`code`),
  CONSTRAINT `formule_a_formule_socle_fk` FOREIGN KEY (`co_formule_socle`) REFERENCES `formule_socle` (`code`),
  CONSTRAINT `formule_a_produit_fk` FOREIGN KEY (`produit`) REFERENCES `produit` (`code`)
) ENGINE=InnoDB DEFAULT CHARSET=latin1;
/*!40101 SET character_set_client = @saved_cs_client */;

--
-- Dumping data for table `formule`
--

LOCK TABLES `formule` WRITE;
/*!40000 ALTER TABLE `formule` DISABLE KEYS */;
INSERT INTO `formule` VALUES ('BIEN_ETRE','ETENDU','PSP','Bien Etre','OPTION',3,NULL),('BIEN_ETRE','INTEGRAL','PSP','Bien Etre','OPTION',3,NULL),('BIEN_ETRE','INTERMEDIAIRE','PSP','Bien Etre','OPTION',3,NULL),('CONFORT','ETENDU','PSP','Confort','OPTION',3,NULL),('CONFORT','INTEGRAL','PSP','Confort','OPTION',3,NULL),('CONFORT','INTERMEDIAIRE','PSP','Confort','OPTION',3,NULL),('ETENDU','ETENDU','PSP','ETENDU','FORMULE_SOCLE',1,0),('ETENDU_ECO_DENT','ETENDU','PSP','ETENDU ECO Dentaire','FORMULE_AVEC_ECO',2,1),('ETENDU_ECO_OPT','ETENDU','PSP','ETENDU ECO Optique','FORMULE_AVEC_ECO',2,1),('ETENDU_ECO_OPT_DENT','ETENDU','PSP','ETENDU ECO Optique + Dentaire','FORMULE_AVEC_ECO',2,2),('ETENDU_ECO_SOINS_COUR_AUDIO','ETENDU','PSP','ETENDU ECO Soins courants et audio','FORMULE_AVEC_ECO',2,1),('ETENDU_ECO_SOINS_COUR_AUDIO_DENT','ETENDU','PSP','ETENDU ECO Soins courants et audio + Dentaire','FORMULE_AVEC_ECO',2,2),('ETENDU_ECO_SOINS_COUR_AUDIO_OPT','ETENDU','PSP','ETENDU ECO Soins courants et audio + Optique','FORMULE_AVEC_ECO',2,2),('HOSPI','HOSPI','PSP','HOSPI','FORMULE_SOCLE',1,0),('INITIAL','INITIAL','PSP','INITIAL','FORMULE_SOCLE',1,0),('INTEGRAL','INTEGRAL','PSP','INTEGRAL','FORMULE_SOCLE',1,0),('INTEGRAL_ECO_DENT','INTEGRAL','PSP','INTEGRAL ECO Dentaire','FORMULE_AVEC_ECO',2,1),('INTEGRAL_ECO_OPT','INTEGRAL','PSP','INTEGRAL ECO Optique','FORMULE_AVEC_ECO',2,1),('INTEGRAL_ECO_OPT_DENT','INTEGRAL','PSP','INTEGRAL ECO Optique + Dentaire','FORMULE_AVEC_ECO',2,2),('INTEGRAL_ECO_SOINS_COUR_AUDIO','INTEGRAL','PSP','INTEGRAL ECO Soins courants et audio','FORMULE_AVEC_ECO',2,1),('INTEGRAL_ECO_SOINS_COUR_AUDIO_DENT','INTEGRAL','PSP','INTEGRAL ECO Soins courants et audio + Dentaire','FORMULE_AVEC_ECO',2,2),('INTEGRAL_ECO_SOINS_COUR_AUDIO_OPT','INTEGRAL','PSP','INTEGRAL ECO Soins courants et audio + Optique','FORMULE_AVEC_ECO',2,2),('INTERMEDIAIRE','INTERMEDIAIRE','PSP','INTERMEDIAIRE','FORMULE_SOCLE',1,0),('INTERMEDIAIRE_ECO_DENT','INTERMEDIAIRE','PSP','INTERMEDIAIRE ECO Dentaire','FORMULE_AVEC_ECO',2,1),('INTERMEDIAIRE_ECO_OPT','INTERMEDIAIRE','PSP','INTERMEDIAIRE ECO Optique','FORMULE_AVEC_ECO',2,1),('INTERMEDIAIRE_ECO_OPT_DENT','INTERMEDIAIRE','PSP','INTERMEDIAIRE ECO Optique + Dentaire','FORMULE_AVEC_ECO',2,2),('INTERMEDIAIRE_ECO_SOINS_COUR_AUDIO','INTERMEDIAIRE','PSP','INTERMEDIAIRE ECO Soins courants et audio','FORMULE_AVEC_ECO',2,1),('INTERMEDIAIRE_ECO_SOINS_COUR_AUDIO_DENT','INTERMEDIAIRE','PSP','INTERMEDIAIRE ECO Soins courants et audio + Dentaire','FORMULE_AVEC_ECO',2,2),('INTERMEDIAIRE_ECO_SOINS_COUR_AUDIO_OPT','INTERMEDIAIRE','PSP','INTERMEDIAIRE ECO Soins courants et audio + Optique','FORMULE_AVEC_ECO',2,2);
/*!40000 ALTER TABLE `formule` ENABLE KEYS */;
UNLOCK TABLES;

--
-- Table structure for table `formule_a_des_ecos`
--

DROP TABLE IF EXISTS `formule_a_des_ecos`;
/*!40101 SET @saved_cs_client     = @@character_set_client */;
/*!40101 SET character_set_client = utf8 */;
CREATE TABLE `formule_a_des_ecos` (
  `co_formule` varchar(50) NOT NULL,
  `co_formule_socle` varchar(50) NOT NULL,
  `produit` varchar(50) NOT NULL,
  `eco` varchar(30) NOT NULL,
  KEY `formule_a_des_ecos-formule-fk` (`co_formule`,`co_formule_socle`,`produit`),
  KEY `formule_a_des_ecos-ecos-fk` (`eco`),
  CONSTRAINT `formule_a_des_ecos-ecos-fk` FOREIGN KEY (`eco`) REFERENCES `eco` (`code`),
  CONSTRAINT `formule_a_des_ecos-formule-fk` FOREIGN KEY (`co_formule`, `co_formule_socle`, `produit`) REFERENCES `formule` (`co_formule`, `co_formule_socle`, `produit`)
) ENGINE=InnoDB DEFAULT CHARSET=latin1;
/*!40101 SET character_set_client = @saved_cs_client */;

--
-- Dumping data for table `formule_a_des_ecos`
--

LOCK TABLES `formule_a_des_ecos` WRITE;
/*!40000 ALTER TABLE `formule_a_des_ecos` DISABLE KEYS */;
INSERT INTO `formule_a_des_ecos` VALUES ('INTERMEDIAIRE_ECO_SOINS_COUR_AUDIO','INTERMEDIAIRE','PSP','SOINS_COUR_AUDIO'),('INTERMEDIAIRE_ECO_OPT','INTERMEDIAIRE','PSP','OPT'),('INTERMEDIAIRE_ECO_DENT','INTERMEDIAIRE','PSP','DENT'),('INTERMEDIAIRE_ECO_SOINS_COUR_AUDIO_OPT','INTERMEDIAIRE','PSP','SOINS_COUR_AUDIO'),('INTERMEDIAIRE_ECO_SOINS_COUR_AUDIO_OPT','INTERMEDIAIRE','PSP','OPT'),('INTERMEDIAIRE_ECO_SOINS_COUR_AUDIO_DENT','INTERMEDIAIRE','PSP','SOINS_COUR_AUDIO'),('INTERMEDIAIRE_ECO_SOINS_COUR_AUDIO_DENT','INTERMEDIAIRE','PSP','DENT'),('INTERMEDIAIRE_ECO_OPT_DENT','INTERMEDIAIRE','PSP','OPT'),('INTERMEDIAIRE_ECO_OPT_DENT','INTERMEDIAIRE','PSP','DENT'),('ETENDU_ECO_SOINS_COUR_AUDIO','ETENDU','PSP','SOINS_COUR_AUDIO'),('ETENDU_ECO_OPT','ETENDU','PSP','OPT'),('ETENDU_ECO_DENT','ETENDU','PSP','DENT'),('ETENDU_ECO_SOINS_COUR_AUDIO_OPT','ETENDU','PSP','SOINS_COUR_AUDIO'),('ETENDU_ECO_SOINS_COUR_AUDIO_OPT','ETENDU','PSP','OPT'),('ETENDU_ECO_SOINS_COUR_AUDIO_DENT','ETENDU','PSP','SOINS_COUR_AUDIO'),('ETENDU_ECO_SOINS_COUR_AUDIO_DENT','ETENDU','PSP','DENT'),('ETENDU_ECO_OPT_DENT','ETENDU','PSP','OPT'),('ETENDU_ECO_OPT_DENT','ETENDU','PSP','DENT'),('INTEGRAL_ECO_SOINS_COUR_AUDIO','INTEGRAL','PSP','SOINS_COUR_AUDIO'),('INTEGRAL_ECO_OPT','INTEGRAL','PSP','OPT'),('INTEGRAL_ECO_DENT','INTEGRAL','PSP','DENT'),('INTEGRAL_ECO_SOINS_COUR_AUDIO_OPT','INTEGRAL','PSP','SOINS_COUR_AUDIO'),('INTEGRAL_ECO_SOINS_COUR_AUDIO_OPT','INTEGRAL','PSP','OPT'),('INTEGRAL_ECO_SOINS_COUR_AUDIO_DENT','INTEGRAL','PSP','SOINS_COUR_AUDIO'),('INTEGRAL_ECO_SOINS_COUR_AUDIO_DENT','INTEGRAL','PSP','DENT'),('INTEGRAL_ECO_OPT_DENT','INTEGRAL','PSP','OPT'),('INTEGRAL_ECO_OPT_DENT','INTEGRAL','PSP','DENT');
/*!40000 ALTER TABLE `formule_a_des_ecos` ENABLE KEYS */;
UNLOCK TABLES;

--
-- Table structure for table `formule_recommandee`
--

DROP TABLE IF EXISTS `formule_recommandee`;
/*!40101 SET @saved_cs_client     = @@character_set_client */;
/*!40101 SET character_set_client = utf8 */;
CREATE TABLE `formule_recommandee` (
  `id` decimal(10,0) NOT NULL,
  `produit` varchar(50) NOT NULL,
  `priorite_hospi` decimal(10,0) NOT NULL,
  `priorite_soins` decimal(10,0) NOT NULL,
  `priorite_optique` decimal(10,0) NOT NULL,
  `priorite_dentaire` decimal(10,0) NOT NULL,
  `code_reponse_hospi` decimal(10,0) NOT NULL,
  `code_reponse_soins` decimal(10,0) NOT NULL,
  `code_reponse_optique` decimal(10,0) NOT NULL,
  `code_reponse_dentaire` decimal(10,0) NOT NULL,
  `formule_recommandee_socle` varchar(20) NOT NULL,
  `formule_recommandee` varchar(50) NOT NULL,
  `formule_recommandee_socle_bis` varchar(20) DEFAULT NULL,
  `formule_recommandee_bis` varchar(50) DEFAULT NULL,
  PRIMARY KEY (`id`),
  KEY `formule_recommandee_a_formule_fk` (`formule_recommandee`),
  KEY `formule_recommandee_a_produit_fk` (`produit`),
  KEY `formule_recommandee_socle_a_formule_socle_fk` (`formule_recommandee_socle`),
  KEY `formule_recommandee_bis_a_formule_fk` (`formule_recommandee_bis`),
  KEY `formule_recommandee_socle_bis_a_formule_socle_fk` (`formule_recommandee_socle_bis`),
  CONSTRAINT `formule_recommandee_a_formule_fk` FOREIGN KEY (`formule_recommandee`) REFERENCES `formule` (`co_formule`),
  CONSTRAINT `formule_recommandee_a_produit_fk` FOREIGN KEY (`produit`) REFERENCES `produit` (`code`),
  CONSTRAINT `formule_recommandee_bis_a_formule_fk` FOREIGN KEY (`formule_recommandee_bis`) REFERENCES `formule` (`co_formule`),
  CONSTRAINT `formule_recommandee_socle_a_formule_socle_fk` FOREIGN KEY (`formule_recommandee_socle`) REFERENCES `formule_socle` (`code`),
  CONSTRAINT `formule_recommandee_socle_bis_a_formule_socle_fk` FOREIGN KEY (`formule_recommandee_socle_bis`) REFERENCES `formule_socle` (`code`)
) ENGINE=InnoDB DEFAULT CHARSET=latin1;
/*!40101 SET character_set_client = @saved_cs_client */;

--
-- Dumping data for table `formule_recommandee`
--

LOCK TABLES `formule_recommandee` WRITE;
/*!40000 ALTER TABLE `formule_recommandee` DISABLE KEYS */;
INSERT INTO `formule_recommandee` VALUES (1,'PSP',1,2,3,4,1,1,1,1,'INTERMEDIAIRE','INTERMEDIAIRE_ECO_OPT_DENT','INITIAL','INITIAL'),(2,'PSP',1,2,4,3,1,1,1,1,'INTERMEDIAIRE','INTERMEDIAIRE_ECO_OPT_DENT','INITIAL','INITIAL'),(3,'PSP',1,3,2,4,1,1,1,1,'INTERMEDIAIRE','INTERMEDIAIRE_ECO_OPT_DENT','INITIAL','INITIAL'),(4,'PSP',1,4,2,3,1,1,1,1,'INTERMEDIAIRE','INTERMEDIAIRE_ECO_OPT_DENT','INITIAL','INITIAL'),(5,'PSP',1,3,4,2,1,1,1,1,'INTERMEDIAIRE','INTERMEDIAIRE_ECO_OPT_DENT','INITIAL','INITIAL'),(6,'PSP',1,4,3,2,1,1,1,1,'INTERMEDIAIRE','INTERMEDIAIRE_ECO_OPT_DENT','INITIAL','INITIAL'),(7,'PSP',2,1,3,4,1,1,1,1,'INTERMEDIAIRE','INTERMEDIAIRE_ECO_OPT_DENT','INITIAL','INITIAL'),(8,'PSP',2,1,4,3,1,1,1,1,'INTERMEDIAIRE','INTERMEDIAIRE_ECO_OPT_DENT','INITIAL','INITIAL'),(9,'PSP',3,1,2,4,1,1,1,1,'INTERMEDIAIRE','INTERMEDIAIRE_ECO_OPT_DENT','INITIAL','INITIAL'),(10,'PSP',4,1,2,3,1,1,1,1,'INTERMEDIAIRE','INTERMEDIAIRE_ECO_OPT_DENT','INITIAL','INITIAL'),(11,'PSP',3,1,4,2,1,1,1,1,'INTERMEDIAIRE','INTERMEDIAIRE_ECO_OPT_DENT','INITIAL','INITIAL'),(12,'PSP',4,1,3,2,1,1,1,1,'INTERMEDIAIRE','INTERMEDIAIRE_ECO_OPT_DENT','INITIAL','INITIAL'),(13,'PSP',2,3,1,4,1,1,1,1,'INTERMEDIAIRE','INTERMEDIAIRE_ECO_OPT_DENT','INITIAL','INITIAL'),(14,'PSP',2,4,1,3,1,1,1,1,'INTERMEDIAIRE','INTERMEDIAIRE_ECO_OPT_DENT','INITIAL','INITIAL'),(15,'PSP',3,2,1,4,1,1,1,1,'INTERMEDIAIRE','INTERMEDIAIRE_ECO_OPT_DENT','INITIAL','INITIAL'),(16,'PSP',4,2,1,3,1,1,1,1,'INTERMEDIAIRE','INTERMEDIAIRE_ECO_OPT_DENT','INITIAL','INITIAL'),(17,'PSP',3,4,1,2,1,1,1,1,'INTERMEDIAIRE','INTERMEDIAIRE_ECO_OPT_DENT','INITIAL','INITIAL'),(18,'PSP',4,3,1,2,1,1,1,1,'INTERMEDIAIRE','INTERMEDIAIRE_ECO_OPT_DENT','INITIAL','INITIAL'),(19,'PSP',2,3,4,1,1,1,1,1,'INTERMEDIAIRE','INTERMEDIAIRE_ECO_OPT_DENT','INITIAL','INITIAL'),(20,'PSP',2,4,3,1,1,1,1,1,'INTERMEDIAIRE','INTERMEDIAIRE_ECO_OPT_DENT','INITIAL','INITIAL'),(21,'PSP',3,2,4,1,1,1,1,1,'INTERMEDIAIRE','INTERMEDIAIRE_ECO_OPT_DENT','INITIAL','INITIAL'),(22,'PSP',4,2,3,1,1,1,1,1,'INTERMEDIAIRE','INTERMEDIAIRE_ECO_OPT_DENT','INITIAL','INITIAL'),(23,'PSP',3,4,2,1,1,1,1,1,'INTERMEDIAIRE','INTERMEDIAIRE_ECO_OPT_DENT','INITIAL','INITIAL'),(24,'PSP',4,3,2,1,1,1,1,1,'INTERMEDIAIRE','INTERMEDIAIRE_ECO_OPT_DENT','INITIAL','INITIAL'),(25,'PSP',1,2,3,4,1,1,1,2,'INTERMEDIAIRE','INTERMEDIAIRE_ECO_SOINS_COUR_AUDIO_OPT','INITIAL','INITIAL'),(26,'PSP',1,2,4,3,1,1,1,2,'INTERMEDIAIRE','INTERMEDIAIRE_ECO_SOINS_COUR_AUDIO_OPT','INITIAL','INITIAL'),(27,'PSP',1,3,2,4,1,1,1,2,'INTERMEDIAIRE','INTERMEDIAIRE_ECO_SOINS_COUR_AUDIO_OPT','INITIAL','INITIAL'),(28,'PSP',1,4,2,3,1,1,1,2,'INTERMEDIAIRE','INTERMEDIAIRE_ECO_SOINS_COUR_AUDIO_OPT','INITIAL','INITIAL'),(29,'PSP',1,3,4,2,1,1,1,2,'INTERMEDIAIRE','INTERMEDIAIRE_ECO_SOINS_COUR_AUDIO_OPT','INITIAL','INITIAL'),(30,'PSP',1,4,3,2,1,1,1,2,'INTERMEDIAIRE','INTERMEDIAIRE_ECO_SOINS_COUR_AUDIO_OPT','INITIAL','INITIAL'),(31,'PSP',2,1,3,4,1,1,1,2,'INTERMEDIAIRE','INTERMEDIAIRE_ECO_SOINS_COUR_AUDIO_OPT','INITIAL','INITIAL'),(32,'PSP',2,1,4,3,1,1,1,2,'INTERMEDIAIRE','INTERMEDIAIRE_ECO_SOINS_COUR_AUDIO_OPT','INITIAL','INITIAL'),(33,'PSP',3,1,2,4,1,1,1,2,'INTERMEDIAIRE','INTERMEDIAIRE_ECO_SOINS_COUR_AUDIO_OPT','INITIAL','INITIAL'),(34,'PSP',4,1,2,3,1,1,1,2,'INTERMEDIAIRE','INTERMEDIAIRE_ECO_SOINS_COUR_AUDIO_OPT','INITIAL','INITIAL'),(35,'PSP',3,1,4,2,1,1,1,2,'INTERMEDIAIRE','INTERMEDIAIRE_ECO_SOINS_COUR_AUDIO_OPT','INITIAL','INITIAL'),(36,'PSP',4,1,3,2,1,1,1,2,'INTERMEDIAIRE','INTERMEDIAIRE_ECO_SOINS_COUR_AUDIO_OPT','INITIAL','INITIAL'),(37,'PSP',2,3,1,4,1,1,1,2,'INTERMEDIAIRE','INTERMEDIAIRE_ECO_SOINS_COUR_AUDIO_OPT','INITIAL','INITIAL'),(38,'PSP',2,4,1,3,1,1,1,2,'INTERMEDIAIRE','INTERMEDIAIRE_ECO_SOINS_COUR_AUDIO_OPT','INITIAL','INITIAL'),(39,'PSP',3,2,1,4,1,1,1,2,'INTERMEDIAIRE','INTERMEDIAIRE_ECO_SOINS_COUR_AUDIO_OPT','INITIAL','INITIAL'),(40,'PSP',4,2,1,3,1,1,1,2,'INTERMEDIAIRE','INTERMEDIAIRE_ECO_SOINS_COUR_AUDIO_OPT','INITIAL','INITIAL'),(41,'PSP',3,4,1,2,1,1,1,2,'INTERMEDIAIRE','INTERMEDIAIRE_ECO_SOINS_COUR_AUDIO_OPT','INITIAL','INITIAL'),(42,'PSP',4,3,1,2,1,1,1,2,'INTERMEDIAIRE','INTERMEDIAIRE_ECO_SOINS_COUR_AUDIO_OPT','INITIAL','INITIAL'),(43,'PSP',2,3,4,1,1,1,1,2,'INTERMEDIAIRE','INTERMEDIAIRE_ECO_SOINS_COUR_AUDIO_OPT','INITIAL','INITIAL'),(44,'PSP',2,4,3,1,1,1,1,2,'INTERMEDIAIRE','INTERMEDIAIRE_ECO_SOINS_COUR_AUDIO_OPT','INITIAL','INITIAL'),(45,'PSP',3,2,4,1,1,1,1,2,'INTERMEDIAIRE','INTERMEDIAIRE_ECO_SOINS_COUR_AUDIO_OPT','INITIAL','INITIAL'),(46,'PSP',4,2,3,1,1,1,1,2,'INTERMEDIAIRE','INTERMEDIAIRE_ECO_SOINS_COUR_AUDIO_OPT','INITIAL','INITIAL'),(47,'PSP',3,4,2,1,1,1,1,2,'INTERMEDIAIRE','INTERMEDIAIRE_ECO_SOINS_COUR_AUDIO_OPT','INITIAL','INITIAL'),(48,'PSP',4,3,2,1,1,1,1,2,'INTERMEDIAIRE','INTERMEDIAIRE_ECO_SOINS_COUR_AUDIO_OPT','INITIAL','INITIAL'),(49,'PSP',1,2,3,4,1,1,1,3,'INTERMEDIAIRE','INTERMEDIAIRE_ECO_SOINS_COUR_AUDIO_OPT','INITIAL','INITIAL'),(50,'PSP',1,2,4,3,1,1,1,3,'INTERMEDIAIRE','INTERMEDIAIRE_ECO_SOINS_COUR_AUDIO_OPT','INITIAL','INITIAL'),(51,'PSP',1,3,2,4,1,1,1,3,'INTERMEDIAIRE','INTERMEDIAIRE_ECO_SOINS_COUR_AUDIO_OPT','INITIAL','INITIAL'),(52,'PSP',1,4,2,3,1,1,1,3,'INTERMEDIAIRE','INTERMEDIAIRE_ECO_SOINS_COUR_AUDIO_OPT','INITIAL','INITIAL'),(53,'PSP',1,3,4,2,1,1,1,3,'INTERMEDIAIRE','INTERMEDIAIRE_ECO_SOINS_COUR_AUDIO_OPT','INITIAL','INITIAL'),(54,'PSP',1,4,3,2,1,1,1,3,'INTERMEDIAIRE','INTERMEDIAIRE_ECO_SOINS_COUR_AUDIO_OPT','INITIAL','INITIAL'),(55,'PSP',2,1,3,4,1,1,1,3,'INTERMEDIAIRE','INTERMEDIAIRE_ECO_SOINS_COUR_AUDIO_OPT','INITIAL','INITIAL'),(56,'PSP',2,1,4,3,1,1,1,3,'INTERMEDIAIRE','INTERMEDIAIRE_ECO_SOINS_COUR_AUDIO_OPT','INITIAL','INITIAL'),(57,'PSP',3,1,2,4,1,1,1,3,'INTERMEDIAIRE','INTERMEDIAIRE_ECO_SOINS_COUR_AUDIO_OPT','INITIAL','INITIAL'),(58,'PSP',4,1,2,3,1,1,1,3,'INTERMEDIAIRE','INTERMEDIAIRE_ECO_SOINS_COUR_AUDIO_OPT','INITIAL','INITIAL'),(59,'PSP',3,1,4,2,1,1,1,3,'INTERMEDIAIRE','INTERMEDIAIRE_ECO_SOINS_COUR_AUDIO_OPT','INITIAL','INITIAL'),(60,'PSP',4,1,3,2,1,1,1,3,'INTERMEDIAIRE','INTERMEDIAIRE_ECO_SOINS_COUR_AUDIO_OPT','INITIAL','INITIAL'),(61,'PSP',2,3,1,4,1,1,1,3,'INTERMEDIAIRE','INTERMEDIAIRE_ECO_SOINS_COUR_AUDIO_OPT','INITIAL','INITIAL'),(62,'PSP',2,4,1,3,1,1,1,3,'INTERMEDIAIRE','INTERMEDIAIRE_ECO_SOINS_COUR_AUDIO_OPT','INITIAL','INITIAL'),(63,'PSP',3,2,1,4,1,1,1,3,'INTERMEDIAIRE','INTERMEDIAIRE_ECO_SOINS_COUR_AUDIO_OPT','INITIAL','INITIAL'),(64,'PSP',4,2,1,3,1,1,1,3,'INTERMEDIAIRE','INTERMEDIAIRE_ECO_SOINS_COUR_AUDIO_OPT','INITIAL','INITIAL'),(65,'PSP',3,4,1,2,1,1,1,3,'INTEGRAL','INTEGRAL_ECO_SOINS_COUR_AUDIO_OPT','ETENDU','ETENDU'),(66,'PSP',4,3,1,2,1,1,1,3,'INTEGRAL','INTEGRAL_ECO_SOINS_COUR_AUDIO_OPT','ETENDU','ETENDU'),(67,'PSP',2,3,4,1,1,1,1,3,'INTERMEDIAIRE','INTERMEDIAIRE_ECO_SOINS_COUR_AUDIO_OPT','INITIAL','INITIAL'),(68,'PSP',2,4,3,1,1,1,1,3,'INTEGRAL','INTEGRAL_ECO_SOINS_COUR_AUDIO_OPT','ETENDU','ETENDU'),(69,'PSP',3,2,4,1,1,1,1,3,'INTEGRAL','INTEGRAL_ECO_SOINS_COUR_AUDIO_OPT','ETENDU','ETENDU'),(70,'PSP',4,2,3,1,1,1,1,3,'INTEGRAL','INTEGRAL_ECO_SOINS_COUR_AUDIO_OPT','ETENDU','ETENDU'),(71,'PSP',3,4,2,1,1,1,1,3,'INTEGRAL','INTEGRAL_ECO_SOINS_COUR_AUDIO_OPT','ETENDU','ETENDU'),(72,'PSP',4,3,2,1,1,1,1,3,'INTEGRAL','INTEGRAL_ECO_SOINS_COUR_AUDIO_OPT','ETENDU','ETENDU'),(73,'PSP',1,2,3,4,1,1,2,1,'INTERMEDIAIRE','INTERMEDIAIRE_ECO_SOINS_COUR_AUDIO_DENT','INITIAL','INITIAL'),(74,'PSP',1,2,4,3,1,1,2,1,'INTERMEDIAIRE','INTERMEDIAIRE_ECO_SOINS_COUR_AUDIO_DENT','INITIAL','INITIAL'),(75,'PSP',1,3,2,4,1,1,2,1,'INTERMEDIAIRE','INTERMEDIAIRE_ECO_SOINS_COUR_AUDIO_DENT','INITIAL','INITIAL'),(76,'PSP',1,4,2,3,1,1,2,1,'INTERMEDIAIRE','INTERMEDIAIRE_ECO_SOINS_COUR_AUDIO_DENT','INITIAL','INITIAL'),(77,'PSP',1,3,4,2,1,1,2,1,'INTERMEDIAIRE','INTERMEDIAIRE_ECO_SOINS_COUR_AUDIO_DENT','INITIAL','INITIAL'),(78,'PSP',1,4,3,2,1,1,2,1,'INTERMEDIAIRE','INTERMEDIAIRE_ECO_SOINS_COUR_AUDIO_DENT','INITIAL','INITIAL'),(79,'PSP',2,1,3,4,1,1,2,1,'INTERMEDIAIRE','INTERMEDIAIRE_ECO_SOINS_COUR_AUDIO_DENT','INITIAL','INITIAL'),(80,'PSP',2,1,4,3,1,1,2,1,'INTERMEDIAIRE','INTERMEDIAIRE_ECO_SOINS_COUR_AUDIO_DENT','INITIAL','INITIAL'),(81,'PSP',3,1,2,4,1,1,2,1,'INTERMEDIAIRE','INTERMEDIAIRE_ECO_SOINS_COUR_AUDIO_DENT','INITIAL','INITIAL'),(82,'PSP',4,1,2,3,1,1,2,1,'INTERMEDIAIRE','INTERMEDIAIRE_ECO_SOINS_COUR_AUDIO_DENT','INITIAL','INITIAL'),(83,'PSP',3,1,4,2,1,1,2,1,'INTERMEDIAIRE','INTERMEDIAIRE_ECO_SOINS_COUR_AUDIO_DENT','INITIAL','INITIAL'),(84,'PSP',4,1,3,2,1,1,2,1,'INTERMEDIAIRE','INTERMEDIAIRE_ECO_SOINS_COUR_AUDIO_DENT','INITIAL','INITIAL'),(85,'PSP',2,3,1,4,1,1,2,1,'INTERMEDIAIRE','INTERMEDIAIRE_ECO_SOINS_COUR_AUDIO_DENT','INITIAL','INITIAL'),(86,'PSP',2,4,1,3,1,1,2,1,'INTERMEDIAIRE','INTERMEDIAIRE_ECO_SOINS_COUR_AUDIO_DENT','INITIAL','INITIAL'),(87,'PSP',3,2,1,4,1,1,2,1,'INTERMEDIAIRE','INTERMEDIAIRE_ECO_SOINS_COUR_AUDIO_DENT','INITIAL','INITIAL'),(88,'PSP',4,2,1,3,1,1,2,1,'INTERMEDIAIRE','INTERMEDIAIRE_ECO_SOINS_COUR_AUDIO_DENT','INITIAL','INITIAL'),(89,'PSP',3,4,1,2,1,1,2,1,'INTERMEDIAIRE','INTERMEDIAIRE_ECO_SOINS_COUR_AUDIO_DENT','INITIAL','INITIAL'),(90,'PSP',4,3,1,2,1,1,2,1,'INTERMEDIAIRE','INTERMEDIAIRE_ECO_SOINS_COUR_AUDIO_DENT','INITIAL','INITIAL'),(91,'PSP',2,3,4,1,1,1,2,1,'INTERMEDIAIRE','INTERMEDIAIRE_ECO_SOINS_COUR_AUDIO_DENT','INITIAL','INITIAL'),(92,'PSP',2,4,3,1,1,1,2,1,'INTERMEDIAIRE','INTERMEDIAIRE_ECO_SOINS_COUR_AUDIO_DENT','INITIAL','INITIAL'),(93,'PSP',3,2,4,1,1,1,2,1,'INTERMEDIAIRE','INTERMEDIAIRE_ECO_SOINS_COUR_AUDIO_DENT','INITIAL','INITIAL'),(94,'PSP',4,2,3,1,1,1,2,1,'INTERMEDIAIRE','INTERMEDIAIRE_ECO_SOINS_COUR_AUDIO_DENT','INITIAL','INITIAL'),(95,'PSP',3,4,2,1,1,1,2,1,'INTERMEDIAIRE','INTERMEDIAIRE_ECO_SOINS_COUR_AUDIO_DENT','INITIAL','INITIAL'),(96,'PSP',4,3,2,1,1,1,2,1,'INTERMEDIAIRE','INTERMEDIAIRE_ECO_SOINS_COUR_AUDIO_DENT','INITIAL','INITIAL'),(97,'PSP',1,2,3,4,1,1,2,2,'INTERMEDIAIRE','INTERMEDIAIRE_ECO_SOINS_COUR_AUDIO','INTERMEDIAIRE','INTERMEDIAIRE_ECO_SOINS_COUR_AUDIO_DENT'),(98,'PSP',1,2,4,3,1,1,2,2,'INTERMEDIAIRE','INTERMEDIAIRE_ECO_SOINS_COUR_AUDIO','INTERMEDIAIRE','INTERMEDIAIRE_ECO_SOINS_COUR_AUDIO_OPT'),(99,'PSP',1,3,2,4,1,1,2,2,'INTERMEDIAIRE','INTERMEDIAIRE_ECO_SOINS_COUR_AUDIO','INTERMEDIAIRE','INTERMEDIAIRE_ECO_SOINS_COUR_AUDIO_DENT'),(100,'PSP',1,4,2,3,1,1,2,2,'INTERMEDIAIRE','INTERMEDIAIRE_ECO_SOINS_COUR_AUDIO','INTERMEDIAIRE','INTERMEDIAIRE_ECO_SOINS_COUR_AUDIO_DENT'),(101,'PSP',1,3,4,2,1,1,2,2,'INTERMEDIAIRE','INTERMEDIAIRE_ECO_SOINS_COUR_AUDIO','INTERMEDIAIRE','INTERMEDIAIRE_ECO_SOINS_COUR_AUDIO_OPT'),(102,'PSP',1,4,3,2,1,1,2,2,'INTERMEDIAIRE','INTERMEDIAIRE_ECO_SOINS_COUR_AUDIO','INTERMEDIAIRE','INTERMEDIAIRE_ECO_SOINS_COUR_AUDIO_OPT'),(103,'PSP',2,1,3,4,1,1,2,2,'INTERMEDIAIRE','INTERMEDIAIRE_ECO_SOINS_COUR_AUDIO','INTERMEDIAIRE','INTERMEDIAIRE_ECO_SOINS_COUR_AUDIO_DENT'),(104,'PSP',2,1,4,3,1,1,2,2,'INTERMEDIAIRE','INTERMEDIAIRE_ECO_SOINS_COUR_AUDIO','INTERMEDIAIRE','INTERMEDIAIRE_ECO_SOINS_COUR_AUDIO_OPT'),(105,'PSP',3,1,2,4,1,1,2,2,'INTERMEDIAIRE','INTERMEDIAIRE_ECO_SOINS_COUR_AUDIO','INTERMEDIAIRE','INTERMEDIAIRE_ECO_SOINS_COUR_AUDIO_DENT'),(106,'PSP',4,1,2,3,1,1,2,2,'INTERMEDIAIRE','INTERMEDIAIRE_ECO_SOINS_COUR_AUDIO','INTERMEDIAIRE','INTERMEDIAIRE_ECO_SOINS_COUR_AUDIO_DENT'),(107,'PSP',3,1,4,2,1,1,2,2,'INTERMEDIAIRE','INTERMEDIAIRE_ECO_SOINS_COUR_AUDIO','INTERMEDIAIRE','INTERMEDIAIRE_ECO_SOINS_COUR_AUDIO_OPT'),(108,'PSP',4,1,3,2,1,1,2,2,'INTERMEDIAIRE','INTERMEDIAIRE_ECO_SOINS_COUR_AUDIO','INTERMEDIAIRE','INTERMEDIAIRE_ECO_SOINS_COUR_AUDIO_OPT'),(109,'PSP',2,3,1,4,1,1,2,2,'INTERMEDIAIRE','INTERMEDIAIRE_ECO_SOINS_COUR_AUDIO','INTERMEDIAIRE','INTERMEDIAIRE_ECO_SOINS_COUR_AUDIO_DENT'),(110,'PSP',2,4,1,3,1,1,2,2,'INTERMEDIAIRE','INTERMEDIAIRE_ECO_SOINS_COUR_AUDIO','INTERMEDIAIRE','INTERMEDIAIRE_ECO_SOINS_COUR_AUDIO_DENT'),(111,'PSP',3,2,1,4,1,1,2,2,'INTERMEDIAIRE','INTERMEDIAIRE_ECO_SOINS_COUR_AUDIO','INTERMEDIAIRE','INTERMEDIAIRE_ECO_SOINS_COUR_AUDIO_DENT'),(112,'PSP',4,2,1,3,1,1,2,2,'INTERMEDIAIRE','INTERMEDIAIRE_ECO_SOINS_COUR_AUDIO','INTERMEDIAIRE','INTERMEDIAIRE_ECO_SOINS_COUR_AUDIO_DENT'),(113,'PSP',3,4,1,2,1,1,2,2,'INTERMEDIAIRE','INTERMEDIAIRE_ECO_SOINS_COUR_AUDIO','INTERMEDIAIRE','INTERMEDIAIRE_ECO_SOINS_COUR_AUDIO_DENT'),(114,'PSP',4,3,1,2,1,1,2,2,'INTERMEDIAIRE','INTERMEDIAIRE_ECO_SOINS_COUR_AUDIO','INTERMEDIAIRE','INTERMEDIAIRE_ECO_SOINS_COUR_AUDIO_DENT'),(115,'PSP',2,3,4,1,1,1,2,2,'INTERMEDIAIRE','INTERMEDIAIRE_ECO_SOINS_COUR_AUDIO','INTERMEDIAIRE','INTERMEDIAIRE_ECO_SOINS_COUR_AUDIO_OPT'),(116,'PSP',2,4,3,1,1,1,2,2,'INTERMEDIAIRE','INTERMEDIAIRE_ECO_SOINS_COUR_AUDIO','INTERMEDIAIRE','INTERMEDIAIRE_ECO_SOINS_COUR_AUDIO_OPT'),(117,'PSP',3,2,4,1,1,1,2,2,'INTERMEDIAIRE','INTERMEDIAIRE_ECO_SOINS_COUR_AUDIO','INTERMEDIAIRE','INTERMEDIAIRE_ECO_SOINS_COUR_AUDIO_OPT'),(118,'PSP',4,2,3,1,1,1,2,2,'INTERMEDIAIRE','INTERMEDIAIRE_ECO_SOINS_COUR_AUDIO','INTERMEDIAIRE','INTERMEDIAIRE_ECO_SOINS_COUR_AUDIO_OPT'),(119,'PSP',3,4,2,1,1,1,2,2,'INTERMEDIAIRE','INTERMEDIAIRE_ECO_SOINS_COUR_AUDIO','INTERMEDIAIRE','INTERMEDIAIRE_ECO_SOINS_COUR_AUDIO_OPT'),(120,'PSP',4,3,2,1,1,1,2,2,'INTERMEDIAIRE','INTERMEDIAIRE_ECO_SOINS_COUR_AUDIO','INTERMEDIAIRE','INTERMEDIAIRE_ECO_SOINS_COUR_AUDIO_OPT'),(121,'PSP',1,2,3,4,1,1,2,3,'INTERMEDIAIRE','INTERMEDIAIRE_ECO_SOINS_COUR_AUDIO','INTERMEDIAIRE','INTERMEDIAIRE_ECO_SOINS_COUR_AUDIO_DENT'),(122,'PSP',1,2,4,3,1,1,2,3,'INTERMEDIAIRE','INTERMEDIAIRE_ECO_SOINS_COUR_AUDIO','INTERMEDIAIRE','INTERMEDIAIRE_ECO_SOINS_COUR_AUDIO_OPT'),(123,'PSP',1,3,2,4,1,1,2,3,'INTERMEDIAIRE','INTERMEDIAIRE_ECO_SOINS_COUR_AUDIO','INTERMEDIAIRE','INTERMEDIAIRE_ECO_SOINS_COUR_AUDIO_DENT'),(124,'PSP',1,4,2,3,1,1,2,3,'INTERMEDIAIRE','INTERMEDIAIRE_ECO_SOINS_COUR_AUDIO','INTERMEDIAIRE','INTERMEDIAIRE_ECO_SOINS_COUR_AUDIO_DENT'),(125,'PSP',1,3,4,2,1,1,2,3,'INTERMEDIAIRE','INTERMEDIAIRE_ECO_SOINS_COUR_AUDIO','INTERMEDIAIRE','INTERMEDIAIRE_ECO_SOINS_COUR_AUDIO_OPT'),(126,'PSP',1,4,3,2,1,1,2,3,'INTERMEDIAIRE','INTERMEDIAIRE_ECO_SOINS_COUR_AUDIO','INTERMEDIAIRE','INTERMEDIAIRE_ECO_SOINS_COUR_AUDIO_OPT'),(127,'PSP',2,1,3,4,1,1,2,3,'INTERMEDIAIRE','INTERMEDIAIRE_ECO_SOINS_COUR_AUDIO','INTERMEDIAIRE','INTERMEDIAIRE_ECO_SOINS_COUR_AUDIO_DENT'),(128,'PSP',2,1,4,3,1,1,2,3,'INTERMEDIAIRE','INTERMEDIAIRE_ECO_SOINS_COUR_AUDIO','INTERMEDIAIRE','INTERMEDIAIRE_ECO_SOINS_COUR_AUDIO_OPT'),(129,'PSP',3,1,2,4,1,1,2,3,'INTERMEDIAIRE','INTERMEDIAIRE_ECO_SOINS_COUR_AUDIO','INTERMEDIAIRE','INTERMEDIAIRE_ECO_SOINS_COUR_AUDIO_DENT'),(130,'PSP',4,1,2,3,1,1,2,3,'INTERMEDIAIRE','INTERMEDIAIRE_ECO_SOINS_COUR_AUDIO','INTERMEDIAIRE','INTERMEDIAIRE_ECO_SOINS_COUR_AUDIO_DENT'),(131,'PSP',3,1,4,2,1,1,2,3,'INTERMEDIAIRE','INTERMEDIAIRE_ECO_SOINS_COUR_AUDIO','INTERMEDIAIRE','INTERMEDIAIRE_ECO_SOINS_COUR_AUDIO_OPT'),(132,'PSP',4,1,3,2,1,1,2,3,'INTERMEDIAIRE','INTERMEDIAIRE_ECO_SOINS_COUR_AUDIO','INTERMEDIAIRE','INTERMEDIAIRE_ECO_SOINS_COUR_AUDIO_OPT'),(133,'PSP',2,3,1,4,1,1,2,3,'INTERMEDIAIRE','INTERMEDIAIRE_ECO_SOINS_COUR_AUDIO','INTERMEDIAIRE','INTERMEDIAIRE_ECO_SOINS_COUR_AUDIO_DENT'),(134,'PSP',2,4,1,3,1,1,2,3,'INTERMEDIAIRE','INTERMEDIAIRE_ECO_SOINS_COUR_AUDIO','INTERMEDIAIRE','INTERMEDIAIRE_ECO_SOINS_COUR_AUDIO_DENT'),(135,'PSP',3,2,1,4,1,1,2,3,'INTERMEDIAIRE','INTERMEDIAIRE_ECO_SOINS_COUR_AUDIO','INTERMEDIAIRE','INTERMEDIAIRE_ECO_SOINS_COUR_AUDIO_DENT'),(136,'PSP',4,2,1,3,1,1,2,3,'INTERMEDIAIRE','INTERMEDIAIRE_ECO_SOINS_COUR_AUDIO','INTERMEDIAIRE','INTERMEDIAIRE_ECO_SOINS_COUR_AUDIO_DENT'),(137,'PSP',3,4,1,2,1,1,2,3,'INTEGRAL','INTEGRAL_ECO_SOINS_COUR_AUDIO_OPT','ETENDU','ETENDU'),(138,'PSP',4,3,1,2,1,1,2,3,'INTEGRAL','INTEGRAL_ECO_SOINS_COUR_AUDIO_OPT','ETENDU','ETENDU'),(139,'PSP',2,3,4,1,1,1,2,3,'INTERMEDIAIRE','INTERMEDIAIRE_ECO_SOINS_COUR_AUDIO','INTERMEDIAIRE','INTERMEDIAIRE_ECO_SOINS_COUR_AUDIO_OPT'),(140,'PSP',2,4,3,1,1,1,2,3,'INTEGRAL','INTEGRAL_ECO_SOINS_COUR_AUDIO_OPT','ETENDU','ETENDU'),(141,'PSP',3,2,4,1,1,1,2,3,'INTEGRAL','INTEGRAL_ECO_SOINS_COUR_AUDIO_OPT','ETENDU','ETENDU'),(142,'PSP',4,2,3,1,1,1,2,3,'INTEGRAL','INTEGRAL_ECO_SOINS_COUR_AUDIO_OPT','ETENDU','ETENDU'),(143,'PSP',3,4,2,1,1,1,2,3,'INTEGRAL','INTEGRAL_ECO_SOINS_COUR_AUDIO_OPT','ETENDU','ETENDU'),(144,'PSP',4,3,2,1,1,1,2,3,'INTEGRAL','INTEGRAL_ECO_SOINS_COUR_AUDIO_OPT','ETENDU','ETENDU'),(145,'PSP',1,2,3,4,1,1,3,1,'INTERMEDIAIRE','INTERMEDIAIRE_ECO_SOINS_COUR_AUDIO_DENT','INITIAL','INITIAL'),(146,'PSP',1,2,4,3,1,1,3,1,'INTERMEDIAIRE','INTERMEDIAIRE_ECO_SOINS_COUR_AUDIO_DENT','INITIAL','INITIAL'),(147,'PSP',1,3,2,4,1,1,3,1,'INTERMEDIAIRE','INTERMEDIAIRE_ECO_SOINS_COUR_AUDIO_DENT','INITIAL','INITIAL'),(148,'PSP',1,4,2,3,1,1,3,1,'ETENDU','ETENDU_ECO_SOINS_COUR_AUDIO_DENT','INTERMEDIAIRE','INTERMEDIAIRE'),(149,'PSP',1,3,4,2,1,1,3,1,'INTERMEDIAIRE','INTERMEDIAIRE_ECO_SOINS_COUR_AUDIO_DENT','INITIAL','INITIAL'),(150,'PSP',1,4,3,2,1,1,3,1,'INTERMEDIAIRE','INTERMEDIAIRE_ECO_SOINS_COUR_AUDIO_DENT','INITIAL','INITIAL'),(151,'PSP',2,1,3,4,1,1,3,1,'INTERMEDIAIRE','INTERMEDIAIRE_ECO_SOINS_COUR_AUDIO_DENT','INITIAL','INITIAL'),(152,'PSP',2,1,4,3,1,1,3,1,'INTERMEDIAIRE','INTERMEDIAIRE_ECO_SOINS_COUR_AUDIO_DENT','INITIAL','INITIAL'),(153,'PSP',3,1,2,4,1,1,3,1,'INTERMEDIAIRE','INTERMEDIAIRE_ECO_SOINS_COUR_AUDIO_DENT','INITIAL','INITIAL'),(154,'PSP',4,1,2,3,1,1,3,1,'ETENDU','ETENDU_ECO_SOINS_COUR_AUDIO_DENT','INTERMEDIAIRE','INTERMEDIAIRE'),(155,'PSP',3,1,4,2,1,1,3,1,'INTERMEDIAIRE','INTERMEDIAIRE_ECO_SOINS_COUR_AUDIO_DENT','INITIAL','INITIAL'),(156,'PSP',4,1,3,2,1,1,3,1,'INTERMEDIAIRE','INTERMEDIAIRE_ECO_SOINS_COUR_AUDIO_DENT','INITIAL','INITIAL'),(157,'PSP',2,3,1,4,1,1,3,1,'ETENDU','ETENDU_ECO_SOINS_COUR_AUDIO_DENT','INTERMEDIAIRE','INTERMEDIAIRE'),(158,'PSP',2,4,1,3,1,1,3,1,'ETENDU','ETENDU_ECO_SOINS_COUR_AUDIO_DENT','INTERMEDIAIRE','INTERMEDIAIRE'),(159,'PSP',3,2,1,4,1,1,3,1,'ETENDU','ETENDU_ECO_SOINS_COUR_AUDIO_DENT','INTERMEDIAIRE','INTERMEDIAIRE'),(160,'PSP',4,2,1,3,1,1,3,1,'ETENDU','ETENDU_ECO_SOINS_COUR_AUDIO_DENT','INTERMEDIAIRE','INTERMEDIAIRE'),(161,'PSP',3,4,1,2,1,1,3,1,'ETENDU','ETENDU_ECO_SOINS_COUR_AUDIO_DENT','INTERMEDIAIRE','INTERMEDIAIRE'),(162,'PSP',4,3,1,2,1,1,3,1,'ETENDU','ETENDU_ECO_SOINS_COUR_AUDIO_DENT','INTERMEDIAIRE','INTERMEDIAIRE'),(163,'PSP',2,3,4,1,1,1,3,1,'INTERMEDIAIRE','INTERMEDIAIRE_ECO_SOINS_COUR_AUDIO_DENT','INITIAL','INITIAL'),(164,'PSP',2,4,3,1,1,1,3,1,'INTERMEDIAIRE','INTERMEDIAIRE_ECO_SOINS_COUR_AUDIO_DENT','INITIAL','INITIAL'),(165,'PSP',3,2,4,1,1,1,3,1,'INTERMEDIAIRE','INTERMEDIAIRE_ECO_SOINS_COUR_AUDIO_DENT','INITIAL','INITIAL'),(166,'PSP',4,2,3,1,1,1,3,1,'INTERMEDIAIRE','INTERMEDIAIRE_ECO_SOINS_COUR_AUDIO_DENT','INITIAL','INITIAL'),(167,'PSP',3,4,2,1,1,1,3,1,'ETENDU','ETENDU_ECO_SOINS_COUR_AUDIO_DENT','INTERMEDIAIRE','INTERMEDIAIRE'),(168,'PSP',4,3,2,1,1,1,3,1,'ETENDU','ETENDU_ECO_SOINS_COUR_AUDIO_DENT','INTERMEDIAIRE','INTERMEDIAIRE'),(169,'PSP',1,2,3,4,1,1,3,2,'INTERMEDIAIRE','INTERMEDIAIRE_ECO_SOINS_COUR_AUDIO','INTERMEDIAIRE','INTERMEDIAIRE_ECO_SOINS_COUR_AUDIO_DENT'),(170,'PSP',1,2,4,3,1,1,3,2,'INTERMEDIAIRE','INTERMEDIAIRE_ECO_SOINS_COUR_AUDIO','INTERMEDIAIRE','INTERMEDIAIRE_ECO_SOINS_COUR_AUDIO_OPT'),(171,'PSP',1,3,2,4,1,1,3,2,'INTERMEDIAIRE','INTERMEDIAIRE_ECO_SOINS_COUR_AUDIO','INTERMEDIAIRE','INTERMEDIAIRE_ECO_SOINS_COUR_AUDIO_DENT'),(172,'PSP',1,4,2,3,1,1,3,2,'ETENDU','ETENDU_ECO_SOINS_COUR_AUDIO','ETENDU','ETENDU_ECO_SOINS_COUR_AUDIO_DENT'),(173,'PSP',1,3,4,2,1,1,3,2,'INTERMEDIAIRE','INTERMEDIAIRE_ECO_SOINS_COUR_AUDIO','INTERMEDIAIRE','INTERMEDIAIRE_ECO_SOINS_COUR_AUDIO_OPT'),(174,'PSP',1,4,3,2,1,1,3,2,'INTERMEDIAIRE','INTERMEDIAIRE_ECO_SOINS_COUR_AUDIO','INTERMEDIAIRE','INTERMEDIAIRE_ECO_SOINS_COUR_AUDIO_OPT'),(175,'PSP',2,1,3,4,1,1,3,2,'INTERMEDIAIRE','INTERMEDIAIRE_ECO_SOINS_COUR_AUDIO','INTERMEDIAIRE','INTERMEDIAIRE_ECO_SOINS_COUR_AUDIO_DENT'),(176,'PSP',2,1,4,3,1,1,3,2,'INTERMEDIAIRE','INTERMEDIAIRE_ECO_SOINS_COUR_AUDIO','INTERMEDIAIRE','INTERMEDIAIRE_ECO_SOINS_COUR_AUDIO_OPT'),(177,'PSP',3,1,2,4,1,1,3,2,'INTERMEDIAIRE','INTERMEDIAIRE_ECO_SOINS_COUR_AUDIO','INTERMEDIAIRE','INTERMEDIAIRE_ECO_SOINS_COUR_AUDIO_DENT'),(178,'PSP',4,1,2,3,1,1,3,2,'ETENDU','ETENDU_ECO_SOINS_COUR_AUDIO','ETENDU','ETENDU_ECO_SOINS_COUR_AUDIO_DENT'),(179,'PSP',3,1,4,2,1,1,3,2,'INTERMEDIAIRE','INTERMEDIAIRE_ECO_SOINS_COUR_AUDIO','INTERMEDIAIRE','INTERMEDIAIRE_ECO_SOINS_COUR_AUDIO_OPT'),(180,'PSP',4,1,3,2,1,1,3,2,'INTERMEDIAIRE','INTERMEDIAIRE_ECO_SOINS_COUR_AUDIO','INTERMEDIAIRE','INTERMEDIAIRE_ECO_SOINS_COUR_AUDIO_OPT'),(181,'PSP',2,3,1,4,1,1,3,2,'ETENDU','ETENDU_ECO_SOINS_COUR_AUDIO','ETENDU','ETENDU_ECO_SOINS_COUR_AUDIO_DENT'),(182,'PSP',2,4,1,3,1,1,3,2,'ETENDU','ETENDU_ECO_SOINS_COUR_AUDIO','ETENDU','ETENDU_ECO_SOINS_COUR_AUDIO_DENT'),(183,'PSP',3,2,1,4,1,1,3,2,'ETENDU','ETENDU_ECO_SOINS_COUR_AUDIO','ETENDU','ETENDU_ECO_SOINS_COUR_AUDIO_DENT'),(184,'PSP',4,2,1,3,1,1,3,2,'ETENDU','ETENDU_ECO_SOINS_COUR_AUDIO','ETENDU','ETENDU_ECO_SOINS_COUR_AUDIO_DENT'),(185,'PSP',3,4,1,2,1,1,3,2,'ETENDU','ETENDU_ECO_SOINS_COUR_AUDIO','ETENDU','ETENDU_ECO_SOINS_COUR_AUDIO_DENT'),(186,'PSP',4,3,1,2,1,1,3,2,'ETENDU','ETENDU_ECO_SOINS_COUR_AUDIO','ETENDU','ETENDU_ECO_SOINS_COUR_AUDIO_DENT'),(187,'PSP',2,3,4,1,1,1,3,2,'INTERMEDIAIRE','INTERMEDIAIRE_ECO_SOINS_COUR_AUDIO','INTERMEDIAIRE','INTERMEDIAIRE_ECO_SOINS_COUR_AUDIO_OPT'),(188,'PSP',2,4,3,1,1,1,3,2,'INTERMEDIAIRE','INTERMEDIAIRE_ECO_SOINS_COUR_AUDIO','INTERMEDIAIRE','INTERMEDIAIRE_ECO_SOINS_COUR_AUDIO_OPT'),(189,'PSP',3,2,4,1,1,1,3,2,'INTERMEDIAIRE','INTERMEDIAIRE_ECO_SOINS_COUR_AUDIO','INTERMEDIAIRE','INTERMEDIAIRE_ECO_SOINS_COUR_AUDIO_OPT'),(190,'PSP',4,2,3,1,1,1,3,2,'INTERMEDIAIRE','INTERMEDIAIRE_ECO_SOINS_COUR_AUDIO','INTERMEDIAIRE','INTERMEDIAIRE_ECO_SOINS_COUR_AUDIO_OPT'),(191,'PSP',3,4,2,1,1,1,3,2,'ETENDU','ETENDU_ECO_SOINS_COUR_AUDIO','ETENDU','ETENDU_ECO_SOINS_COUR_AUDIO_OPT'),(192,'PSP',4,3,2,1,1,1,3,2,'ETENDU','ETENDU_ECO_SOINS_COUR_AUDIO','ETENDU','ETENDU_ECO_SOINS_COUR_AUDIO_OPT'),(193,'PSP',1,2,3,4,1,1,3,3,'INTERMEDIAIRE','INTERMEDIAIRE_ECO_SOINS_COUR_AUDIO','INTERMEDIAIRE','INTERMEDIAIRE_ECO_SOINS_COUR_AUDIO_DENT'),(194,'PSP',1,2,4,3,1,1,3,3,'INTERMEDIAIRE','INTERMEDIAIRE_ECO_SOINS_COUR_AUDIO','INTERMEDIAIRE','INTERMEDIAIRE_ECO_SOINS_COUR_AUDIO_OPT'),(195,'PSP',1,3,2,4,1,1,3,3,'ETENDU','ETENDU_ECO_SOINS_COUR_AUDIO','ETENDU','ETENDU_ECO_SOINS_COUR_AUDIO_DENT'),(196,'PSP',1,4,2,3,1,1,3,3,'ETENDU','ETENDU_ECO_SOINS_COUR_AUDIO','ETENDU','ETENDU_ECO_SOINS_COUR_AUDIO_DENT'),(197,'PSP',1,3,4,2,1,1,3,3,'INTERMEDIAIRE','INTERMEDIAIRE_ECO_SOINS_COUR_AUDIO','INTERMEDIAIRE','INTERMEDIAIRE_ECO_SOINS_COUR_AUDIO_OPT'),(198,'PSP',1,4,3,2,1,1,3,3,'ETENDU','ETENDU_ECO_SOINS_COUR_AUDIO','ETENDU','ETENDU_ECO_SOINS_COUR_AUDIO_OPT'),(199,'PSP',2,1,3,4,1,1,3,3,'INTERMEDIAIRE','INTERMEDIAIRE_ECO_SOINS_COUR_AUDIO','INTERMEDIAIRE','INTERMEDIAIRE_ECO_SOINS_COUR_AUDIO_DENT'),(200,'PSP',2,1,4,3,1,1,3,3,'INTERMEDIAIRE','INTERMEDIAIRE_ECO_SOINS_COUR_AUDIO','INTERMEDIAIRE','INTERMEDIAIRE_ECO_SOINS_COUR_AUDIO_OPT'),(201,'PSP',3,1,2,4,1,1,3,3,'ETENDU','ETENDU_ECO_SOINS_COUR_AUDIO','ETENDU','ETENDU_ECO_SOINS_COUR_AUDIO_DENT'),(202,'PSP',4,1,2,3,1,1,3,3,'INTEGRAL','INTEGRAL_ECO_SOINS_COUR_AUDIO','INTEGRAL','INTEGRAL_ECO_SOINS_COUR_AUDIO_DENT'),(203,'PSP',3,1,4,2,1,1,3,3,'INTERMEDIAIRE','INTERMEDIAIRE_ECO_SOINS_COUR_AUDIO','INTERMEDIAIRE','INTERMEDIAIRE_ECO_SOINS_COUR_AUDIO_OPT'),(204,'PSP',4,1,3,2,1,1,3,3,'INTEGRAL','INTEGRAL_ECO_SOINS_COUR_AUDIO','INTEGRAL','INTEGRAL_ECO_SOINS_COUR_AUDIO_OPT'),(205,'PSP',2,3,1,4,1,1,3,3,'ETENDU','ETENDU_ECO_SOINS_COUR_AUDIO','ETENDU','ETENDU_ECO_SOINS_COUR_AUDIO_DENT'),(206,'PSP',2,4,1,3,1,1,3,3,'ETENDU','ETENDU_ECO_SOINS_COUR_AUDIO','ETENDU','ETENDU_ECO_SOINS_COUR_AUDIO_DENT'),(207,'PSP',3,2,1,4,1,1,3,3,'ETENDU','ETENDU_ECO_SOINS_COUR_AUDIO','ETENDU','ETENDU_ECO_SOINS_COUR_AUDIO_DENT'),(208,'PSP',4,2,1,3,1,1,3,3,'INTEGRAL','INTEGRAL_ECO_SOINS_COUR_AUDIO','INTEGRAL','INTEGRAL_ECO_SOINS_COUR_AUDIO_DENT'),(209,'PSP',3,4,1,2,1,1,3,3,'INTEGRAL','INTEGRAL_ECO_SOINS_COUR_AUDIO','INTEGRAL','INTEGRAL_ECO_SOINS_COUR_AUDIO_DENT'),(210,'PSP',4,3,1,2,1,1,3,3,'INTEGRAL','INTEGRAL_ECO_SOINS_COUR_AUDIO','INTEGRAL','INTEGRAL_ECO_SOINS_COUR_AUDIO_DENT'),(211,'PSP',2,3,4,1,1,1,3,3,'INTEGRAL','INTEGRAL_ECO_SOINS_COUR_AUDIO','INTEGRAL','INTEGRAL_ECO_SOINS_COUR_AUDIO_OPT'),(212,'PSP',2,4,3,1,1,1,3,3,'INTEGRAL','INTEGRAL_ECO_SOINS_COUR_AUDIO','INTEGRAL','INTEGRAL_ECO_SOINS_COUR_AUDIO_OPT'),(213,'PSP',3,2,4,1,1,1,3,3,'INTEGRAL','INTEGRAL_ECO_SOINS_COUR_AUDIO','INTEGRAL','INTEGRAL_ECO_SOINS_COUR_AUDIO_OPT'),(214,'PSP',4,2,3,1,1,1,3,3,'INTEGRAL','INTEGRAL_ECO_SOINS_COUR_AUDIO','INTEGRAL','INTEGRAL_ECO_SOINS_COUR_AUDIO_OPT'),(215,'PSP',3,4,2,1,1,1,3,3,'INTEGRAL','INTEGRAL_ECO_SOINS_COUR_AUDIO','INTEGRAL','INTEGRAL_ECO_SOINS_COUR_AUDIO_OPT'),(216,'PSP',4,3,2,1,1,1,3,3,'INTEGRAL','INTEGRAL_ECO_SOINS_COUR_AUDIO','INTEGRAL','INTEGRAL_ECO_SOINS_COUR_AUDIO_OPT'),(217,'PSP',1,2,3,4,1,2,1,1,'INTERMEDIAIRE','INTERMEDIAIRE_ECO_OPT_DENT','INITIAL','INITIAL'),(218,'PSP',1,2,4,3,1,2,1,1,'INTERMEDIAIRE','INTERMEDIAIRE_ECO_OPT_DENT','INITIAL','INITIAL'),(219,'PSP',1,3,2,4,1,2,1,1,'INTERMEDIAIRE','INTERMEDIAIRE_ECO_OPT_DENT','INITIAL','INITIAL'),(220,'PSP',1,4,2,3,1,2,1,1,'INTERMEDIAIRE','INTERMEDIAIRE_ECO_OPT_DENT','INITIAL','INITIAL'),(221,'PSP',1,3,4,2,1,2,1,1,'INTERMEDIAIRE','INTERMEDIAIRE_ECO_OPT_DENT','INITIAL','INITIAL'),(222,'PSP',1,4,3,2,1,2,1,1,'INTERMEDIAIRE','INTERMEDIAIRE_ECO_OPT_DENT','INITIAL','INITIAL'),(223,'PSP',2,1,3,4,1,2,1,1,'ETENDU','ETENDU_ECO_SOINS_COUR_AUDIO_OPT','INTERMEDIAIRE','INTERMEDIAIRE'),(224,'PSP',2,1,4,3,1,2,1,1,'ETENDU','ETENDU_ECO_SOINS_COUR_AUDIO_DENT','INTERMEDIAIRE','INTERMEDIAIRE'),(225,'PSP',3,1,2,4,1,2,1,1,'ETENDU','ETENDU_ECO_SOINS_COUR_AUDIO_OPT','INTERMEDIAIRE','INTERMEDIAIRE'),(226,'PSP',4,1,2,3,1,2,1,1,'ETENDU','ETENDU_ECO_SOINS_COUR_AUDIO_OPT','INTERMEDIAIRE','INTERMEDIAIRE'),(227,'PSP',3,1,4,2,1,2,1,1,'ETENDU','ETENDU_ECO_SOINS_COUR_AUDIO_DENT','INTERMEDIAIRE','INTERMEDIAIRE'),(228,'PSP',4,1,3,2,1,2,1,1,'ETENDU','ETENDU_ECO_SOINS_COUR_AUDIO_DENT','INTERMEDIAIRE','INTERMEDIAIRE'),(229,'PSP',2,3,1,4,1,2,1,1,'INTERMEDIAIRE','INTERMEDIAIRE_ECO_OPT_DENT','INITIAL','INITIAL'),(230,'PSP',2,4,1,3,1,2,1,1,'INTERMEDIAIRE','INTERMEDIAIRE_ECO_OPT_DENT','INITIAL','INITIAL'),(231,'PSP',3,2,1,4,1,2,1,1,'ETENDU','ETENDU_ECO_SOINS_COUR_AUDIO_OPT','INTERMEDIAIRE','INTERMEDIAIRE'),(232,'PSP',4,2,1,3,1,2,1,1,'ETENDU','ETENDU_ECO_OPT_DENT','INTERMEDIAIRE','INTERMEDIAIRE'),(233,'PSP',3,4,1,2,1,2,1,1,'INTERMEDIAIRE','INTERMEDIAIRE_ECO_OPT_DENT','INITIAL','INITIAL'),(234,'PSP',4,3,1,2,1,2,1,1,'INTERMEDIAIRE','INTERMEDIAIRE_ECO_OPT_DENT','INITIAL','INITIAL'),(235,'PSP',2,3,4,1,1,2,1,1,'INTERMEDIAIRE','INTERMEDIAIRE_ECO_OPT_DENT','INITIAL','INITIAL'),(236,'PSP',2,4,3,1,1,2,1,1,'INTERMEDIAIRE','INTERMEDIAIRE_ECO_OPT_DENT','INITIAL','INITIAL'),(237,'PSP',3,2,4,1,1,2,1,1,'ETENDU','ETENDU_ECO_SOINS_COUR_AUDIO_DENT','INTERMEDIAIRE','INTERMEDIAIRE'),(238,'PSP',4,2,3,1,1,2,1,1,'ETENDU','ETENDU_ECO_OPT_DENT','INTERMEDIAIRE','INTERMEDIAIRE'),(239,'PSP',3,4,2,1,1,2,1,1,'INTERMEDIAIRE','INTERMEDIAIRE_ECO_OPT_DENT','INITIAL','INITIAL'),(240,'PSP',4,3,2,1,1,2,1,1,'ETENDU','ETENDU_ECO_OPT_DENT','INTERMEDIAIRE','INTERMEDIAIRE'),(241,'PSP',1,2,3,4,1,2,1,2,'ETENDU','ETENDU_ECO_SOINS_COUR_AUDIO_OPT','INTERMEDIAIRE','INTERMEDIAIRE'),(242,'PSP',1,2,4,3,1,2,1,2,'ETENDU','ETENDU_ECO_SOINS_COUR_AUDIO_OPT','INTERMEDIAIRE','INTERMEDIAIRE'),(243,'PSP',1,3,2,4,1,2,1,2,'INTERMEDIAIRE','INTERMEDIAIRE_ECO_OPT','INTERMEDIAIRE','INTERMEDIAIRE_ECO_OPT_DENT'),(244,'PSP',1,4,2,3,1,2,1,2,'INTERMEDIAIRE','INTERMEDIAIRE_ECO_OPT','INTERMEDIAIRE','INTERMEDIAIRE_ECO_SOINS_COUR_AUDIO_OPT'),(245,'PSP',1,3,4,2,1,2,1,2,'INTERMEDIAIRE','INTERMEDIAIRE_ECO_OPT','INTERMEDIAIRE','INTERMEDIAIRE_ECO_SOINS_COUR_AUDIO_OPT'),(246,'PSP',1,4,3,2,1,2,1,2,'INTERMEDIAIRE','INTERMEDIAIRE_ECO_OPT','INTERMEDIAIRE','INTERMEDIAIRE_ECO_SOINS_COUR_AUDIO_OPT'),(247,'PSP',2,1,3,4,1,2,1,2,'ETENDU','ETENDU_ECO_SOINS_COUR_AUDIO_OPT','INTERMEDIAIRE','INTERMEDIAIRE'),(248,'PSP',2,1,4,3,1,2,1,2,'ETENDU','ETENDU_ECO_SOINS_COUR_AUDIO_OPT','INTERMEDIAIRE','INTERMEDIAIRE'),(249,'PSP',3,1,2,4,1,2,1,2,'ETENDU','ETENDU_ECO_SOINS_COUR_AUDIO_OPT','INTERMEDIAIRE','INTERMEDIAIRE'),(250,'PSP',4,1,2,3,1,2,1,2,'ETENDU','ETENDU_ECO_SOINS_COUR_AUDIO_OPT','INTERMEDIAIRE','INTERMEDIAIRE'),(251,'PSP',3,1,4,2,1,2,1,2,'ETENDU','ETENDU_ECO_SOINS_COUR_AUDIO_OPT','INTERMEDIAIRE','INTERMEDIAIRE'),(252,'PSP',4,1,3,2,1,2,1,2,'ETENDU','ETENDU_ECO_SOINS_COUR_AUDIO_OPT','INTERMEDIAIRE','INTERMEDIAIRE'),(253,'PSP',2,3,1,4,1,2,1,2,'ETENDU','ETENDU_ECO_SOINS_COUR_AUDIO_OPT','INTERMEDIAIRE','INTERMEDIAIRE'),(254,'PSP',2,4,1,3,1,2,1,2,'INTERMEDIAIRE','INTERMEDIAIRE_ECO_OPT','INTERMEDIAIRE','INTERMEDIAIRE_ECO_SOINS_COUR_AUDIO_OPT'),(255,'PSP',3,2,1,4,1,2,1,2,'ETENDU','ETENDU_ECO_SOINS_COUR_AUDIO_OPT','INTERMEDIAIRE','INTERMEDIAIRE'),(256,'PSP',4,2,1,3,1,2,1,2,'ETENDU','ETENDU_ECO_SOINS_COUR_AUDIO_OPT','INTERMEDIAIRE','INTERMEDIAIRE'),(257,'PSP',3,4,1,2,1,2,1,2,'INTERMEDIAIRE','INTERMEDIAIRE_ECO_OPT','INTERMEDIAIRE','INTERMEDIAIRE_ECO_SOINS_COUR_AUDIO_OPT'),(258,'PSP',4,3,1,2,1,2,1,2,'ETENDU','ETENDU_ECO_SOINS_COUR_AUDIO_OPT','INTERMEDIAIRE','INTERMEDIAIRE'),(259,'PSP',2,3,4,1,1,2,1,2,'ETENDU','ETENDU_ECO_SOINS_COUR_AUDIO_OPT','INTERMEDIAIRE','INTERMEDIAIRE'),(260,'PSP',2,4,3,1,1,2,1,2,'INTERMEDIAIRE','INTERMEDIAIRE_ECO_OPT','INTERMEDIAIRE','INTERMEDIAIRE_ECO_SOINS_COUR_AUDIO_OPT'),(261,'PSP',3,2,4,1,1,2,1,2,'ETENDU','ETENDU_ECO_SOINS_COUR_AUDIO_OPT','INTERMEDIAIRE','INTERMEDIAIRE'),(262,'PSP',4,2,3,1,1,2,1,2,'ETENDU','ETENDU_ECO_SOINS_COUR_AUDIO_OPT','INTERMEDIAIRE','INTERMEDIAIRE'),(263,'PSP',3,4,2,1,1,2,1,2,'INTERMEDIAIRE','INTERMEDIAIRE_ECO_OPT','INTERMEDIAIRE','INTERMEDIAIRE_ECO_SOINS_COUR_AUDIO_OPT'),(264,'PSP',4,3,2,1,1,2,1,2,'ETENDU','ETENDU_ECO_SOINS_COUR_AUDIO_OPT','INTERMEDIAIRE','INTERMEDIAIRE'),(265,'PSP',1,2,3,4,1,2,1,3,'ETENDU','ETENDU_ECO_SOINS_COUR_AUDIO_OPT','INTERMEDIAIRE','INTERMEDIAIRE'),(266,'PSP',1,2,4,3,1,2,1,3,'ETENDU','ETENDU_ECO_SOINS_COUR_AUDIO_OPT','INTERMEDIAIRE','INTERMEDIAIRE'),(267,'PSP',1,3,2,4,1,2,1,3,'INTERMEDIAIRE','INTERMEDIAIRE_ECO_OPT','INTERMEDIAIRE','INTERMEDIAIRE_ECO_OPT_DENT'),(268,'PSP',1,4,2,3,1,2,1,3,'INTERMEDIAIRE','INTERMEDIAIRE_ECO_OPT','INTERMEDIAIRE','INTERMEDIAIRE_ECO_SOINS_COUR_AUDIO_OPT'),(269,'PSP',1,3,4,2,1,2,1,3,'ETENDU','ETENDU_ECO_SOINS_COUR_AUDIO_OPT','INTERMEDIAIRE','INTERMEDIAIRE'),(270,'PSP',1,4,3,2,1,2,1,3,'INTERMEDIAIRE','INTERMEDIAIRE_ECO_OPT','INTERMEDIAIRE','INTERMEDIAIRE_ECO_SOINS_COUR_AUDIO_OPT'),(271,'PSP',2,1,3,4,1,2,1,3,'ETENDU','ETENDU_ECO_SOINS_COUR_AUDIO_OPT','INTERMEDIAIRE','INTERMEDIAIRE'),(272,'PSP',2,1,4,3,1,2,1,3,'ETENDU','ETENDU_ECO_SOINS_COUR_AUDIO_OPT','INTERMEDIAIRE','INTERMEDIAIRE'),(273,'PSP',3,1,2,4,1,2,1,3,'ETENDU','ETENDU_ECO_SOINS_COUR_AUDIO_OPT','INTERMEDIAIRE','INTERMEDIAIRE'),(274,'PSP',4,1,2,3,1,2,1,3,'INTEGRAL','INTEGRAL_ECO_SOINS_COUR_AUDIO_OPT','ETENDU','ETENDU'),(275,'PSP',3,1,4,2,1,2,1,3,'INTEGRAL','INTEGRAL_ECO_SOINS_COUR_AUDIO_OPT','ETENDU','ETENDU'),(276,'PSP',4,1,3,2,1,2,1,3,'INTEGRAL','INTEGRAL_ECO_SOINS_COUR_AUDIO_OPT','ETENDU','ETENDU'),(277,'PSP',2,3,1,4,1,2,1,3,'ETENDU','ETENDU_ECO_SOINS_COUR_AUDIO_OPT','INTERMEDIAIRE','INTERMEDIAIRE'),(278,'PSP',2,4,1,3,1,2,1,3,'ETENDU','ETENDU_ECO_SOINS_COUR_AUDIO_OPT','INTERMEDIAIRE','INTERMEDIAIRE'),(279,'PSP',3,2,1,4,1,2,1,3,'ETENDU','ETENDU_ECO_SOINS_COUR_AUDIO_OPT','INTERMEDIAIRE','INTERMEDIAIRE'),(280,'PSP',4,2,1,3,1,2,1,3,'INTEGRAL','INTEGRAL_ECO_SOINS_COUR_AUDIO_OPT','ETENDU','ETENDU'),(281,'PSP',3,4,1,2,1,2,1,3,'INTEGRAL','INTEGRAL_ECO_SOINS_COUR_AUDIO_OPT','ETENDU','ETENDU'),(282,'PSP',4,3,1,2,1,2,1,3,'INTEGRAL','INTEGRAL_ECO_SOINS_COUR_AUDIO_OPT','ETENDU','ETENDU'),(283,'PSP',2,3,4,1,1,2,1,3,'INTEGRAL','INTEGRAL_ECO_SOINS_COUR_AUDIO_OPT','ETENDU','ETENDU'),(284,'PSP',2,4,3,1,1,2,1,3,'INTEGRAL','INTEGRAL_ECO_SOINS_COUR_AUDIO_OPT','ETENDU','ETENDU'),(285,'PSP',3,2,4,1,1,2,1,3,'INTEGRAL','INTEGRAL_ECO_SOINS_COUR_AUDIO_OPT','ETENDU','ETENDU'),(286,'PSP',4,2,3,1,1,2,1,3,'INTEGRAL','INTEGRAL_ECO_SOINS_COUR_AUDIO_OPT','ETENDU','ETENDU'),(287,'PSP',3,4,2,1,1,2,1,3,'INTEGRAL','INTEGRAL_ECO_SOINS_COUR_AUDIO_OPT','ETENDU','ETENDU'),(288,'PSP',4,3,2,1,1,2,1,3,'INTEGRAL','INTEGRAL_ECO_SOINS_COUR_AUDIO_OPT','ETENDU','ETENDU'),(289,'PSP',1,2,3,4,1,2,2,1,'INTERMEDIAIRE','INTERMEDIAIRE_ECO_DENT','INTERMEDIAIRE','INTERMEDIAIRE_ECO_OPT_DENT'),(290,'PSP',1,2,4,3,1,2,2,1,'INTERMEDIAIRE','INTERMEDIAIRE_ECO_DENT','INTERMEDIAIRE','INTERMEDIAIRE_ECO_OPT_DENT'),(291,'PSP',1,3,2,4,1,2,2,1,'INTERMEDIAIRE','INTERMEDIAIRE_ECO_DENT','INTERMEDIAIRE','INTERMEDIAIRE_ECO_SOINS_COUR_AUDIO_DENT'),(292,'PSP',1,4,2,3,1,2,2,1,'INTERMEDIAIRE','INTERMEDIAIRE_ECO_DENT','INTERMEDIAIRE','INTERMEDIAIRE_ECO_SOINS_COUR_AUDIO_DENT'),(293,'PSP',1,3,4,2,1,2,2,1,'INTERMEDIAIRE','INTERMEDIAIRE_ECO_DENT','INTERMEDIAIRE','INTERMEDIAIRE_ECO_OPT_DENT'),(294,'PSP',1,4,3,2,1,2,2,1,'INTERMEDIAIRE','INTERMEDIAIRE_ECO_DENT','INTERMEDIAIRE','INTERMEDIAIRE_ECO_SOINS_COUR_AUDIO_DENT'),(295,'PSP',2,1,3,4,1,2,2,1,'ETENDU','ETENDU_ECO_SOINS_COUR_AUDIO_OPT','INTERMEDIAIRE','INTERMEDIAIRE'),(296,'PSP',2,1,4,3,1,2,2,1,'ETENDU','ETENDU_ECO_SOINS_COUR_AUDIO_DENT','INTERMEDIAIRE','INTERMEDIAIRE'),(297,'PSP',3,1,2,4,1,2,2,1,'ETENDU','ETENDU_ECO_SOINS_COUR_AUDIO_OPT','INTERMEDIAIRE','INTERMEDIAIRE'),(298,'PSP',4,1,2,3,1,2,2,1,'ETENDU','ETENDU_ECO_SOINS_COUR_AUDIO_DENT','INTERMEDIAIRE','INTERMEDIAIRE'),(299,'PSP',3,1,4,2,1,2,2,1,'ETENDU','ETENDU_ECO_SOINS_COUR_AUDIO_DENT','INTERMEDIAIRE','INTERMEDIAIRE'),(300,'PSP',4,1,3,2,1,2,2,1,'ETENDU','ETENDU_ECO_SOINS_COUR_AUDIO_DENT','INTERMEDIAIRE','INTERMEDIAIRE'),(301,'PSP',2,3,1,4,1,2,2,1,'INTERMEDIAIRE','INTERMEDIAIRE_ECO_DENT','INTERMEDIAIRE','INTERMEDIAIRE_ECO_SOINS_COUR_AUDIO_DENT'),(302,'PSP',2,4,1,3,1,2,2,1,'INTERMEDIAIRE','INTERMEDIAIRE_ECO_DENT','INTERMEDIAIRE','INTERMEDIAIRE_ECO_SOINS_COUR_AUDIO_DENT'),(303,'PSP',3,2,1,4,1,2,2,1,'ETENDU','ETENDU_ECO_SOINS_COUR_AUDIO_OPT','INTERMEDIAIRE','INTERMEDIAIRE'),(304,'PSP',4,2,1,3,1,2,2,1,'ETENDU','ETENDU_ECO_OPT_DENT','INTERMEDIAIRE','INTERMEDIAIRE'),(305,'PSP',3,4,1,2,1,2,2,1,'INTERMEDIAIRE','INTERMEDIAIRE_ECO_DENT','INTERMEDIAIRE','INTERMEDIAIRE_ECO_SOINS_COUR_AUDIO_DENT'),(306,'PSP',4,3,1,2,1,2,2,1,'INTERMEDIAIRE','INTERMEDIAIRE_ECO_DENT','INTERMEDIAIRE','INTERMEDIAIRE_ECO_SOINS_COUR_AUDIO_DENT'),(307,'PSP',2,3,4,1,1,2,2,1,'INTERMEDIAIRE','INTERMEDIAIRE_ECO_DENT','INTERMEDIAIRE','INTERMEDIAIRE_ECO_OPT_DENT'),(308,'PSP',2,4,3,1,1,2,2,1,'INTERMEDIAIRE','INTERMEDIAIRE_ECO_DENT','INTERMEDIAIRE','INTERMEDIAIRE_ECO_SOINS_COUR_AUDIO_DENT'),(309,'PSP',3,2,4,1,1,2,2,1,'ETENDU','ETENDU_ECO_SOINS_COUR_AUDIO_DENT','INTERMEDIAIRE','INTERMEDIAIRE'),(310,'PSP',4,2,3,1,1,2,2,1,'ETENDU','ETENDU_ECO_SOINS_COUR_AUDIO_DENT','INTERMEDIAIRE','INTERMEDIAIRE'),(311,'PSP',3,4,2,1,1,2,2,1,'INTERMEDIAIRE','INTERMEDIAIRE_ECO_DENT','INTERMEDIAIRE','INTERMEDIAIRE_ECO_SOINS_COUR_AUDIO_DENT'),(312,'PSP',4,3,2,1,1,2,2,1,'ETENDU','ETENDU_ECO_OPT_DENT','INTERMEDIAIRE','INTERMEDIAIRE'),(313,'PSP',1,2,3,4,1,2,2,2,'ETENDU','ETENDU_ECO_SOINS_COUR_AUDIO_OPT','INTERMEDIAIRE','INTERMEDIAIRE'),(314,'PSP',1,2,4,3,1,2,2,2,'ETENDU','ETENDU_ECO_SOINS_COUR_AUDIO_OPT','INTERMEDIAIRE','INTERMEDIAIRE'),(315,'PSP',1,3,2,4,1,2,2,2,'INTERMEDIAIRE','INTERMEDIAIRE','INTERMEDIAIRE','INTERMEDIAIRE_ECO_DENT'),(316,'PSP',1,4,2,3,1,2,2,2,'INTERMEDIAIRE','INTERMEDIAIRE','INTERMEDIAIRE','INTERMEDIAIRE_ECO_SOINS_COUR_AUDIO'),(317,'PSP',1,3,4,2,1,2,2,2,'INTERMEDIAIRE','INTERMEDIAIRE','INTERMEDIAIRE','INTERMEDIAIRE_ECO_OPT'),(318,'PSP',1,4,3,2,1,2,2,2,'INTERMEDIAIRE','INTERMEDIAIRE','INTERMEDIAIRE','INTERMEDIAIRE_ECO_SOINS_COUR_AUDIO'),(319,'PSP',2,1,3,4,1,2,2,2,'ETENDU','ETENDU_ECO_SOINS_COUR_AUDIO_OPT','INTERMEDIAIRE','INTERMEDIAIRE'),(320,'PSP',2,1,4,3,1,2,2,2,'ETENDU','ETENDU_ECO_SOINS_COUR_AUDIO_OPT','INTERMEDIAIRE','INTERMEDIAIRE'),(321,'PSP',3,1,2,4,1,2,2,2,'ETENDU','ETENDU_ECO_SOINS_COUR_AUDIO_OPT','INTERMEDIAIRE','INTERMEDIAIRE'),(322,'PSP',4,1,2,3,1,2,2,2,'ETENDU','ETENDU_ECO_SOINS_COUR_AUDIO_OPT','INTERMEDIAIRE','INTERMEDIAIRE'),(323,'PSP',3,1,4,2,1,2,2,2,'ETENDU','ETENDU_ECO_SOINS_COUR_AUDIO_OPT','INTERMEDIAIRE','INTERMEDIAIRE'),(324,'PSP',4,1,3,2,1,2,2,2,'ETENDU','ETENDU_ECO_SOINS_COUR_AUDIO_OPT','INTERMEDIAIRE','INTERMEDIAIRE'),(325,'PSP',2,3,1,4,1,2,2,2,'INTERMEDIAIRE','INTERMEDIAIRE','INTERMEDIAIRE','INTERMEDIAIRE_ECO_DENT'),(326,'PSP',2,4,1,3,1,2,2,2,'INTERMEDIAIRE','INTERMEDIAIRE','INTERMEDIAIRE','INTERMEDIAIRE_ECO_SOINS_COUR_AUDIO'),(327,'PSP',3,2,1,4,1,2,2,2,'ETENDU','ETENDU_ECO_SOINS_COUR_AUDIO_OPT','INTERMEDIAIRE','INTERMEDIAIRE'),(328,'PSP',4,2,1,3,1,2,2,2,'ETENDU','ETENDU_ECO_SOINS_COUR_AUDIO_OPT','INTERMEDIAIRE','INTERMEDIAIRE'),(329,'PSP',3,4,1,2,1,2,2,2,'INTERMEDIAIRE','INTERMEDIAIRE','INTERMEDIAIRE','INTERMEDIAIRE_ECO_SOINS_COUR_AUDIO'),(330,'PSP',4,3,1,2,1,2,2,2,'ETENDU','ETENDU_ECO_SOINS_COUR_AUDIO_OPT','INTERMEDIAIRE','INTERMEDIAIRE'),(331,'PSP',2,3,4,1,1,2,2,2,'INTERMEDIAIRE','INTERMEDIAIRE','INTERMEDIAIRE','INTERMEDIAIRE_ECO_OPT'),(332,'PSP',2,4,3,1,1,2,2,2,'INTERMEDIAIRE','INTERMEDIAIRE','INTERMEDIAIRE','INTERMEDIAIRE_ECO_SOINS_COUR_AUDIO'),(333,'PSP',3,2,4,1,1,2,2,2,'ETENDU','ETENDU_ECO_SOINS_COUR_AUDIO_OPT','INTERMEDIAIRE','INTERMEDIAIRE'),(334,'PSP',4,2,3,1,1,2,2,2,'ETENDU','ETENDU_ECO_SOINS_COUR_AUDIO_OPT','INTERMEDIAIRE','INTERMEDIAIRE'),(335,'PSP',3,4,2,1,1,2,2,2,'INTERMEDIAIRE','INTERMEDIAIRE','INTERMEDIAIRE','INTERMEDIAIRE_ECO_SOINS_COUR_AUDIO'),(336,'PSP',4,3,2,1,1,2,2,2,'ETENDU','ETENDU_ECO_SOINS_COUR_AUDIO_OPT','INTERMEDIAIRE','INTERMEDIAIRE'),(337,'PSP',1,2,3,4,1,2,2,3,'ETENDU','ETENDU_ECO_SOINS_COUR_AUDIO_OPT','INTERMEDIAIRE','INTERMEDIAIRE'),(338,'PSP',1,2,4,3,1,2,2,3,'ETENDU','ETENDU_ECO_SOINS_COUR_AUDIO_OPT','INTERMEDIAIRE','INTERMEDIAIRE'),(339,'PSP',1,3,2,4,1,2,2,3,'INTERMEDIAIRE','INTERMEDIAIRE','INTERMEDIAIRE','INTERMEDIAIRE_ECO_DENT'),(340,'PSP',1,4,2,3,1,2,2,3,'INTERMEDIAIRE','INTERMEDIAIRE','INTERMEDIAIRE','INTERMEDIAIRE_ECO_SOINS_COUR_AUDIO'),(341,'PSP',1,3,4,2,1,2,2,3,'ETENDU','ETENDU_ECO_SOINS_COUR_AUDIO_OPT','INTERMEDIAIRE','INTERMEDIAIRE'),(342,'PSP',1,4,3,2,1,2,2,3,'INTERMEDIAIRE','INTERMEDIAIRE','INTERMEDIAIRE','INTERMEDIAIRE_ECO_SOINS_COUR_AUDIO'),(343,'PSP',2,1,3,4,1,2,2,3,'ETENDU','ETENDU_ECO_SOINS_COUR_AUDIO_OPT','INTERMEDIAIRE','INTERMEDIAIRE'),(344,'PSP',2,1,4,3,1,2,2,3,'ETENDU','ETENDU_ECO_SOINS_COUR_AUDIO_OPT','INTERMEDIAIRE','INTERMEDIAIRE'),(345,'PSP',3,1,2,4,1,2,2,3,'ETENDU','ETENDU_ECO_SOINS_COUR_AUDIO_OPT','INTERMEDIAIRE','INTERMEDIAIRE'),(346,'PSP',4,1,2,3,1,2,2,3,'INTEGRAL','INTEGRAL_ECO_SOINS_COUR_AUDIO_OPT','ETENDU','ETENDU'),(347,'PSP',3,1,4,2,1,2,2,3,'INTEGRAL','INTEGRAL_ECO_SOINS_COUR_AUDIO_OPT','ETENDU','ETENDU'),(348,'PSP',4,1,3,2,1,2,2,3,'INTEGRAL','INTEGRAL_ECO_SOINS_COUR_AUDIO_OPT','ETENDU','ETENDU'),(349,'PSP',2,3,1,4,1,2,2,3,'ETENDU','ETENDU_ECO_SOINS_COUR_AUDIO_OPT','INTERMEDIAIRE','INTERMEDIAIRE'),(350,'PSP',2,4,1,3,1,2,2,3,'ETENDU','ETENDU_ECO_SOINS_COUR_AUDIO_OPT','INTERMEDIAIRE','INTERMEDIAIRE'),(351,'PSP',3,2,1,4,1,2,2,3,'ETENDU','ETENDU_ECO_SOINS_COUR_AUDIO_OPT','INTERMEDIAIRE','INTERMEDIAIRE'),(352,'PSP',4,2,1,3,1,2,2,3,'INTEGRAL','INTEGRAL_ECO_SOINS_COUR_AUDIO_OPT','ETENDU','ETENDU'),(353,'PSP',3,4,1,2,1,2,2,3,'INTEGRAL','INTEGRAL_ECO_SOINS_COUR_AUDIO_OPT','ETENDU','ETENDU'),(354,'PSP',4,3,1,2,1,2,2,3,'INTEGRAL','INTEGRAL_ECO_SOINS_COUR_AUDIO_OPT','ETENDU','ETENDU'),(355,'PSP',2,3,4,1,1,2,2,3,'INTEGRAL','INTEGRAL_ECO_SOINS_COUR_AUDIO_OPT','ETENDU','ETENDU'),(356,'PSP',2,4,3,1,1,2,2,3,'INTEGRAL','INTEGRAL_ECO_SOINS_COUR_AUDIO_OPT','ETENDU','ETENDU'),(357,'PSP',3,2,4,1,1,2,2,3,'INTEGRAL','INTEGRAL_ECO_SOINS_COUR_AUDIO_OPT','ETENDU','ETENDU'),(358,'PSP',4,2,3,1,1,2,2,3,'INTEGRAL','INTEGRAL_ECO_SOINS_COUR_AUDIO_OPT','ETENDU','ETENDU'),(359,'PSP',3,4,2,1,1,2,2,3,'INTEGRAL','INTEGRAL_ECO_SOINS_COUR_AUDIO_OPT','ETENDU','ETENDU'),(360,'PSP',4,3,2,1,1,2,2,3,'INTEGRAL','INTEGRAL_ECO_SOINS_COUR_AUDIO_OPT','ETENDU','ETENDU'),(361,'PSP',1,2,3,4,1,2,3,1,'ETENDU','ETENDU_ECO_SOINS_COUR_AUDIO_DENT','INTERMEDIAIRE','INTERMEDIAIRE'),(362,'PSP',1,2,4,3,1,2,3,1,'ETENDU','ETENDU_ECO_SOINS_COUR_AUDIO_DENT','INTERMEDIAIRE','INTERMEDIAIRE'),(363,'PSP',1,3,2,4,1,2,3,1,'ETENDU','ETENDU_ECO_SOINS_COUR_AUDIO_DENT','INTERMEDIAIRE','INTERMEDIAIRE'),(364,'PSP',1,4,2,3,1,2,3,1,'ETENDU','ETENDU_ECO_SOINS_COUR_AUDIO_DENT','INTERMEDIAIRE','INTERMEDIAIRE'),(365,'PSP',1,3,4,2,1,2,3,1,'ETENDU','ETENDU_ECO_SOINS_COUR_AUDIO_DENT','INTERMEDIAIRE','INTERMEDIAIRE'),(366,'PSP',1,4,3,2,1,2,3,1,'ETENDU','ETENDU_ECO_SOINS_COUR_AUDIO_DENT','INTERMEDIAIRE','INTERMEDIAIRE'),(367,'PSP',2,1,3,4,1,2,3,1,'ETENDU','ETENDU_ECO_SOINS_COUR_AUDIO_DENT','INTERMEDIAIRE','INTERMEDIAIRE'),(368,'PSP',2,1,4,3,1,2,3,1,'ETENDU','ETENDU_ECO_SOINS_COUR_AUDIO_DENT','INTERMEDIAIRE','INTERMEDIAIRE'),(369,'PSP',3,1,2,4,1,2,3,1,'ETENDU','ETENDU_ECO_SOINS_COUR_AUDIO_DENT','INTERMEDIAIRE','INTERMEDIAIRE'),(370,'PSP',4,1,2,3,1,2,3,1,'ETENDU','ETENDU_ECO_SOINS_COUR_AUDIO_DENT','INTERMEDIAIRE','INTERMEDIAIRE'),(371,'PSP',3,1,4,2,1,2,3,1,'ETENDU','ETENDU_ECO_SOINS_COUR_AUDIO_DENT','INTERMEDIAIRE','INTERMEDIAIRE'),(372,'PSP',4,1,3,2,1,2,3,1,'ETENDU','ETENDU_ECO_SOINS_COUR_AUDIO_DENT','INTERMEDIAIRE','INTERMEDIAIRE'),(373,'PSP',2,3,1,4,1,2,3,1,'ETENDU','ETENDU_ECO_SOINS_COUR_AUDIO_DENT','INTERMEDIAIRE','INTERMEDIAIRE'),(374,'PSP',2,4,1,3,1,2,3,1,'ETENDU','ETENDU_ECO_SOINS_COUR_AUDIO_DENT','INTERMEDIAIRE','INTERMEDIAIRE'),(375,'PSP',3,2,1,4,1,2,3,1,'ETENDU','ETENDU_ECO_SOINS_COUR_AUDIO_DENT','INTERMEDIAIRE','INTERMEDIAIRE'),(376,'PSP',4,2,1,3,1,2,3,1,'ETENDU','ETENDU_ECO_SOINS_COUR_AUDIO_DENT','INTERMEDIAIRE','INTERMEDIAIRE'),(377,'PSP',3,4,1,2,1,2,3,1,'ETENDU','ETENDU_ECO_SOINS_COUR_AUDIO_DENT','INTERMEDIAIRE','INTERMEDIAIRE'),(378,'PSP',4,3,1,2,1,2,3,1,'ETENDU','ETENDU_ECO_SOINS_COUR_AUDIO_DENT','INTERMEDIAIRE','INTERMEDIAIRE'),(379,'PSP',2,3,4,1,1,2,3,1,'ETENDU','ETENDU_ECO_SOINS_COUR_AUDIO_DENT','INTERMEDIAIRE','INTERMEDIAIRE'),(380,'PSP',2,4,3,1,1,2,3,1,'ETENDU','ETENDU_ECO_SOINS_COUR_AUDIO_DENT','INTERMEDIAIRE','INTERMEDIAIRE'),(381,'PSP',3,2,4,1,1,2,3,1,'ETENDU','ETENDU_ECO_SOINS_COUR_AUDIO_DENT','INTERMEDIAIRE','INTERMEDIAIRE'),(382,'PSP',4,2,3,1,1,2,3,1,'ETENDU','ETENDU_ECO_SOINS_COUR_AUDIO_DENT','INTERMEDIAIRE','INTERMEDIAIRE'),(383,'PSP',3,4,2,1,1,2,3,1,'ETENDU','ETENDU_ECO_SOINS_COUR_AUDIO_DENT','INTERMEDIAIRE','INTERMEDIAIRE'),(384,'PSP',4,3,2,1,1,2,3,1,'ETENDU','ETENDU_ECO_SOINS_COUR_AUDIO_DENT','INTERMEDIAIRE','INTERMEDIAIRE'),(385,'PSP',1,2,3,4,1,2,3,2,'ETENDU','ETENDU_ECO_SOINS_COUR_AUDIO','ETENDU','ETENDU_ECO_SOINS_COUR_AUDIO_DENT'),(386,'PSP',1,2,4,3,1,2,3,2,'ETENDU','ETENDU_ECO_SOINS_COUR_AUDIO','ETENDU','ETENDU_ECO_SOINS_COUR_AUDIO_OPT'),(387,'PSP',1,3,2,4,1,2,3,2,'ETENDU','ETENDU_ECO_SOINS_COUR_AUDIO','ETENDU','ETENDU_ECO_SOINS_COUR_AUDIO_DENT'),(388,'PSP',1,4,2,3,1,2,3,2,'ETENDU','ETENDU_ECO_SOINS_COUR_AUDIO','ETENDU','ETENDU_ECO_SOINS_COUR_AUDIO_DENT'),(389,'PSP',1,3,4,2,1,2,3,2,'ETENDU','ETENDU_ECO_SOINS_COUR_AUDIO','ETENDU','ETENDU_ECO_SOINS_COUR_AUDIO_OPT'),(390,'PSP',1,4,3,2,1,2,3,2,'ETENDU','ETENDU_ECO_SOINS_COUR_AUDIO','ETENDU','ETENDU_ECO_SOINS_COUR_AUDIO_OPT'),(391,'PSP',2,1,3,4,1,2,3,2,'ETENDU','ETENDU_ECO_SOINS_COUR_AUDIO','ETENDU','ETENDU_ECO_SOINS_COUR_AUDIO_DENT'),(392,'PSP',2,1,4,3,1,2,3,2,'ETENDU','ETENDU_ECO_SOINS_COUR_AUDIO','ETENDU','ETENDU_ECO_SOINS_COUR_AUDIO_OPT'),(393,'PSP',3,1,2,4,1,2,3,2,'ETENDU','ETENDU_ECO_SOINS_COUR_AUDIO','ETENDU','ETENDU_ECO_SOINS_COUR_AUDIO_DENT'),(394,'PSP',4,1,2,3,1,2,3,2,'ETENDU','ETENDU_ECO_SOINS_COUR_AUDIO','ETENDU','ETENDU_ECO_SOINS_COUR_AUDIO_DENT'),(395,'PSP',3,1,4,2,1,2,3,2,'ETENDU','ETENDU_ECO_SOINS_COUR_AUDIO','ETENDU','ETENDU_ECO_SOINS_COUR_AUDIO_OPT'),(396,'PSP',4,1,3,2,1,2,3,2,'ETENDU','ETENDU_ECO_SOINS_COUR_AUDIO','ETENDU','ETENDU_ECO_SOINS_COUR_AUDIO_OPT'),(397,'PSP',2,3,1,4,1,2,3,2,'ETENDU','ETENDU_ECO_SOINS_COUR_AUDIO','ETENDU','ETENDU_ECO_SOINS_COUR_AUDIO_DENT'),(398,'PSP',2,4,1,3,1,2,3,2,'ETENDU','ETENDU_ECO_SOINS_COUR_AUDIO','ETENDU','ETENDU_ECO_SOINS_COUR_AUDIO_DENT'),(399,'PSP',3,2,1,4,1,2,3,2,'ETENDU','ETENDU_ECO_SOINS_COUR_AUDIO','ETENDU','ETENDU_ECO_SOINS_COUR_AUDIO_DENT'),(400,'PSP',4,2,1,3,1,2,3,2,'ETENDU','ETENDU_ECO_SOINS_COUR_AUDIO','ETENDU','ETENDU_ECO_SOINS_COUR_AUDIO_DENT'),(401,'PSP',3,4,1,2,1,2,3,2,'ETENDU','ETENDU_ECO_SOINS_COUR_AUDIO','ETENDU','ETENDU_ECO_SOINS_COUR_AUDIO_DENT'),(402,'PSP',4,3,1,2,1,2,3,2,'ETENDU','ETENDU_ECO_SOINS_COUR_AUDIO','ETENDU','ETENDU_ECO_SOINS_COUR_AUDIO_DENT'),(403,'PSP',2,3,4,1,1,2,3,2,'ETENDU','ETENDU_ECO_SOINS_COUR_AUDIO','ETENDU','ETENDU_ECO_SOINS_COUR_AUDIO_OPT'),(404,'PSP',2,4,3,1,1,2,3,2,'ETENDU','ETENDU_ECO_SOINS_COUR_AUDIO','ETENDU','ETENDU_ECO_SOINS_COUR_AUDIO_OPT'),(405,'PSP',3,2,4,1,1,2,3,2,'ETENDU','ETENDU_ECO_SOINS_COUR_AUDIO','ETENDU','ETENDU_ECO_SOINS_COUR_AUDIO_OPT'),(406,'PSP',4,2,3,1,1,2,3,2,'ETENDU','ETENDU_ECO_SOINS_COUR_AUDIO','ETENDU','ETENDU_ECO_SOINS_COUR_AUDIO_OPT'),(407,'PSP',3,4,2,1,1,2,3,2,'ETENDU','ETENDU_ECO_SOINS_COUR_AUDIO','ETENDU','ETENDU_ECO_SOINS_COUR_AUDIO_OPT'),(408,'PSP',4,3,2,1,1,2,3,2,'ETENDU','ETENDU_ECO_SOINS_COUR_AUDIO','ETENDU','ETENDU_ECO_SOINS_COUR_AUDIO_OPT'),(409,'PSP',1,2,3,4,1,2,3,3,'ETENDU','ETENDU_ECO_SOINS_COUR_AUDIO','ETENDU','ETENDU_ECO_SOINS_COUR_AUDIO_DENT'),(410,'PSP',1,2,4,3,1,2,3,3,'ETENDU','ETENDU_ECO_SOINS_COUR_AUDIO','ETENDU','ETENDU_ECO_SOINS_COUR_AUDIO_OPT'),(411,'PSP',1,3,2,4,1,2,3,3,'ETENDU','ETENDU_ECO_SOINS_COUR_AUDIO','ETENDU','ETENDU_ECO_SOINS_COUR_AUDIO_DENT'),(412,'PSP',1,4,2,3,1,2,3,3,'ETENDU','ETENDU_ECO_SOINS_COUR_AUDIO','ETENDU','ETENDU_ECO_SOINS_COUR_AUDIO_DENT'),(413,'PSP',1,3,4,2,1,2,3,3,'ETENDU','ETENDU_ECO_SOINS_COUR_AUDIO','ETENDU','ETENDU_ECO_SOINS_COUR_AUDIO_OPT'),(414,'PSP',1,4,3,2,1,2,3,3,'ETENDU','ETENDU_ECO_SOINS_COUR_AUDIO','ETENDU','ETENDU_ECO_SOINS_COUR_AUDIO_OPT'),(415,'PSP',2,1,3,4,1,2,3,3,'ETENDU','ETENDU_ECO_SOINS_COUR_AUDIO','ETENDU','ETENDU_ECO_SOINS_COUR_AUDIO_DENT'),(416,'PSP',2,1,4,3,1,2,3,3,'ETENDU','ETENDU_ECO_SOINS_COUR_AUDIO','ETENDU','ETENDU_ECO_SOINS_COUR_AUDIO_OPT'),(417,'PSP',3,1,2,4,1,2,3,3,'ETENDU','ETENDU_ECO_SOINS_COUR_AUDIO','ETENDU','ETENDU_ECO_SOINS_COUR_AUDIO_DENT'),(418,'PSP',4,1,2,3,1,2,3,3,'INTEGRAL','INTEGRAL_ECO_SOINS_COUR_AUDIO','INTEGRAL','INTEGRAL_ECO_SOINS_COUR_AUDIO_DENT'),(419,'PSP',3,1,4,2,1,2,3,3,'INTEGRAL','INTEGRAL_ECO_SOINS_COUR_AUDIO','INTEGRAL','INTEGRAL_ECO_SOINS_COUR_AUDIO_OPT'),(420,'PSP',4,1,3,2,1,2,3,3,'INTEGRAL','INTEGRAL_ECO_SOINS_COUR_AUDIO','INTEGRAL','INTEGRAL_ECO_SOINS_COUR_AUDIO_OPT'),(421,'PSP',2,3,1,4,1,2,3,3,'ETENDU','ETENDU_ECO_SOINS_COUR_AUDIO','ETENDU','ETENDU_ECO_SOINS_COUR_AUDIO_DENT'),(422,'PSP',2,4,1,3,1,2,3,3,'ETENDU','ETENDU_ECO_SOINS_COUR_AUDIO','ETENDU','ETENDU_ECO_SOINS_COUR_AUDIO_DENT'),(423,'PSP',3,2,1,4,1,2,3,3,'ETENDU','ETENDU_ECO_SOINS_COUR_AUDIO','ETENDU','ETENDU_ECO_SOINS_COUR_AUDIO_DENT'),(424,'PSP',4,2,1,3,1,2,3,3,'INTEGRAL','INTEGRAL_ECO_SOINS_COUR_AUDIO','INTEGRAL','INTEGRAL_ECO_SOINS_COUR_AUDIO_DENT'),(425,'PSP',3,4,1,2,1,2,3,3,'INTEGRAL','INTEGRAL_ECO_SOINS_COUR_AUDIO','INTEGRAL','INTEGRAL_ECO_SOINS_COUR_AUDIO_DENT'),(426,'PSP',4,3,1,2,1,2,3,3,'INTEGRAL','INTEGRAL_ECO_SOINS_COUR_AUDIO','INTEGRAL','INTEGRAL_ECO_SOINS_COUR_AUDIO_DENT'),(427,'PSP',2,3,4,1,1,2,3,3,'INTEGRAL','INTEGRAL_ECO_SOINS_COUR_AUDIO','INTEGRAL','INTEGRAL_ECO_SOINS_COUR_AUDIO_OPT'),(428,'PSP',2,4,3,1,1,2,3,3,'INTEGRAL','INTEGRAL_ECO_SOINS_COUR_AUDIO','INTEGRAL','INTEGRAL_ECO_SOINS_COUR_AUDIO_OPT'),(429,'PSP',3,2,4,1,1,2,3,3,'INTEGRAL','INTEGRAL_ECO_SOINS_COUR_AUDIO','INTEGRAL','INTEGRAL_ECO_SOINS_COUR_AUDIO_OPT'),(430,'PSP',4,2,3,1,1,2,3,3,'INTEGRAL','INTEGRAL_ECO_SOINS_COUR_AUDIO','INTEGRAL','INTEGRAL_ECO_SOINS_COUR_AUDIO_OPT'),(431,'PSP',3,4,2,1,1,2,3,3,'INTEGRAL','INTEGRAL_ECO_SOINS_COUR_AUDIO','INTEGRAL','INTEGRAL_ECO_SOINS_COUR_AUDIO_OPT'),(432,'PSP',4,3,2,1,1,2,3,3,'INTEGRAL','INTEGRAL_ECO_SOINS_COUR_AUDIO','INTEGRAL','INTEGRAL_ECO_SOINS_COUR_AUDIO_OPT'),(433,'PSP',1,2,3,4,1,3,1,1,'ETENDU','ETENDU_ECO_OPT_DENT','INTERMEDIAIRE','INTERMEDIAIRE'),(434,'PSP',1,2,4,3,1,3,1,1,'ETENDU','ETENDU_ECO_OPT_DENT','INTERMEDIAIRE','INTERMEDIAIRE'),(435,'PSP',1,3,2,4,1,3,1,1,'INTERMEDIAIRE','INTERMEDIAIRE_ECO_OPT_DENT','INITIAL','INITIAL'),(436,'PSP',1,4,2,3,1,3,1,1,'INTERMEDIAIRE','INTERMEDIAIRE_ECO_OPT_DENT','INITIAL','INITIAL'),(437,'PSP',1,3,4,2,1,3,1,1,'INTERMEDIAIRE','INTERMEDIAIRE_ECO_OPT_DENT','INITIAL','INITIAL'),(438,'PSP',1,4,3,2,1,3,1,1,'INTERMEDIAIRE','INTERMEDIAIRE_ECO_OPT_DENT','INITIAL','INITIAL'),(439,'PSP',2,1,3,4,1,3,1,1,'ETENDU','ETENDU_ECO_OPT_DENT','INTERMEDIAIRE','INTERMEDIAIRE'),(440,'PSP',2,1,4,3,1,3,1,1,'ETENDU','ETENDU_ECO_OPT_DENT','INTERMEDIAIRE','INTERMEDIAIRE'),(441,'PSP',3,1,2,4,1,3,1,1,'ETENDU','ETENDU_ECO_OPT_DENT','INTERMEDIAIRE','INTERMEDIAIRE'),(442,'PSP',4,1,2,3,1,3,1,1,'ETENDU','ETENDU_ECO_OPT_DENT','INTERMEDIAIRE','INTERMEDIAIRE'),(443,'PSP',3,1,4,2,1,3,1,1,'ETENDU','ETENDU_ECO_OPT_DENT','INTERMEDIAIRE','INTERMEDIAIRE'),(444,'PSP',4,1,3,2,1,3,1,1,'ETENDU','ETENDU_ECO_OPT_DENT','INTERMEDIAIRE','INTERMEDIAIRE'),(445,'PSP',2,3,1,4,1,3,1,1,'ETENDU','ETENDU_ECO_OPT_DENT','INTERMEDIAIRE','INTERMEDIAIRE'),(446,'PSP',2,4,1,3,1,3,1,1,'INTERMEDIAIRE','INTERMEDIAIRE_ECO_OPT_DENT','INITIAL','INITIAL'),(447,'PSP',3,2,1,4,1,3,1,1,'ETENDU','ETENDU_ECO_OPT_DENT','INTERMEDIAIRE','INTERMEDIAIRE'),(448,'PSP',4,2,1,3,1,3,1,1,'ETENDU','ETENDU_ECO_OPT_DENT','INTERMEDIAIRE','INTERMEDIAIRE'),(449,'PSP',3,4,1,2,1,3,1,1,'INTERMEDIAIRE','INTERMEDIAIRE_ECO_OPT_DENT','INITIAL','INITIAL'),(450,'PSP',4,3,1,2,1,3,1,1,'ETENDU','ETENDU_ECO_OPT_DENT','INTERMEDIAIRE','INTERMEDIAIRE'),(451,'PSP',2,3,4,1,1,3,1,1,'ETENDU','ETENDU_ECO_OPT_DENT','INTERMEDIAIRE','INTERMEDIAIRE'),(452,'PSP',2,4,3,1,1,3,1,1,'INTERMEDIAIRE','INTERMEDIAIRE_ECO_OPT_DENT','INITIAL','INITIAL'),(453,'PSP',3,2,4,1,1,3,1,1,'ETENDU','ETENDU_ECO_OPT_DENT','INTERMEDIAIRE','INTERMEDIAIRE'),(454,'PSP',4,2,3,1,1,3,1,1,'ETENDU','ETENDU_ECO_OPT_DENT','INTERMEDIAIRE','INTERMEDIAIRE'),(455,'PSP',3,4,2,1,1,3,1,1,'INTERMEDIAIRE','INTERMEDIAIRE_ECO_OPT_DENT','INITIAL','INITIAL'),(456,'PSP',4,3,2,1,1,3,1,1,'ETENDU','ETENDU_ECO_OPT_DENT','INTERMEDIAIRE','INTERMEDIAIRE'),(457,'PSP',1,2,3,4,1,3,1,2,'ETENDU','ETENDU_ECO_OPT','ETENDU','ETENDU_ECO_OPT_DENT'),(458,'PSP',1,2,4,3,1,3,1,2,'ETENDU','ETENDU_ECO_OPT','ETENDU','ETENDU_ECO_OPT_DENT'),(459,'PSP',1,3,2,4,1,3,1,2,'INTERMEDIAIRE','INTERMEDIAIRE_ECO_OPT','INTERMEDIAIRE','INTERMEDIAIRE_ECO_OPT_DENT'),(460,'PSP',1,4,2,3,1,3,1,2,'INTERMEDIAIRE','INTERMEDIAIRE_ECO_OPT','INTERMEDIAIRE','INTERMEDIAIRE_ECO_SOINS_COUR_AUDIO_OPT'),(461,'PSP',1,3,4,2,1,3,1,2,'INTERMEDIAIRE','INTERMEDIAIRE_ECO_OPT','INTERMEDIAIRE','INTERMEDIAIRE_ECO_SOINS_COUR_AUDIO_OPT'),(462,'PSP',1,4,3,2,1,3,1,2,'INTERMEDIAIRE','INTERMEDIAIRE_ECO_OPT','INTERMEDIAIRE','INTERMEDIAIRE_ECO_SOINS_COUR_AUDIO_OPT'),(463,'PSP',2,1,3,4,1,3,1,2,'ETENDU','ETENDU_ECO_OPT','ETENDU','ETENDU_ECO_OPT_DENT'),(464,'PSP',2,1,4,3,1,3,1,2,'ETENDU','ETENDU_ECO_OPT','ETENDU','ETENDU_ECO_OPT_DENT'),(465,'PSP',3,1,2,4,1,3,1,2,'ETENDU','ETENDU_ECO_OPT','ETENDU','ETENDU_ECO_OPT_DENT'),(466,'PSP',4,1,2,3,1,3,1,2,'ETENDU','ETENDU_ECO_OPT','ETENDU','ETENDU_ECO_OPT_DENT'),(467,'PSP',3,1,4,2,1,3,1,2,'ETENDU','ETENDU_ECO_OPT','ETENDU','ETENDU_ECO_OPT_DENT'),(468,'PSP',4,1,3,2,1,3,1,2,'ETENDU','ETENDU_ECO_OPT','ETENDU','ETENDU_ECO_OPT_DENT'),(469,'PSP',2,3,1,4,1,3,1,2,'ETENDU','ETENDU_ECO_OPT','ETENDU','ETENDU_ECO_OPT_DENT'),(470,'PSP',2,4,1,3,1,3,1,2,'INTERMEDIAIRE','INTERMEDIAIRE_ECO_OPT','INTERMEDIAIRE','INTERMEDIAIRE_ECO_SOINS_COUR_AUDIO_OPT'),(471,'PSP',3,2,1,4,1,3,1,2,'ETENDU','ETENDU_ECO_OPT','ETENDU','ETENDU_ECO_OPT_DENT'),(472,'PSP',4,2,1,3,1,3,1,2,'ETENDU','ETENDU_ECO_OPT','ETENDU','ETENDU_ECO_OPT_DENT'),(473,'PSP',3,4,1,2,1,3,1,2,'INTERMEDIAIRE','INTERMEDIAIRE_ECO_OPT','INTERMEDIAIRE','INTERMEDIAIRE_ECO_SOINS_COUR_AUDIO_OPT'),(474,'PSP',4,3,1,2,1,3,1,2,'ETENDU','ETENDU_ECO_OPT','ETENDU','ETENDU_ECO_SOINS_COUR_AUDIO_OPT'),(475,'PSP',2,3,4,1,1,3,1,2,'ETENDU','ETENDU_ECO_OPT','ETENDU','ETENDU_ECO_SOINS_COUR_AUDIO_OPT'),(476,'PSP',2,4,3,1,1,3,1,2,'INTERMEDIAIRE','INTERMEDIAIRE_ECO_OPT','INTERMEDIAIRE','INTERMEDIAIRE_ECO_SOINS_COUR_AUDIO_OPT'),(477,'PSP',3,2,4,1,1,3,1,2,'ETENDU','ETENDU_ECO_OPT','ETENDU','ETENDU_ECO_SOINS_COUR_AUDIO_OPT'),(478,'PSP',4,2,3,1,1,3,1,2,'ETENDU','ETENDU_ECO_OPT','ETENDU','ETENDU_ECO_SOINS_COUR_AUDIO_OPT'),(479,'PSP',3,4,2,1,1,3,1,2,'INTERMEDIAIRE','INTERMEDIAIRE_ECO_OPT','INTERMEDIAIRE','INTERMEDIAIRE_ECO_SOINS_COUR_AUDIO_OPT'),(480,'PSP',4,3,2,1,1,3,1,2,'ETENDU','ETENDU_ECO_OPT','ETENDU','ETENDU_ECO_SOINS_COUR_AUDIO_OPT'),(481,'PSP',1,2,3,4,1,3,1,3,'ETENDU','ETENDU_ECO_OPT','ETENDU','ETENDU_ECO_OPT_DENT'),(482,'PSP',1,2,4,3,1,3,1,3,'ETENDU','ETENDU_ECO_OPT','ETENDU','ETENDU_ECO_OPT_DENT'),(483,'PSP',1,3,2,4,1,3,1,3,'ETENDU','ETENDU_ECO_OPT','ETENDU','ETENDU_ECO_OPT_DENT'),(484,'PSP',1,4,2,3,1,3,1,3,'INTERMEDIAIRE','INTERMEDIAIRE_ECO_OPT','INTERMEDIAIRE','INTERMEDIAIRE_ECO_SOINS_COUR_AUDIO_OPT'),(485,'PSP',1,3,4,2,1,3,1,3,'ETENDU','ETENDU_ECO_OPT','ETENDU','ETENDU_ECO_SOINS_COUR_AUDIO_OPT'),(486,'PSP',1,4,3,2,1,3,1,3,'ETENDU','ETENDU_ECO_OPT','ETENDU','ETENDU_ECO_SOINS_COUR_AUDIO_OPT'),(487,'PSP',2,1,3,4,1,3,1,3,'ETENDU','ETENDU_ECO_OPT','ETENDU','ETENDU_ECO_OPT_DENT'),(488,'PSP',2,1,4,3,1,3,1,3,'ETENDU','ETENDU_ECO_OPT','ETENDU','ETENDU_ECO_OPT_DENT'),(489,'PSP',3,1,2,4,1,3,1,3,'ETENDU','ETENDU_ECO_OPT','ETENDU','ETENDU_ECO_OPT_DENT'),(490,'PSP',4,1,2,3,1,3,1,3,'INTEGRAL','INTEGRAL_ECO_OPT','INTEGRAL','INTEGRAL_ECO_OPT_DENT'),(491,'PSP',3,1,4,2,1,3,1,3,'INTEGRAL','INTEGRAL_ECO_OPT','INTEGRAL','INTEGRAL_ECO_OPT_DENT'),(492,'PSP',4,1,3,2,1,3,1,3,'INTEGRAL','INTEGRAL_ECO_OPT','INTEGRAL','INTEGRAL_ECO_OPT_DENT'),(493,'PSP',2,3,1,4,1,3,1,3,'ETENDU','ETENDU_ECO_OPT','ETENDU','ETENDU_ECO_OPT_DENT'),(494,'PSP',2,4,1,3,1,3,1,3,'ETENDU','ETENDU_ECO_OPT','ETENDU','ETENDU_ECO_SOINS_COUR_AUDIO_OPT'),(495,'PSP',3,2,1,4,1,3,1,3,'ETENDU','ETENDU_ECO_OPT','ETENDU','ETENDU_ECO_OPT_DENT'),(496,'PSP',4,2,1,3,1,3,1,3,'INTEGRAL','INTEGRAL_ECO_OPT','INTEGRAL','INTEGRAL_ECO_OPT_DENT'),(497,'PSP',3,4,1,2,1,3,1,3,'INTEGRAL','INTEGRAL_ECO_OPT','INTEGRAL','INTEGRAL_ECO_SOINS_COUR_AUDIO_OPT'),(498,'PSP',4,3,1,2,1,3,1,3,'INTEGRAL','INTEGRAL_ECO_OPT','INTEGRAL','INTEGRAL_ECO_SOINS_COUR_AUDIO_OPT'),(499,'PSP',2,3,4,1,1,3,1,3,'INTEGRAL','INTEGRAL_ECO_OPT','INTEGRAL','INTEGRAL_ECO_SOINS_COUR_AUDIO_OPT'),(500,'PSP',2,4,3,1,1,3,1,3,'INTEGRAL','INTEGRAL_ECO_OPT','INTEGRAL','INTEGRAL_ECO_SOINS_COUR_AUDIO_OPT'),(501,'PSP',3,2,4,1,1,3,1,3,'INTEGRAL','INTEGRAL_ECO_OPT','INTEGRAL','INTEGRAL_ECO_SOINS_COUR_AUDIO_OPT'),(502,'PSP',4,2,3,1,1,3,1,3,'INTEGRAL','INTEGRAL_ECO_OPT','INTEGRAL','INTEGRAL_ECO_SOINS_COUR_AUDIO_OPT'),(503,'PSP',3,4,2,1,1,3,1,3,'INTEGRAL','INTEGRAL_ECO_OPT','INTEGRAL','INTEGRAL_ECO_SOINS_COUR_AUDIO_OPT'),(504,'PSP',4,3,2,1,1,3,1,3,'INTEGRAL','INTEGRAL_ECO_OPT','INTEGRAL','INTEGRAL_ECO_SOINS_COUR_AUDIO_OPT'),(505,'PSP',1,2,3,4,1,3,2,1,'ETENDU','ETENDU_ECO_OPT_DENT','INTERMEDIAIRE','INTERMEDIAIRE'),(506,'PSP',1,2,4,3,1,3,2,1,'ETENDU','ETENDU_ECO_OPT_DENT','INTERMEDIAIRE','INTERMEDIAIRE'),(507,'PSP',1,3,2,4,1,3,2,1,'INTERMEDIAIRE','INTERMEDIAIRE_ECO_DENT','INTERMEDIAIRE','INTERMEDIAIRE_ECO_SOINS_COUR_AUDIO_DENT'),(508,'PSP',1,4,2,3,1,3,2,1,'INTERMEDIAIRE','INTERMEDIAIRE_ECO_DENT','INTERMEDIAIRE','INTERMEDIAIRE_ECO_SOINS_COUR_AUDIO_DENT'),(509,'PSP',1,3,4,2,1,3,2,1,'INTERMEDIAIRE','INTERMEDIAIRE_ECO_DENT','INTERMEDIAIRE','INTERMEDIAIRE_ECO_OPT_DENT'),(510,'PSP',1,4,3,2,1,3,2,1,'INTERMEDIAIRE','INTERMEDIAIRE_ECO_DENT','INTERMEDIAIRE','INTERMEDIAIRE_ECO_SOINS_COUR_AUDIO_DENT'),(511,'PSP',2,1,3,4,1,3,2,1,'ETENDU','ETENDU_ECO_OPT_DENT','INTERMEDIAIRE','INTERMEDIAIRE'),(512,'PSP',2,1,4,3,1,3,2,1,'ETENDU','ETENDU_ECO_OPT_DENT','INTERMEDIAIRE','INTERMEDIAIRE'),(513,'PSP',3,1,2,4,1,3,2,1,'ETENDU','ETENDU_ECO_OPT_DENT','INTERMEDIAIRE','INTERMEDIAIRE'),(514,'PSP',4,1,2,3,1,3,2,1,'ETENDU','ETENDU_ECO_OPT_DENT','INTERMEDIAIRE','INTERMEDIAIRE'),(515,'PSP',3,1,4,2,1,3,2,1,'ETENDU','ETENDU_ECO_OPT_DENT','INTERMEDIAIRE','INTERMEDIAIRE'),(516,'PSP',4,1,3,2,1,3,2,1,'ETENDU','ETENDU_ECO_OPT_DENT','INTERMEDIAIRE','INTERMEDIAIRE'),(517,'PSP',2,3,1,4,1,3,2,1,'ETENDU','ETENDU_ECO_OPT_DENT','INTERMEDIAIRE','INTERMEDIAIRE'),(518,'PSP',2,4,1,3,1,3,2,1,'INTERMEDIAIRE','INTERMEDIAIRE_ECO_DENT','INTERMEDIAIRE','INTERMEDIAIRE_ECO_SOINS_COUR_AUDIO_DENT'),(519,'PSP',3,2,1,4,1,3,2,1,'ETENDU','ETENDU_ECO_OPT_DENT','INTERMEDIAIRE','INTERMEDIAIRE'),(520,'PSP',4,2,1,3,1,3,2,1,'ETENDU','ETENDU_ECO_OPT_DENT','INTERMEDIAIRE','INTERMEDIAIRE'),(521,'PSP',3,4,1,2,1,3,2,1,'INTERMEDIAIRE','INTERMEDIAIRE_ECO_DENT','INTERMEDIAIRE','INTERMEDIAIRE_ECO_SOINS_COUR_AUDIO_DENT'),(522,'PSP',4,3,1,2,1,3,2,1,'ETENDU','ETENDU_ECO_OPT_DENT','INTERMEDIAIRE','INTERMEDIAIRE'),(523,'PSP',2,3,4,1,1,3,2,1,'ETENDU','ETENDU_ECO_OPT_DENT','INTERMEDIAIRE','INTERMEDIAIRE'),(524,'PSP',2,4,3,1,1,3,2,1,'INTERMEDIAIRE','INTERMEDIAIRE_ECO_DENT','INTERMEDIAIRE','INTERMEDIAIRE_ECO_SOINS_COUR_AUDIO_DENT'),(525,'PSP',3,2,4,1,1,3,2,1,'ETENDU','ETENDU_ECO_OPT_DENT','INTERMEDIAIRE','INTERMEDIAIRE'),(526,'PSP',4,2,3,1,1,3,2,1,'ETENDU','ETENDU_ECO_OPT_DENT','INTERMEDIAIRE','INTERMEDIAIRE'),(527,'PSP',3,4,2,1,1,3,2,1,'INTERMEDIAIRE','INTERMEDIAIRE_ECO_DENT','INTERMEDIAIRE','INTERMEDIAIRE_ECO_SOINS_COUR_AUDIO_DENT'),(528,'PSP',4,3,2,1,1,3,2,1,'ETENDU','ETENDU_ECO_OPT_DENT','INTERMEDIAIRE','INTERMEDIAIRE'),(529,'PSP',1,2,3,4,1,3,2,2,'ETENDU','ETENDU_ECO_OPT','ETENDU','ETENDU_ECO_OPT_DENT'),(530,'PSP',1,2,4,3,1,3,2,2,'ETENDU','ETENDU_ECO_OPT','ETENDU','ETENDU_ECO_OPT_DENT'),(531,'PSP',1,3,2,4,1,3,2,2,'INTERMEDIAIRE','INTERMEDIAIRE','INTERMEDIAIRE','INTERMEDIAIRE_ECO_DENT'),(532,'PSP',1,4,2,3,1,3,2,2,'INTERMEDIAIRE','INTERMEDIAIRE','INTERMEDIAIRE','INTERMEDIAIRE_ECO_SOINS_COUR_AUDIO'),(533,'PSP',1,3,4,2,1,3,2,2,'INTERMEDIAIRE','INTERMEDIAIRE','INTERMEDIAIRE','INTERMEDIAIRE_ECO_OPT'),(534,'PSP',1,4,3,2,1,3,2,2,'INTERMEDIAIRE','INTERMEDIAIRE','INTERMEDIAIRE','INTERMEDIAIRE_ECO_SOINS_COUR_AUDIO'),(535,'PSP',2,1,3,4,1,3,2,2,'ETENDU','ETENDU_ECO_OPT','ETENDU','ETENDU_ECO_OPT_DENT'),(536,'PSP',2,1,4,3,1,3,2,2,'ETENDU','ETENDU_ECO_OPT','ETENDU','ETENDU_ECO_OPT_DENT'),(537,'PSP',3,1,2,4,1,3,2,2,'ETENDU','ETENDU_ECO_OPT','ETENDU','ETENDU_ECO_OPT_DENT'),(538,'PSP',4,1,2,3,1,3,2,2,'ETENDU','ETENDU_ECO_OPT','ETENDU','ETENDU_ECO_OPT_DENT'),(539,'PSP',3,1,4,2,1,3,2,2,'ETENDU','ETENDU_ECO_OPT','ETENDU','ETENDU_ECO_OPT_DENT'),(540,'PSP',4,1,3,2,1,3,2,2,'ETENDU','ETENDU_ECO_OPT','ETENDU','ETENDU_ECO_OPT_DENT'),(541,'PSP',2,3,1,4,1,3,2,2,'ETENDU','ETENDU_ECO_OPT','ETENDU','ETENDU_ECO_OPT_DENT'),(542,'PSP',2,4,1,3,1,3,2,2,'INTERMEDIAIRE','INTERMEDIAIRE','INTERMEDIAIRE','INTERMEDIAIRE_ECO_SOINS_COUR_AUDIO'),(543,'PSP',3,2,1,4,1,3,2,2,'ETENDU','ETENDU_ECO_OPT','ETENDU','ETENDU_ECO_OPT_DENT'),(544,'PSP',4,2,1,3,1,3,2,2,'ETENDU','ETENDU_ECO_OPT','ETENDU','ETENDU_ECO_OPT_DENT'),(545,'PSP',3,4,1,2,1,3,2,2,'INTERMEDIAIRE','INTERMEDIAIRE','INTERMEDIAIRE','INTERMEDIAIRE_ECO_SOINS_COUR_AUDIO'),(546,'PSP',4,3,1,2,1,3,2,2,'ETENDU','ETENDU_ECO_OPT','ETENDU','ETENDU_ECO_SOINS_COUR_AUDIO_OPT'),(547,'PSP',2,3,4,1,1,3,2,2,'ETENDU','ETENDU_ECO_OPT','ETENDU','ETENDU_ECO_SOINS_COUR_AUDIO_OPT'),(548,'PSP',2,4,3,1,1,3,2,2,'INTERMEDIAIRE','INTERMEDIAIRE','INTERMEDIAIRE','INTERMEDIAIRE_ECO_SOINS_COUR_AUDIO'),(549,'PSP',3,2,4,1,1,3,2,2,'ETENDU','ETENDU_ECO_OPT','ETENDU','ETENDU_ECO_SOINS_COUR_AUDIO_OPT'),(550,'PSP',4,2,3,1,1,3,2,2,'ETENDU','ETENDU_ECO_OPT','ETENDU','ETENDU_ECO_SOINS_COUR_AUDIO_OPT'),(551,'PSP',3,4,2,1,1,3,2,2,'INTERMEDIAIRE','INTERMEDIAIRE','INTERMEDIAIRE','INTERMEDIAIRE_ECO_SOINS_COUR_AUDIO'),(552,'PSP',4,3,2,1,1,3,2,2,'ETENDU','ETENDU_ECO_OPT','ETENDU','ETENDU_ECO_SOINS_COUR_AUDIO_OPT'),(553,'PSP',1,2,3,4,1,3,2,3,'ETENDU','ETENDU_ECO_OPT','ETENDU','ETENDU_ECO_OPT_DENT'),(554,'PSP',1,2,4,3,1,3,2,3,'ETENDU','ETENDU_ECO_OPT','ETENDU','ETENDU_ECO_OPT_DENT'),(555,'PSP',1,3,2,4,1,3,2,3,'ETENDU','ETENDU_ECO_OPT','ETENDU','ETENDU_ECO_OPT_DENT'),(556,'PSP',1,4,2,3,1,3,2,3,'INTERMEDIAIRE','INTERMEDIAIRE','INTERMEDIAIRE','INTERMEDIAIRE_ECO_SOINS_COUR_AUDIO'),(557,'PSP',1,3,4,2,1,3,2,3,'ETENDU','ETENDU_ECO_OPT','ETENDU','ETENDU_ECO_SOINS_COUR_AUDIO_OPT'),(558,'PSP',1,4,3,2,1,3,2,3,'ETENDU','ETENDU_ECO_OPT','ETENDU','ETENDU_ECO_SOINS_COUR_AUDIO_OPT'),(559,'PSP',2,1,3,4,1,3,2,3,'ETENDU','ETENDU_ECO_OPT','ETENDU','ETENDU_ECO_OPT_DENT'),(560,'PSP',2,1,4,3,1,3,2,3,'ETENDU','ETENDU_ECO_OPT','ETENDU','ETENDU_ECO_OPT_DENT'),(561,'PSP',3,1,2,4,1,3,2,3,'ETENDU','ETENDU_ECO_OPT','ETENDU','ETENDU_ECO_OPT_DENT'),(562,'PSP',4,1,2,3,1,3,2,3,'INTEGRAL','INTEGRAL_ECO_OPT','INTEGRAL','INTEGRAL_ECO_OPT_DENT'),(563,'PSP',3,1,4,2,1,3,2,3,'INTEGRAL','INTEGRAL_ECO_OPT','INTEGRAL','INTEGRAL_ECO_OPT_DENT'),(564,'PSP',4,1,3,2,1,3,2,3,'INTEGRAL','INTEGRAL_ECO_OPT','INTEGRAL','INTEGRAL_ECO_OPT_DENT'),(565,'PSP',2,3,1,4,1,3,2,3,'ETENDU','ETENDU_ECO_OPT','ETENDU','ETENDU_ECO_OPT_DENT'),(566,'PSP',2,4,1,3,1,3,2,3,'ETENDU','ETENDU_ECO_OPT','ETENDU','ETENDU_ECO_SOINS_COUR_AUDIO_OPT'),(567,'PSP',3,2,1,4,1,3,2,3,'ETENDU','ETENDU_ECO_OPT','ETENDU','ETENDU_ECO_OPT_DENT'),(568,'PSP',4,2,1,3,1,3,2,3,'INTEGRAL','INTEGRAL_ECO_OPT','INTEGRAL','INTEGRAL_ECO_OPT_DENT'),(569,'PSP',3,4,1,2,1,3,2,3,'INTEGRAL','INTEGRAL_ECO_OPT','INTEGRAL','INTEGRAL_ECO_SOINS_COUR_AUDIO_OPT'),(570,'PSP',4,3,1,2,1,3,2,3,'INTEGRAL','INTEGRAL_ECO_OPT','INTEGRAL','INTEGRAL_ECO_SOINS_COUR_AUDIO_OPT'),(571,'PSP',2,3,4,1,1,3,2,3,'INTEGRAL','INTEGRAL_ECO_OPT','INTEGRAL','INTEGRAL_ECO_SOINS_COUR_AUDIO_OPT'),(572,'PSP',2,4,3,1,1,3,2,3,'INTEGRAL','INTEGRAL_ECO_OPT','INTEGRAL','INTEGRAL_ECO_SOINS_COUR_AUDIO_OPT'),(573,'PSP',3,2,4,1,1,3,2,3,'INTEGRAL','INTEGRAL_ECO_OPT','INTEGRAL','INTEGRAL_ECO_SOINS_COUR_AUDIO_OPT'),(574,'PSP',4,2,3,1,1,3,2,3,'INTEGRAL','INTEGRAL_ECO_OPT','INTEGRAL','INTEGRAL_ECO_SOINS_COUR_AUDIO_OPT'),(575,'PSP',3,4,2,1,1,3,2,3,'INTEGRAL','INTEGRAL_ECO_OPT','INTEGRAL','INTEGRAL_ECO_SOINS_COUR_AUDIO_OPT'),(576,'PSP',4,3,2,1,1,3,2,3,'INTEGRAL','INTEGRAL_ECO_OPT','INTEGRAL','INTEGRAL_ECO_SOINS_COUR_AUDIO_OPT'),(577,'PSP',1,2,3,4,1,3,3,1,'ETENDU','ETENDU_ECO_DENT','ETENDU','ETENDU_ECO_OPT_DENT'),(578,'PSP',1,2,4,3,1,3,3,1,'ETENDU','ETENDU_ECO_DENT','ETENDU','ETENDU_ECO_OPT_DENT'),(579,'PSP',1,3,2,4,1,3,3,1,'ETENDU','ETENDU_ECO_DENT','ETENDU','ETENDU_ECO_SOINS_COUR_AUDIO_DENT'),(580,'PSP',1,4,2,3,1,3,3,1,'ETENDU','ETENDU_ECO_DENT','ETENDU','ETENDU_ECO_SOINS_COUR_AUDIO_DENT'),(581,'PSP',1,3,4,2,1,3,3,1,'ETENDU','ETENDU_ECO_DENT','ETENDU','ETENDU_ECO_OPT_DENT'),(582,'PSP',1,4,3,2,1,3,3,1,'ETENDU','ETENDU_ECO_DENT','ETENDU','ETENDU_ECO_SOINS_COUR_AUDIO_DENT'),(583,'PSP',2,1,3,4,1,3,3,1,'ETENDU','ETENDU_ECO_DENT','ETENDU','ETENDU_ECO_OPT_DENT'),(584,'PSP',2,1,4,3,1,3,3,1,'ETENDU','ETENDU_ECO_DENT','ETENDU','ETENDU_ECO_OPT_DENT'),(585,'PSP',3,1,2,4,1,3,3,1,'ETENDU','ETENDU_ECO_DENT','ETENDU','ETENDU_ECO_OPT_DENT'),(586,'PSP',4,1,2,3,1,3,3,1,'ETENDU','ETENDU_ECO_DENT','ETENDU','ETENDU_ECO_OPT_DENT'),(587,'PSP',3,1,4,2,1,3,3,1,'ETENDU','ETENDU_ECO_DENT','ETENDU','ETENDU_ECO_OPT_DENT'),(588,'PSP',4,1,3,2,1,3,3,1,'ETENDU','ETENDU_ECO_DENT','ETENDU','ETENDU_ECO_OPT_DENT'),(589,'PSP',2,3,1,4,1,3,3,1,'ETENDU','ETENDU_ECO_DENT','ETENDU','ETENDU_ECO_SOINS_COUR_AUDIO_DENT'),(590,'PSP',2,4,1,3,1,3,3,1,'ETENDU','ETENDU_ECO_DENT','ETENDU','ETENDU_ECO_SOINS_COUR_AUDIO_DENT'),(591,'PSP',3,2,1,4,1,3,3,1,'ETENDU','ETENDU_ECO_DENT','ETENDU','ETENDU_ECO_SOINS_COUR_AUDIO_DENT'),(592,'PSP',4,2,1,3,1,3,3,1,'ETENDU','ETENDU_ECO_DENT','ETENDU','ETENDU_ECO_SOINS_COUR_AUDIO_DENT'),(593,'PSP',3,4,1,2,1,3,3,1,'ETENDU','ETENDU_ECO_DENT','ETENDU','ETENDU_ECO_SOINS_COUR_AUDIO_DENT'),(594,'PSP',4,3,1,2,1,3,3,1,'ETENDU','ETENDU_ECO_DENT','ETENDU','ETENDU_ECO_SOINS_COUR_AUDIO_DENT'),(595,'PSP',2,3,4,1,1,3,3,1,'ETENDU','ETENDU_ECO_DENT','ETENDU','ETENDU_ECO_OPT_DENT'),(596,'PSP',2,4,3,1,1,3,3,1,'ETENDU','ETENDU_ECO_DENT','ETENDU','ETENDU_ECO_SOINS_COUR_AUDIO_DENT'),(597,'PSP',3,2,4,1,1,3,3,1,'ETENDU','ETENDU_ECO_DENT','ETENDU','ETENDU_ECO_OPT_DENT'),(598,'PSP',4,2,3,1,1,3,3,1,'ETENDU','ETENDU_ECO_DENT','ETENDU','ETENDU_ECO_OPT_DENT'),(599,'PSP',3,4,2,1,1,3,3,1,'ETENDU','ETENDU_ECO_DENT','ETENDU','ETENDU_ECO_SOINS_COUR_AUDIO_DENT'),(600,'PSP',4,3,2,1,1,3,3,1,'ETENDU','ETENDU_ECO_DENT','ETENDU','ETENDU_ECO_SOINS_COUR_AUDIO_DENT'),(601,'PSP',1,2,3,4,1,3,3,2,'ETENDU','ETENDU','ETENDU','ETENDU_ECO_DENT'),(602,'PSP',1,2,4,3,1,3,3,2,'ETENDU','ETENDU','ETENDU','ETENDU_ECO_OPT'),(603,'PSP',1,3,2,4,1,3,3,2,'ETENDU','ETENDU','ETENDU','ETENDU_ECO_DENT'),(604,'PSP',1,4,2,3,1,3,3,2,'ETENDU','ETENDU','ETENDU','ETENDU_ECO_SOINS_COUR_AUDIO'),(605,'PSP',1,3,4,2,1,3,3,2,'ETENDU','ETENDU','ETENDU','ETENDU_ECO_OPT'),(606,'PSP',1,4,3,2,1,3,3,2,'ETENDU','ETENDU','ETENDU','ETENDU_ECO_SOINS_COUR_AUDIO'),(607,'PSP',2,1,3,4,1,3,3,2,'ETENDU','ETENDU','ETENDU','ETENDU_ECO_DENT'),(608,'PSP',2,1,4,3,1,3,3,2,'ETENDU','ETENDU','ETENDU','ETENDU_ECO_OPT'),(609,'PSP',3,1,2,4,1,3,3,2,'ETENDU','ETENDU','ETENDU','ETENDU_ECO_DENT'),(610,'PSP',4,1,2,3,1,3,3,2,'ETENDU','ETENDU','ETENDU','ETENDU_ECO_DENT'),(611,'PSP',3,1,4,2,1,3,3,2,'ETENDU','ETENDU','ETENDU','ETENDU_ECO_OPT'),(612,'PSP',4,1,3,2,1,3,3,2,'ETENDU','ETENDU','ETENDU','ETENDU_ECO_OPT'),(613,'PSP',2,3,1,4,1,3,3,2,'ETENDU','ETENDU','ETENDU','ETENDU_ECO_DENT'),(614,'PSP',2,4,1,3,1,3,3,2,'ETENDU','ETENDU','ETENDU','ETENDU_ECO_SOINS_COUR_AUDIO'),(615,'PSP',3,2,1,4,1,3,3,2,'ETENDU','ETENDU','ETENDU','ETENDU_ECO_DENT'),(616,'PSP',4,2,1,3,1,3,3,2,'ETENDU','ETENDU','ETENDU','ETENDU_ECO_DENT'),(617,'PSP',3,4,1,2,1,3,3,2,'ETENDU','ETENDU','ETENDU','ETENDU_ECO_SOINS_COUR_AUDIO'),(618,'PSP',4,3,1,2,1,3,3,2,'ETENDU','ETENDU','ETENDU','ETENDU_ECO_SOINS_COUR_AUDIO'),(619,'PSP',2,3,4,1,1,3,3,2,'ETENDU','ETENDU','ETENDU','ETENDU_ECO_OPT'),(620,'PSP',2,4,3,1,1,3,3,2,'ETENDU','ETENDU','ETENDU','ETENDU_ECO_SOINS_COUR_AUDIO'),(621,'PSP',3,2,4,1,1,3,3,2,'ETENDU','ETENDU','ETENDU','ETENDU_ECO_OPT'),(622,'PSP',4,2,3,1,1,3,3,2,'ETENDU','ETENDU','ETENDU','ETENDU_ECO_OPT'),(623,'PSP',3,4,2,1,1,3,3,2,'ETENDU','ETENDU','ETENDU','ETENDU_ECO_SOINS_COUR_AUDIO'),(624,'PSP',4,3,2,1,1,3,3,2,'ETENDU','ETENDU','ETENDU','ETENDU_ECO_SOINS_COUR_AUDIO'),(625,'PSP',1,2,3,4,1,3,3,3,'ETENDU','ETENDU','ETENDU','ETENDU_ECO_DENT'),(626,'PSP',1,2,4,3,1,3,3,3,'ETENDU','ETENDU','ETENDU','ETENDU_ECO_OPT'),(627,'PSP',1,3,2,4,1,3,3,3,'ETENDU','ETENDU','ETENDU','ETENDU_ECO_DENT'),(628,'PSP',1,4,2,3,1,3,3,3,'ETENDU','ETENDU','ETENDU','ETENDU_ECO_SOINS_COUR_AUDIO'),(629,'PSP',1,3,4,2,1,3,3,3,'ETENDU','ETENDU','ETENDU','ETENDU_ECO_OPT'),(630,'PSP',1,4,3,2,1,3,3,3,'ETENDU','ETENDU','ETENDU','ETENDU_ECO_SOINS_COUR_AUDIO'),(631,'PSP',2,1,3,4,1,3,3,3,'ETENDU','ETENDU','ETENDU','ETENDU_ECO_DENT'),(632,'PSP',2,1,4,3,1,3,3,3,'ETENDU','ETENDU','ETENDU','ETENDU_ECO_OPT'),(633,'PSP',3,1,2,4,1,3,3,3,'ETENDU','ETENDU','ETENDU','ETENDU_ECO_DENT'),(634,'PSP',4,1,2,3,1,3,3,3,'INTEGRAL','INTEGRAL','INTEGRAL','INTEGRAL_ECO_DENT'),(635,'PSP',3,1,4,2,1,3,3,3,'INTEGRAL','INTEGRAL','INTEGRAL','INTEGRAL_ECO_OPT'),(636,'PSP',4,1,3,2,1,3,3,3,'INTEGRAL','INTEGRAL','INTEGRAL','INTEGRAL_ECO_OPT'),(637,'PSP',2,3,1,4,1,3,3,3,'ETENDU','ETENDU','ETENDU','ETENDU_ECO_DENT'),(638,'PSP',2,4,1,3,1,3,3,3,'ETENDU','ETENDU','ETENDU','ETENDU_ECO_SOINS_COUR_AUDIO'),(639,'PSP',3,2,1,4,1,3,3,3,'ETENDU','ETENDU','ETENDU','ETENDU_ECO_DENT'),(640,'PSP',4,2,1,3,1,3,3,3,'INTEGRAL','INTEGRAL','INTEGRAL','INTEGRAL_ECO_DENT'),(641,'PSP',3,4,1,2,1,3,3,3,'INTEGRAL','INTEGRAL','INTEGRAL','INTEGRAL_ECO_SOINS_COUR_AUDIO'),(642,'PSP',4,3,1,2,1,3,3,3,'INTEGRAL','INTEGRAL','INTEGRAL','INTEGRAL_ECO_SOINS_COUR_AUDIO'),(643,'PSP',2,3,4,1,1,3,3,3,'INTEGRAL','INTEGRAL','INTEGRAL','INTEGRAL_ECO_OPT'),(644,'PSP',2,4,3,1,1,3,3,3,'INTEGRAL','INTEGRAL','INTEGRAL','INTEGRAL_ECO_SOINS_COUR_AUDIO'),(645,'PSP',3,2,4,1,1,3,3,3,'INTEGRAL','INTEGRAL','INTEGRAL','INTEGRAL_ECO_OPT'),(646,'PSP',4,2,3,1,1,3,3,3,'INTEGRAL','INTEGRAL','INTEGRAL','INTEGRAL_ECO_OPT'),(647,'PSP',3,4,2,1,1,3,3,3,'INTEGRAL','INTEGRAL','INTEGRAL','INTEGRAL_ECO_SOINS_COUR_AUDIO'),(648,'PSP',4,3,2,1,1,3,3,3,'INTEGRAL','INTEGRAL','INTEGRAL','INTEGRAL_ECO_SOINS_COUR_AUDIO'),(649,'PSP',1,2,3,4,2,1,1,1,'INTERMEDIAIRE','INTERMEDIAIRE_ECO_OPT_DENT','INITIAL','INITIAL'),(650,'PSP',1,2,4,3,2,1,1,1,'INTERMEDIAIRE','INTERMEDIAIRE_ECO_OPT_DENT','INITIAL','INITIAL'),(651,'PSP',1,3,2,4,2,1,1,1,'ETENDU','ETENDU_ECO_SOINS_COUR_AUDIO_OPT','INTERMEDIAIRE','INTERMEDIAIRE'),(652,'PSP',1,4,2,3,2,1,1,1,'ETENDU','ETENDU_ECO_OPT_DENT','INTERMEDIAIRE','INTERMEDIAIRE'),(653,'PSP',1,3,4,2,2,1,1,1,'ETENDU','ETENDU_ECO_SOINS_COUR_AUDIO_DENT','INTERMEDIAIRE','INTERMEDIAIRE'),(654,'PSP',1,4,3,2,2,1,1,1,'ETENDU','ETENDU_ECO_OPT_DENT','INTERMEDIAIRE','INTERMEDIAIRE'),(655,'PSP',2,1,3,4,2,1,1,1,'INTERMEDIAIRE','INTERMEDIAIRE_ECO_OPT_DENT','INITIAL','INITIAL'),(656,'PSP',2,1,4,3,2,1,1,1,'INTERMEDIAIRE','INTERMEDIAIRE_ECO_OPT_DENT','INITIAL','INITIAL'),(657,'PSP',3,1,2,4,2,1,1,1,'INTERMEDIAIRE','INTERMEDIAIRE_ECO_OPT_DENT','INITIAL','INITIAL'),(658,'PSP',4,1,2,3,2,1,1,1,'INTERMEDIAIRE','INTERMEDIAIRE_ECO_OPT_DENT','INITIAL','INITIAL'),(659,'PSP',3,1,4,2,2,1,1,1,'INTERMEDIAIRE','INTERMEDIAIRE_ECO_OPT_DENT','INITIAL','INITIAL'),(660,'PSP',4,1,3,2,2,1,1,1,'INTERMEDIAIRE','INTERMEDIAIRE_ECO_OPT_DENT','INITIAL','INITIAL'),(661,'PSP',2,3,1,4,2,1,1,1,'INTERMEDIAIRE','INTERMEDIAIRE_ECO_OPT_DENT','INITIAL','INITIAL'),(662,'PSP',2,4,1,3,2,1,1,1,'ETENDU','ETENDU_ECO_OPT_DENT','INTERMEDIAIRE','INTERMEDIAIRE'),(663,'PSP',3,2,1,4,2,1,1,1,'INTERMEDIAIRE','INTERMEDIAIRE_ECO_OPT_DENT','INITIAL','INITIAL'),(664,'PSP',4,2,1,3,2,1,1,1,'INTERMEDIAIRE','INTERMEDIAIRE_ECO_OPT_DENT','INITIAL','INITIAL'),(665,'PSP',3,4,1,2,2,1,1,1,'ETENDU','ETENDU_ECO_OPT_DENT','INTERMEDIAIRE','INTERMEDIAIRE'),(666,'PSP',4,3,1,2,2,1,1,1,'INTERMEDIAIRE','INTERMEDIAIRE_ECO_OPT_DENT','INITIAL','INITIAL'),(667,'PSP',2,3,4,1,2,1,1,1,'INTERMEDIAIRE','INTERMEDIAIRE_ECO_OPT_DENT','INITIAL','INITIAL'),(668,'PSP',2,4,3,1,2,1,1,1,'ETENDU','ETENDU_ECO_OPT_DENT','INTERMEDIAIRE','INTERMEDIAIRE'),(669,'PSP',3,2,4,1,2,1,1,1,'INTERMEDIAIRE','INTERMEDIAIRE_ECO_OPT_DENT','INITIAL','INITIAL'),(670,'PSP',4,2,3,1,2,1,1,1,'INTERMEDIAIRE','INTERMEDIAIRE_ECO_OPT_DENT','INITIAL','INITIAL'),(671,'PSP',3,4,2,1,2,1,1,1,'ETENDU','ETENDU_ECO_OPT_DENT','INTERMEDIAIRE','INTERMEDIAIRE'),(672,'PSP',4,3,2,1,2,1,1,1,'INTERMEDIAIRE','INTERMEDIAIRE_ECO_OPT_DENT','INITIAL','INITIAL'),(673,'PSP',1,2,3,4,2,1,1,2,'ETENDU','ETENDU_ECO_SOINS_COUR_AUDIO_OPT','INTERMEDIAIRE','INTERMEDIAIRE'),(674,'PSP',1,2,4,3,2,1,1,2,'ETENDU','ETENDU_ECO_SOINS_COUR_AUDIO_OPT','INTERMEDIAIRE','INTERMEDIAIRE'),(675,'PSP',1,3,2,4,2,1,1,2,'ETENDU','ETENDU_ECO_SOINS_COUR_AUDIO_OPT','INTERMEDIAIRE','INTERMEDIAIRE'),(676,'PSP',1,4,2,3,2,1,1,2,'ETENDU','ETENDU_ECO_SOINS_COUR_AUDIO_OPT','INTERMEDIAIRE','INTERMEDIAIRE'),(677,'PSP',1,3,4,2,2,1,1,2,'ETENDU','ETENDU_ECO_SOINS_COUR_AUDIO_OPT','INTERMEDIAIRE','INTERMEDIAIRE'),(678,'PSP',1,4,3,2,2,1,1,2,'ETENDU','ETENDU_ECO_SOINS_COUR_AUDIO_OPT','INTERMEDIAIRE','INTERMEDIAIRE'),(679,'PSP',2,1,3,4,2,1,1,2,'INTERMEDIAIRE','INTERMEDIAIRE_ECO_SOINS_COUR_AUDIO_OPT','INITIAL','INITIAL'),(680,'PSP',2,1,4,3,2,1,1,2,'INTERMEDIAIRE','INTERMEDIAIRE_ECO_SOINS_COUR_AUDIO_OPT','INITIAL','INITIAL'),(681,'PSP',3,1,2,4,2,1,1,2,'INTERMEDIAIRE','INTERMEDIAIRE_ECO_SOINS_COUR_AUDIO_OPT','INITIAL','INITIAL'),(682,'PSP',4,1,2,3,2,1,1,2,'INTERMEDIAIRE','INTERMEDIAIRE_ECO_SOINS_COUR_AUDIO_OPT','INITIAL','INITIAL'),(683,'PSP',3,1,4,2,2,1,1,2,'INTERMEDIAIRE','INTERMEDIAIRE_ECO_SOINS_COUR_AUDIO_OPT','INITIAL','INITIAL'),(684,'PSP',4,1,3,2,2,1,1,2,'INTERMEDIAIRE','INTERMEDIAIRE_ECO_SOINS_COUR_AUDIO_OPT','INITIAL','INITIAL'),(685,'PSP',2,3,1,4,2,1,1,2,'ETENDU','ETENDU_ECO_SOINS_COUR_AUDIO_OPT','INTERMEDIAIRE','INTERMEDIAIRE'),(686,'PSP',2,4,1,3,2,1,1,2,'ETENDU','ETENDU_ECO_SOINS_COUR_AUDIO_OPT','INTERMEDIAIRE','INTERMEDIAIRE'),(687,'PSP',3,2,1,4,2,1,1,2,'INTERMEDIAIRE','INTERMEDIAIRE_ECO_SOINS_COUR_AUDIO_OPT','INITIAL','INITIAL'),(688,'PSP',4,2,1,3,2,1,1,2,'INTERMEDIAIRE','INTERMEDIAIRE_ECO_SOINS_COUR_AUDIO_OPT','INITIAL','INITIAL'),(689,'PSP',3,4,1,2,2,1,1,2,'ETENDU','ETENDU_ECO_SOINS_COUR_AUDIO_OPT','INTERMEDIAIRE','INTERMEDIAIRE'),(690,'PSP',4,3,1,2,2,1,1,2,'INTERMEDIAIRE','INTERMEDIAIRE_ECO_SOINS_COUR_AUDIO_OPT','INITIAL','INITIAL'),(691,'PSP',2,3,4,1,2,1,1,2,'ETENDU','ETENDU_ECO_SOINS_COUR_AUDIO_OPT','INTERMEDIAIRE','INTERMEDIAIRE'),(692,'PSP',2,4,3,1,2,1,1,2,'ETENDU','ETENDU_ECO_SOINS_COUR_AUDIO_OPT','INTERMEDIAIRE','INTERMEDIAIRE'),(693,'PSP',3,2,4,1,2,1,1,2,'INTERMEDIAIRE','INTERMEDIAIRE_ECO_SOINS_COUR_AUDIO_OPT','INITIAL','INITIAL'),(694,'PSP',4,2,3,1,2,1,1,2,'INTERMEDIAIRE','INTERMEDIAIRE_ECO_SOINS_COUR_AUDIO_OPT','INITIAL','INITIAL'),(695,'PSP',3,4,2,1,2,1,1,2,'ETENDU','ETENDU_ECO_SOINS_COUR_AUDIO_OPT','INTERMEDIAIRE','INTERMEDIAIRE'),(696,'PSP',4,3,2,1,2,1,1,2,'INTERMEDIAIRE','INTERMEDIAIRE_ECO_SOINS_COUR_AUDIO_OPT','INITIAL','INITIAL'),(697,'PSP',1,2,3,4,2,1,1,3,'ETENDU','ETENDU_ECO_SOINS_COUR_AUDIO_OPT','INTERMEDIAIRE','INTERMEDIAIRE'),(698,'PSP',1,2,4,3,2,1,1,3,'ETENDU','ETENDU_ECO_SOINS_COUR_AUDIO_OPT','INTERMEDIAIRE','INTERMEDIAIRE'),(699,'PSP',1,3,2,4,2,1,1,3,'ETENDU','ETENDU_ECO_SOINS_COUR_AUDIO_OPT','INTERMEDIAIRE','INTERMEDIAIRE'),(700,'PSP',1,4,2,3,2,1,1,3,'ETENDU','ETENDU_ECO_SOINS_COUR_AUDIO_OPT','INTERMEDIAIRE','INTERMEDIAIRE'),(701,'PSP',1,3,4,2,2,1,1,3,'ETENDU','ETENDU_ECO_SOINS_COUR_AUDIO_OPT','INTERMEDIAIRE','INTERMEDIAIRE'),(702,'PSP',1,4,3,2,2,1,1,3,'ETENDU','ETENDU_ECO_SOINS_COUR_AUDIO_OPT','INTERMEDIAIRE','INTERMEDIAIRE'),(703,'PSP',2,1,3,4,2,1,1,3,'INTERMEDIAIRE','INTERMEDIAIRE_ECO_SOINS_COUR_AUDIO_OPT','INITIAL','INITIAL'),(704,'PSP',2,1,4,3,2,1,1,3,'ETENDU','ETENDU_ECO_SOINS_COUR_AUDIO_OPT','INTERMEDIAIRE','INTERMEDIAIRE'),(705,'PSP',3,1,2,4,2,1,1,3,'INTERMEDIAIRE','INTERMEDIAIRE_ECO_SOINS_COUR_AUDIO_OPT','INITIAL','INITIAL'),(706,'PSP',4,1,2,3,2,1,1,3,'INTERMEDIAIRE','INTERMEDIAIRE_ECO_SOINS_COUR_AUDIO_OPT','INITIAL','INITIAL'),(707,'PSP',3,1,4,2,2,1,1,3,'INTEGRAL','INTEGRAL_ECO_SOINS_COUR_AUDIO_OPT','ETENDU','ETENDU'),(708,'PSP',4,1,3,2,2,1,1,3,'INTEGRAL','INTEGRAL_ECO_SOINS_COUR_AUDIO_OPT','ETENDU','ETENDU'),(709,'PSP',2,3,1,4,2,1,1,3,'ETENDU','ETENDU_ECO_SOINS_COUR_AUDIO_OPT','INTERMEDIAIRE','INTERMEDIAIRE'),(710,'PSP',2,4,1,3,2,1,1,3,'ETENDU','ETENDU_ECO_SOINS_COUR_AUDIO_OPT','INTERMEDIAIRE','INTERMEDIAIRE'),(711,'PSP',3,2,1,4,2,1,1,3,'INTERMEDIAIRE','INTERMEDIAIRE_ECO_SOINS_COUR_AUDIO_OPT','INITIAL','INITIAL'),(712,'PSP',4,2,1,3,2,1,1,3,'INTEGRAL','INTEGRAL_ECO_SOINS_COUR_AUDIO_OPT','ETENDU','ETENDU'),(713,'PSP',3,4,1,2,2,1,1,3,'INTEGRAL','INTEGRAL_ECO_SOINS_COUR_AUDIO_OPT','ETENDU','ETENDU'),(714,'PSP',4,3,1,2,2,1,1,3,'INTEGRAL','INTEGRAL_ECO_SOINS_COUR_AUDIO_OPT','ETENDU','ETENDU'),(715,'PSP',2,3,4,1,2,1,1,3,'INTEGRAL','INTEGRAL_ECO_SOINS_COUR_AUDIO_OPT','ETENDU','ETENDU'),(716,'PSP',2,4,3,1,2,1,1,3,'INTEGRAL','INTEGRAL_ECO_SOINS_COUR_AUDIO_OPT','ETENDU','ETENDU'),(717,'PSP',3,2,4,1,2,1,1,3,'INTEGRAL','INTEGRAL_ECO_SOINS_COUR_AUDIO_OPT','ETENDU','ETENDU'),(718,'PSP',4,2,3,1,2,1,1,3,'INTEGRAL','INTEGRAL_ECO_SOINS_COUR_AUDIO_OPT','ETENDU','ETENDU'),(719,'PSP',3,4,2,1,2,1,1,3,'INTEGRAL','INTEGRAL_ECO_SOINS_COUR_AUDIO_OPT','ETENDU','ETENDU'),(720,'PSP',4,3,2,1,2,1,1,3,'INTEGRAL','INTEGRAL_ECO_SOINS_COUR_AUDIO_OPT','ETENDU','ETENDU'),(721,'PSP',1,2,3,4,2,1,2,1,'INTERMEDIAIRE','INTERMEDIAIRE_ECO_SOINS_COUR_AUDIO_DENT','INITIAL','INITIAL'),(722,'PSP',1,2,4,3,2,1,2,1,'ETENDU','ETENDU_ECO_SOINS_COUR_AUDIO_DENT','INTERMEDIAIRE','INTERMEDIAIRE'),(723,'PSP',1,3,2,4,2,1,2,1,'ETENDU','ETENDU_ECO_SOINS_COUR_AUDIO_OPT','INTERMEDIAIRE','INTERMEDIAIRE'),(724,'PSP',1,4,2,3,2,1,2,1,'ETENDU','ETENDU_ECO_OPT_DENT','INTERMEDIAIRE','INTERMEDIAIRE'),(725,'PSP',1,3,4,2,2,1,2,1,'ETENDU','ETENDU_ECO_SOINS_COUR_AUDIO_DENT','INTERMEDIAIRE','INTERMEDIAIRE'),(726,'PSP',1,4,3,2,2,1,2,1,'ETENDU','ETENDU_ECO_OPT_DENT','INTERMEDIAIRE','INTERMEDIAIRE'),(727,'PSP',2,1,3,4,2,1,2,1,'INTERMEDIAIRE','INTERMEDIAIRE_ECO_SOINS_COUR_AUDIO_DENT','INITIAL','INITIAL'),(728,'PSP',2,1,4,3,2,1,2,1,'INTERMEDIAIRE','INTERMEDIAIRE_ECO_SOINS_COUR_AUDIO_DENT','INITIAL','INITIAL'),(729,'PSP',3,1,2,4,2,1,2,1,'INTERMEDIAIRE','INTERMEDIAIRE_ECO_SOINS_COUR_AUDIO_DENT','INITIAL','INITIAL'),(730,'PSP',4,1,2,3,2,1,2,1,'INTERMEDIAIRE','INTERMEDIAIRE_ECO_SOINS_COUR_AUDIO_DENT','INITIAL','INITIAL'),(731,'PSP',3,1,4,2,2,1,2,1,'INTERMEDIAIRE','INTERMEDIAIRE_ECO_SOINS_COUR_AUDIO_DENT','INITIAL','INITIAL'),(732,'PSP',4,1,3,2,2,1,2,1,'INTERMEDIAIRE','INTERMEDIAIRE_ECO_SOINS_COUR_AUDIO_DENT','INITIAL','INITIAL'),(733,'PSP',2,3,1,4,2,1,2,1,'INTERMEDIAIRE','INTERMEDIAIRE_ECO_SOINS_COUR_AUDIO_DENT','INITIAL','INITIAL'),(734,'PSP',2,4,1,3,2,1,2,1,'ETENDU','ETENDU_ECO_OPT_DENT','INTERMEDIAIRE','INTERMEDIAIRE'),(735,'PSP',3,2,1,4,2,1,2,1,'INTERMEDIAIRE','INTERMEDIAIRE_ECO_SOINS_COUR_AUDIO_DENT','INITIAL','INITIAL'),(736,'PSP',4,2,1,3,2,1,2,1,'INTERMEDIAIRE','INTERMEDIAIRE_ECO_SOINS_COUR_AUDIO_DENT','INITIAL','INITIAL'),(737,'PSP',3,4,1,2,2,1,2,1,'INTERMEDIAIRE','INTERMEDIAIRE_ECO_SOINS_COUR_AUDIO_DENT','INITIAL','INITIAL'),(738,'PSP',4,3,1,2,2,1,2,1,'INTERMEDIAIRE','INTERMEDIAIRE_ECO_SOINS_COUR_AUDIO_DENT','INITIAL','INITIAL'),(739,'PSP',2,3,4,1,2,1,2,1,'INTERMEDIAIRE','INTERMEDIAIRE_ECO_SOINS_COUR_AUDIO_DENT','INITIAL','INITIAL'),(740,'PSP',2,4,3,1,2,1,2,1,'ETENDU','ETENDU_ECO_OPT_DENT','INTERMEDIAIRE','INTERMEDIAIRE'),(741,'PSP',3,2,4,1,2,1,2,1,'INTERMEDIAIRE','INTERMEDIAIRE_ECO_SOINS_COUR_AUDIO_DENT','INITIAL','INITIAL'),(742,'PSP',4,2,3,1,2,1,2,1,'INTERMEDIAIRE','INTERMEDIAIRE_ECO_SOINS_COUR_AUDIO_DENT','INITIAL','INITIAL'),(743,'PSP',3,4,2,1,2,1,2,1,'INTERMEDIAIRE','INTERMEDIAIRE_ECO_SOINS_COUR_AUDIO_DENT','INITIAL','INITIAL'),(744,'PSP',4,3,2,1,2,1,2,1,'INTERMEDIAIRE','INTERMEDIAIRE_ECO_SOINS_COUR_AUDIO_DENT','INITIAL','INITIAL'),(745,'PSP',1,2,3,4,2,1,2,2,'ETENDU','ETENDU_ECO_SOINS_COUR_AUDIO_OPT','INTERMEDIAIRE','INTERMEDIAIRE'),(746,'PSP',1,2,4,3,2,1,2,2,'ETENDU','ETENDU_ECO_SOINS_COUR_AUDIO_OPT','INTERMEDIAIRE','INTERMEDIAIRE'),(747,'PSP',1,3,2,4,2,1,2,2,'ETENDU','ETENDU_ECO_SOINS_COUR_AUDIO_OPT','INTERMEDIAIRE','INTERMEDIAIRE'),(748,'PSP',1,4,2,3,2,1,2,2,'ETENDU','ETENDU_ECO_SOINS_COUR_AUDIO_OPT','INTERMEDIAIRE','INTERMEDIAIRE'),(749,'PSP',1,3,4,2,2,1,2,2,'ETENDU','ETENDU_ECO_SOINS_COUR_AUDIO_OPT','INTERMEDIAIRE','INTERMEDIAIRE'),(750,'PSP',1,4,3,2,2,1,2,2,'ETENDU','ETENDU_ECO_SOINS_COUR_AUDIO_OPT','INTERMEDIAIRE','INTERMEDIAIRE'),(751,'PSP',2,1,3,4,2,1,2,2,'INTERMEDIAIRE','INTERMEDIAIRE_ECO_SOINS_COUR_AUDIO','INTERMEDIAIRE','INTERMEDIAIRE_ECO_SOINS_COUR_AUDIO_DENT'),(752,'PSP',2,1,4,3,2,1,2,2,'INTERMEDIAIRE','INTERMEDIAIRE_ECO_SOINS_COUR_AUDIO','INTERMEDIAIRE','INTERMEDIAIRE_ECO_SOINS_COUR_AUDIO_OPT'),(753,'PSP',3,1,2,4,2,1,2,2,'INTERMEDIAIRE','INTERMEDIAIRE_ECO_SOINS_COUR_AUDIO','INTERMEDIAIRE','INTERMEDIAIRE_ECO_SOINS_COUR_AUDIO_DENT'),(754,'PSP',4,1,2,3,2,1,2,2,'INTERMEDIAIRE','INTERMEDIAIRE_ECO_SOINS_COUR_AUDIO','INTERMEDIAIRE','INTERMEDIAIRE_ECO_SOINS_COUR_AUDIO_DENT'),(755,'PSP',3,1,4,2,2,1,2,2,'INTERMEDIAIRE','INTERMEDIAIRE_ECO_SOINS_COUR_AUDIO','INTERMEDIAIRE','INTERMEDIAIRE_ECO_SOINS_COUR_AUDIO_OPT'),(756,'PSP',4,1,3,2,2,1,2,2,'INTERMEDIAIRE','INTERMEDIAIRE_ECO_SOINS_COUR_AUDIO','INTERMEDIAIRE','INTERMEDIAIRE_ECO_SOINS_COUR_AUDIO_OPT'),(757,'PSP',2,3,1,4,2,1,2,2,'ETENDU','ETENDU_ECO_SOINS_COUR_AUDIO_OPT','INTERMEDIAIRE','INTERMEDIAIRE'),(758,'PSP',2,4,1,3,2,1,2,2,'ETENDU','ETENDU_ECO_SOINS_COUR_AUDIO_OPT','INTERMEDIAIRE','INTERMEDIAIRE'),(759,'PSP',3,2,1,4,2,1,2,2,'INTERMEDIAIRE','INTERMEDIAIRE_ECO_SOINS_COUR_AUDIO','INTERMEDIAIRE','INTERMEDIAIRE_ECO_SOINS_COUR_AUDIO_DENT'),(760,'PSP',4,2,1,3,2,1,2,2,'INTERMEDIAIRE','INTERMEDIAIRE_ECO_SOINS_COUR_AUDIO','INTERMEDIAIRE','INTERMEDIAIRE_ECO_SOINS_COUR_AUDIO_DENT'),(761,'PSP',3,4,1,2,2,1,2,2,'ETENDU','ETENDU_ECO_SOINS_COUR_AUDIO_OPT','INTERMEDIAIRE','INTERMEDIAIRE'),(762,'PSP',4,3,1,2,2,1,2,2,'INTERMEDIAIRE','INTERMEDIAIRE_ECO_SOINS_COUR_AUDIO','INTERMEDIAIRE','INTERMEDIAIRE_ECO_SOINS_COUR_AUDIO_DENT'),(763,'PSP',2,3,4,1,2,1,2,2,'ETENDU','ETENDU_ECO_SOINS_COUR_AUDIO_OPT','INTERMEDIAIRE','INTERMEDIAIRE'),(764,'PSP',2,4,3,1,2,1,2,2,'ETENDU','ETENDU_ECO_SOINS_COUR_AUDIO_OPT','INTERMEDIAIRE','INTERMEDIAIRE'),(765,'PSP',3,2,4,1,2,1,2,2,'INTERMEDIAIRE','INTERMEDIAIRE_ECO_SOINS_COUR_AUDIO','INTERMEDIAIRE','INTERMEDIAIRE_ECO_SOINS_COUR_AUDIO_OPT'),(766,'PSP',4,2,3,1,2,1,2,2,'INTERMEDIAIRE','INTERMEDIAIRE_ECO_SOINS_COUR_AUDIO','INTERMEDIAIRE','INTERMEDIAIRE_ECO_SOINS_COUR_AUDIO_OPT'),(767,'PSP',3,4,2,1,2,1,2,2,'ETENDU','ETENDU_ECO_SOINS_COUR_AUDIO_OPT','INTERMEDIAIRE','INTERMEDIAIRE'),(768,'PSP',4,3,2,1,2,1,2,2,'INTERMEDIAIRE','INTERMEDIAIRE_ECO_SOINS_COUR_AUDIO','INTERMEDIAIRE','INTERMEDIAIRE_ECO_SOINS_COUR_AUDIO_OPT'),(769,'PSP',1,2,3,4,2,1,2,3,'ETENDU','ETENDU_ECO_SOINS_COUR_AUDIO_OPT','INTERMEDIAIRE','INTERMEDIAIRE'),(770,'PSP',1,2,4,3,2,1,2,3,'ETENDU','ETENDU_ECO_SOINS_COUR_AUDIO_OPT','INTERMEDIAIRE','INTERMEDIAIRE'),(771,'PSP',1,3,2,4,2,1,2,3,'ETENDU','ETENDU_ECO_SOINS_COUR_AUDIO_OPT','INTERMEDIAIRE','INTERMEDIAIRE'),(772,'PSP',1,4,2,3,2,1,2,3,'ETENDU','ETENDU_ECO_SOINS_COUR_AUDIO_OPT','INTERMEDIAIRE','INTERMEDIAIRE'),(773,'PSP',1,3,4,2,2,1,2,3,'ETENDU','ETENDU_ECO_SOINS_COUR_AUDIO_OPT','INTERMEDIAIRE','INTERMEDIAIRE'),(774,'PSP',1,4,3,2,2,1,2,3,'ETENDU','ETENDU_ECO_SOINS_COUR_AUDIO_OPT','INTERMEDIAIRE','INTERMEDIAIRE'),(775,'PSP',2,1,3,4,2,1,2,3,'INTERMEDIAIRE','INTERMEDIAIRE_ECO_SOINS_COUR_AUDIO','INTERMEDIAIRE','INTERMEDIAIRE_ECO_SOINS_COUR_AUDIO_DENT'),(776,'PSP',2,1,4,3,2,1,2,3,'ETENDU','ETENDU_ECO_SOINS_COUR_AUDIO_OPT','INTERMEDIAIRE','INTERMEDIAIRE'),(777,'PSP',3,1,2,4,2,1,2,3,'INTERMEDIAIRE','INTERMEDIAIRE_ECO_SOINS_COUR_AUDIO','INTERMEDIAIRE','INTERMEDIAIRE_ECO_SOINS_COUR_AUDIO_DENT'),(778,'PSP',4,1,2,3,2,1,2,3,'INTERMEDIAIRE','INTERMEDIAIRE_ECO_SOINS_COUR_AUDIO','INTERMEDIAIRE','INTERMEDIAIRE_ECO_SOINS_COUR_AUDIO_DENT'),(779,'PSP',3,1,4,2,2,1,2,3,'INTEGRAL','INTEGRAL_ECO_SOINS_COUR_AUDIO_OPT','ETENDU','ETENDU'),(780,'PSP',4,1,3,2,2,1,2,3,'INTEGRAL','INTEGRAL_ECO_SOINS_COUR_AUDIO_OPT','ETENDU','ETENDU'),(781,'PSP',2,3,1,4,2,1,2,3,'ETENDU','ETENDU_ECO_SOINS_COUR_AUDIO_OPT','INTERMEDIAIRE','INTERMEDIAIRE'),(782,'PSP',2,4,1,3,2,1,2,3,'ETENDU','ETENDU_ECO_SOINS_COUR_AUDIO_OPT','INTERMEDIAIRE','INTERMEDIAIRE'),(783,'PSP',3,2,1,4,2,1,2,3,'INTERMEDIAIRE','INTERMEDIAIRE_ECO_SOINS_COUR_AUDIO','INTERMEDIAIRE','INTERMEDIAIRE_ECO_SOINS_COUR_AUDIO_DENT'),(784,'PSP',4,2,1,3,2,1,2,3,'INTEGRAL','INTEGRAL_ECO_SOINS_COUR_AUDIO_OPT','ETENDU','ETENDU'),(785,'PSP',3,4,1,2,2,1,2,3,'INTEGRAL','INTEGRAL_ECO_SOINS_COUR_AUDIO_OPT','ETENDU','ETENDU'),(786,'PSP',4,3,1,2,2,1,2,3,'INTEGRAL','INTEGRAL_ECO_SOINS_COUR_AUDIO_OPT','ETENDU','ETENDU'),(787,'PSP',2,3,4,1,2,1,2,3,'INTEGRAL','INTEGRAL_ECO_SOINS_COUR_AUDIO_OPT','ETENDU','ETENDU'),(788,'PSP',2,4,3,1,2,1,2,3,'INTEGRAL','INTEGRAL_ECO_SOINS_COUR_AUDIO_OPT','ETENDU','ETENDU'),(789,'PSP',3,2,4,1,2,1,2,3,'INTEGRAL','INTEGRAL_ECO_SOINS_COUR_AUDIO_OPT','ETENDU','ETENDU'),(790,'PSP',4,2,3,1,2,1,2,3,'INTEGRAL','INTEGRAL_ECO_SOINS_COUR_AUDIO_OPT','ETENDU','ETENDU'),(791,'PSP',3,4,2,1,2,1,2,3,'INTEGRAL','INTEGRAL_ECO_SOINS_COUR_AUDIO_OPT','ETENDU','ETENDU'),(792,'PSP',4,3,2,1,2,1,2,3,'INTEGRAL','INTEGRAL_ECO_SOINS_COUR_AUDIO_OPT','ETENDU','ETENDU'),(793,'PSP',1,2,3,4,2,1,3,1,'ETENDU','ETENDU_ECO_SOINS_COUR_AUDIO_DENT','INTERMEDIAIRE','INTERMEDIAIRE'),(794,'PSP',1,2,4,3,2,1,3,1,'ETENDU','ETENDU_ECO_SOINS_COUR_AUDIO_DENT','INTERMEDIAIRE','INTERMEDIAIRE'),(795,'PSP',1,3,2,4,2,1,3,1,'ETENDU','ETENDU_ECO_SOINS_COUR_AUDIO_DENT','INTERMEDIAIRE','INTERMEDIAIRE'),(796,'PSP',1,4,2,3,2,1,3,1,'ETENDU','ETENDU_ECO_SOINS_COUR_AUDIO_DENT','INTERMEDIAIRE','INTERMEDIAIRE'),(797,'PSP',1,3,4,2,2,1,3,1,'ETENDU','ETENDU_ECO_SOINS_COUR_AUDIO_DENT','INTERMEDIAIRE','INTERMEDIAIRE'),(798,'PSP',1,4,3,2,2,1,3,1,'ETENDU','ETENDU_ECO_SOINS_COUR_AUDIO_DENT','INTERMEDIAIRE','INTERMEDIAIRE'),(799,'PSP',2,1,3,4,2,1,3,1,'ETENDU','ETENDU_ECO_SOINS_COUR_AUDIO_DENT','INTERMEDIAIRE','INTERMEDIAIRE'),(800,'PSP',2,1,4,3,2,1,3,1,'ETENDU','ETENDU_ECO_SOINS_COUR_AUDIO_DENT','INTERMEDIAIRE','INTERMEDIAIRE'),(801,'PSP',3,1,2,4,2,1,3,1,'ETENDU','ETENDU_ECO_SOINS_COUR_AUDIO_DENT','INTERMEDIAIRE','INTERMEDIAIRE'),(802,'PSP',4,1,2,3,2,1,3,1,'ETENDU','ETENDU_ECO_SOINS_COUR_AUDIO_DENT','INTERMEDIAIRE','INTERMEDIAIRE'),(803,'PSP',3,1,4,2,2,1,3,1,'INTERMEDIAIRE','INTERMEDIAIRE_ECO_SOINS_COUR_AUDIO_DENT','INITIAL','INITIAL'),(804,'PSP',4,1,3,2,2,1,3,1,'ETENDU','ETENDU_ECO_SOINS_COUR_AUDIO_DENT','INTERMEDIAIRE','INTERMEDIAIRE'),(805,'PSP',2,3,1,4,2,1,3,1,'ETENDU','ETENDU_ECO_SOINS_COUR_AUDIO_DENT','INTERMEDIAIRE','INTERMEDIAIRE'),(806,'PSP',2,4,1,3,2,1,3,1,'ETENDU','ETENDU_ECO_SOINS_COUR_AUDIO_DENT','INTERMEDIAIRE','INTERMEDIAIRE'),(807,'PSP',3,2,1,4,2,1,3,1,'ETENDU','ETENDU_ECO_SOINS_COUR_AUDIO_DENT','INTERMEDIAIRE','INTERMEDIAIRE'),(808,'PSP',4,2,1,3,2,1,3,1,'ETENDU','ETENDU_ECO_SOINS_COUR_AUDIO_DENT','INTERMEDIAIRE','INTERMEDIAIRE'),(809,'PSP',3,4,1,2,2,1,3,1,'ETENDU','ETENDU_ECO_SOINS_COUR_AUDIO_DENT','INTERMEDIAIRE','INTERMEDIAIRE'),(810,'PSP',4,3,1,2,2,1,3,1,'ETENDU','ETENDU_ECO_SOINS_COUR_AUDIO_DENT','INTERMEDIAIRE','INTERMEDIAIRE'),(811,'PSP',2,3,4,1,2,1,3,1,'ETENDU','ETENDU_ECO_SOINS_COUR_AUDIO_DENT','INTERMEDIAIRE','INTERMEDIAIRE'),(812,'PSP',2,4,3,1,2,1,3,1,'ETENDU','ETENDU_ECO_SOINS_COUR_AUDIO_DENT','INTERMEDIAIRE','INTERMEDIAIRE'),(813,'PSP',3,2,4,1,2,1,3,1,'ETENDU','ETENDU_ECO_SOINS_COUR_AUDIO_DENT','INTERMEDIAIRE','INTERMEDIAIRE'),(814,'PSP',4,2,3,1,2,1,3,1,'ETENDU','ETENDU_ECO_SOINS_COUR_AUDIO_DENT','INTERMEDIAIRE','INTERMEDIAIRE'),(815,'PSP',3,4,2,1,2,1,3,1,'ETENDU','ETENDU_ECO_SOINS_COUR_AUDIO_DENT','INTERMEDIAIRE','INTERMEDIAIRE'),(816,'PSP',4,3,2,1,2,1,3,1,'ETENDU','ETENDU_ECO_SOINS_COUR_AUDIO_DENT','INTERMEDIAIRE','INTERMEDIAIRE'),(817,'PSP',1,2,3,4,2,1,3,2,'ETENDU','ETENDU_ECO_SOINS_COUR_AUDIO','ETENDU','ETENDU_ECO_SOINS_COUR_AUDIO_DENT'),(818,'PSP',1,2,4,3,2,1,3,2,'ETENDU','ETENDU_ECO_SOINS_COUR_AUDIO','ETENDU','ETENDU_ECO_SOINS_COUR_AUDIO_OPT'),(819,'PSP',1,3,2,4,2,1,3,2,'ETENDU','ETENDU_ECO_SOINS_COUR_AUDIO','ETENDU','ETENDU_ECO_SOINS_COUR_AUDIO_DENT'),(820,'PSP',1,4,2,3,2,1,3,2,'ETENDU','ETENDU_ECO_SOINS_COUR_AUDIO','ETENDU','ETENDU_ECO_SOINS_COUR_AUDIO_DENT'),(821,'PSP',1,3,4,2,2,1,3,2,'ETENDU','ETENDU_ECO_SOINS_COUR_AUDIO','ETENDU','ETENDU_ECO_SOINS_COUR_AUDIO_OPT'),(822,'PSP',1,4,3,2,2,1,3,2,'ETENDU','ETENDU_ECO_SOINS_COUR_AUDIO','ETENDU','ETENDU_ECO_SOINS_COUR_AUDIO_OPT'),(823,'PSP',2,1,3,4,2,1,3,2,'ETENDU','ETENDU_ECO_SOINS_COUR_AUDIO','ETENDU','ETENDU_ECO_SOINS_COUR_AUDIO_DENT'),(824,'PSP',2,1,4,3,2,1,3,2,'ETENDU','ETENDU_ECO_SOINS_COUR_AUDIO','ETENDU','ETENDU_ECO_SOINS_COUR_AUDIO_OPT'),(825,'PSP',3,1,2,4,2,1,3,2,'ETENDU','ETENDU_ECO_SOINS_COUR_AUDIO','ETENDU','ETENDU_ECO_SOINS_COUR_AUDIO_DENT'),(826,'PSP',4,1,2,3,2,1,3,2,'ETENDU','ETENDU_ECO_SOINS_COUR_AUDIO','ETENDU','ETENDU_ECO_SOINS_COUR_AUDIO_DENT'),(827,'PSP',3,1,4,2,2,1,3,2,'INTERMEDIAIRE','INTERMEDIAIRE_ECO_SOINS_COUR_AUDIO','INTERMEDIAIRE','INTERMEDIAIRE_ECO_SOINS_COUR_AUDIO_OPT'),(828,'PSP',4,1,3,2,2,1,3,2,'ETENDU','ETENDU_ECO_SOINS_COUR_AUDIO','ETENDU','ETENDU_ECO_SOINS_COUR_AUDIO_OPT'),(829,'PSP',2,3,1,4,2,1,3,2,'ETENDU','ETENDU_ECO_SOINS_COUR_AUDIO','ETENDU','ETENDU_ECO_SOINS_COUR_AUDIO_DENT'),(830,'PSP',2,4,1,3,2,1,3,2,'ETENDU','ETENDU_ECO_SOINS_COUR_AUDIO','ETENDU','ETENDU_ECO_SOINS_COUR_AUDIO_DENT'),(831,'PSP',3,2,1,4,2,1,3,2,'ETENDU','ETENDU_ECO_SOINS_COUR_AUDIO','ETENDU','ETENDU_ECO_SOINS_COUR_AUDIO_DENT'),(832,'PSP',4,2,1,3,2,1,3,2,'ETENDU','ETENDU_ECO_SOINS_COUR_AUDIO','ETENDU','ETENDU_ECO_SOINS_COUR_AUDIO_DENT'),(833,'PSP',3,4,1,2,2,1,3,2,'ETENDU','ETENDU_ECO_SOINS_COUR_AUDIO','ETENDU','ETENDU_ECO_SOINS_COUR_AUDIO_DENT'),(834,'PSP',4,3,1,2,2,1,3,2,'ETENDU','ETENDU_ECO_SOINS_COUR_AUDIO','ETENDU','ETENDU_ECO_SOINS_COUR_AUDIO_DENT'),(835,'PSP',2,3,4,1,2,1,3,2,'ETENDU','ETENDU_ECO_SOINS_COUR_AUDIO','ETENDU','ETENDU_ECO_SOINS_COUR_AUDIO_OPT'),(836,'PSP',2,4,3,1,2,1,3,2,'ETENDU','ETENDU_ECO_SOINS_COUR_AUDIO','ETENDU','ETENDU_ECO_SOINS_COUR_AUDIO_OPT'),(837,'PSP',3,2,4,1,2,1,3,2,'ETENDU','ETENDU_ECO_SOINS_COUR_AUDIO','ETENDU','ETENDU_ECO_SOINS_COUR_AUDIO_OPT'),(838,'PSP',4,2,3,1,2,1,3,2,'ETENDU','ETENDU_ECO_SOINS_COUR_AUDIO','ETENDU','ETENDU_ECO_SOINS_COUR_AUDIO_OPT'),(839,'PSP',3,4,2,1,2,1,3,2,'ETENDU','ETENDU_ECO_SOINS_COUR_AUDIO','ETENDU','ETENDU_ECO_SOINS_COUR_AUDIO_OPT'),(840,'PSP',4,3,2,1,2,1,3,2,'ETENDU','ETENDU_ECO_SOINS_COUR_AUDIO','ETENDU','ETENDU_ECO_SOINS_COUR_AUDIO_OPT'),(841,'PSP',1,2,3,4,2,1,3,3,'ETENDU','ETENDU_ECO_SOINS_COUR_AUDIO','ETENDU','ETENDU_ECO_SOINS_COUR_AUDIO_DENT'),(842,'PSP',1,2,4,3,2,1,3,3,'ETENDU','ETENDU_ECO_SOINS_COUR_AUDIO','ETENDU','ETENDU_ECO_SOINS_COUR_AUDIO_OPT'),(843,'PSP',1,3,2,4,2,1,3,3,'ETENDU','ETENDU_ECO_SOINS_COUR_AUDIO','ETENDU','ETENDU_ECO_SOINS_COUR_AUDIO_DENT'),(844,'PSP',1,4,2,3,2,1,3,3,'ETENDU','ETENDU_ECO_SOINS_COUR_AUDIO','ETENDU','ETENDU_ECO_SOINS_COUR_AUDIO_DENT'),(845,'PSP',1,3,4,2,2,1,3,3,'ETENDU','ETENDU_ECO_SOINS_COUR_AUDIO','ETENDU','ETENDU_ECO_SOINS_COUR_AUDIO_OPT'),(846,'PSP',1,4,3,2,2,1,3,3,'ETENDU','ETENDU_ECO_SOINS_COUR_AUDIO','ETENDU','ETENDU_ECO_SOINS_COUR_AUDIO_OPT'),(847,'PSP',2,1,3,4,2,1,3,3,'ETENDU','ETENDU_ECO_SOINS_COUR_AUDIO','ETENDU','ETENDU_ECO_SOINS_COUR_AUDIO_DENT'),(848,'PSP',2,1,4,3,2,1,3,3,'ETENDU','ETENDU_ECO_SOINS_COUR_AUDIO','ETENDU','ETENDU_ECO_SOINS_COUR_AUDIO_OPT'),(849,'PSP',3,1,2,4,2,1,3,3,'ETENDU','ETENDU_ECO_SOINS_COUR_AUDIO','ETENDU','ETENDU_ECO_SOINS_COUR_AUDIO_DENT'),(850,'PSP',4,1,2,3,2,1,3,3,'INTEGRAL','INTEGRAL_ECO_SOINS_COUR_AUDIO','INTEGRAL','INTEGRAL_ECO_SOINS_COUR_AUDIO_DENT'),(851,'PSP',3,1,4,2,2,1,3,3,'INTEGRAL','INTEGRAL_ECO_SOINS_COUR_AUDIO','INTEGRAL','INTEGRAL_ECO_SOINS_COUR_AUDIO_OPT'),(852,'PSP',4,1,3,2,2,1,3,3,'INTEGRAL','INTEGRAL_ECO_SOINS_COUR_AUDIO','INTEGRAL','INTEGRAL_ECO_SOINS_COUR_AUDIO_OPT'),(853,'PSP',2,3,1,4,2,1,3,3,'ETENDU','ETENDU_ECO_SOINS_COUR_AUDIO','ETENDU','ETENDU_ECO_SOINS_COUR_AUDIO_DENT'),(854,'PSP',2,4,1,3,2,1,3,3,'ETENDU','ETENDU_ECO_SOINS_COUR_AUDIO','ETENDU','ETENDU_ECO_SOINS_COUR_AUDIO_DENT'),(855,'PSP',3,2,1,4,2,1,3,3,'ETENDU','ETENDU_ECO_SOINS_COUR_AUDIO','ETENDU','ETENDU_ECO_SOINS_COUR_AUDIO_DENT'),(856,'PSP',4,2,1,3,2,1,3,3,'INTEGRAL','INTEGRAL_ECO_SOINS_COUR_AUDIO','INTEGRAL','INTEGRAL_ECO_SOINS_COUR_AUDIO_DENT'),(857,'PSP',3,4,1,2,2,1,3,3,'INTEGRAL','INTEGRAL_ECO_SOINS_COUR_AUDIO','INTEGRAL','INTEGRAL_ECO_SOINS_COUR_AUDIO_DENT'),(858,'PSP',4,3,1,2,2,1,3,3,'INTEGRAL','INTEGRAL_ECO_SOINS_COUR_AUDIO','INTEGRAL','INTEGRAL_ECO_SOINS_COUR_AUDIO_DENT'),(859,'PSP',2,3,4,1,2,1,3,3,'INTEGRAL','INTEGRAL_ECO_SOINS_COUR_AUDIO','INTEGRAL','INTEGRAL_ECO_SOINS_COUR_AUDIO_OPT'),(860,'PSP',2,4,3,1,2,1,3,3,'INTEGRAL','INTEGRAL_ECO_SOINS_COUR_AUDIO','INTEGRAL','INTEGRAL_ECO_SOINS_COUR_AUDIO_OPT'),(861,'PSP',3,2,4,1,2,1,3,3,'INTEGRAL','INTEGRAL_ECO_SOINS_COUR_AUDIO','INTEGRAL','INTEGRAL_ECO_SOINS_COUR_AUDIO_OPT'),(862,'PSP',4,2,3,1,2,1,3,3,'INTEGRAL','INTEGRAL_ECO_SOINS_COUR_AUDIO','INTEGRAL','INTEGRAL_ECO_SOINS_COUR_AUDIO_OPT'),(863,'PSP',3,4,2,1,2,1,3,3,'INTEGRAL','INTEGRAL_ECO_SOINS_COUR_AUDIO','INTEGRAL','INTEGRAL_ECO_SOINS_COUR_AUDIO_OPT'),(864,'PSP',4,3,2,1,2,1,3,3,'INTEGRAL','INTEGRAL_ECO_SOINS_COUR_AUDIO','INTEGRAL','INTEGRAL_ECO_SOINS_COUR_AUDIO_OPT'),(865,'PSP',1,2,3,4,2,2,1,1,'ETENDU','ETENDU_ECO_SOINS_COUR_AUDIO_OPT','INTERMEDIAIRE','INTERMEDIAIRE'),(866,'PSP',1,2,4,3,2,2,1,1,'ETENDU','ETENDU_ECO_SOINS_COUR_AUDIO_DENT','INTERMEDIAIRE','INTERMEDIAIRE'),(867,'PSP',1,3,2,4,2,2,1,1,'ETENDU','ETENDU_ECO_SOINS_COUR_AUDIO_OPT','INTERMEDIAIRE','INTERMEDIAIRE'),(868,'PSP',1,4,2,3,2,2,1,1,'ETENDU','ETENDU_ECO_OPT_DENT','INTERMEDIAIRE','INTERMEDIAIRE'),(869,'PSP',1,3,4,2,2,2,1,1,'ETENDU','ETENDU_ECO_OPT_DENT','INTERMEDIAIRE','INTERMEDIAIRE'),(870,'PSP',1,4,3,2,2,2,1,1,'ETENDU','ETENDU_ECO_OPT_DENT','INTERMEDIAIRE','INTERMEDIAIRE'),(871,'PSP',2,1,3,4,2,2,1,1,'ETENDU','ETENDU_ECO_SOINS_COUR_AUDIO_OPT','INTERMEDIAIRE','INTERMEDIAIRE'),(872,'PSP',2,1,4,3,2,2,1,1,'ETENDU','ETENDU_ECO_SOINS_COUR_AUDIO_DENT','INTERMEDIAIRE','INTERMEDIAIRE'),(873,'PSP',3,1,2,4,2,2,1,1,'ETENDU','ETENDU_ECO_SOINS_COUR_AUDIO_OPT','INTERMEDIAIRE','INTERMEDIAIRE'),(874,'PSP',4,1,2,3,2,2,1,1,'ETENDU','ETENDU_ECO_SOINS_COUR_AUDIO_OPT','INTERMEDIAIRE','INTERMEDIAIRE'),(875,'PSP',3,1,4,2,2,2,1,1,'ETENDU','ETENDU_ECO_SOINS_COUR_AUDIO_DENT','INTERMEDIAIRE','INTERMEDIAIRE'),(876,'PSP',4,1,3,2,2,2,1,1,'ETENDU','ETENDU_ECO_SOINS_COUR_AUDIO_DENT','INTERMEDIAIRE','INTERMEDIAIRE'),(877,'PSP',2,3,1,4,2,2,1,1,'ETENDU','ETENDU_ECO_SOINS_COUR_AUDIO_OPT','INTERMEDIAIRE','INTERMEDIAIRE'),(878,'PSP',2,4,1,3,2,2,1,1,'ETENDU','ETENDU_ECO_OPT_DENT','INTERMEDIAIRE','INTERMEDIAIRE'),(879,'PSP',3,2,1,4,2,2,1,1,'ETENDU','ETENDU_ECO_SOINS_COUR_AUDIO_OPT','INTERMEDIAIRE','INTERMEDIAIRE'),(880,'PSP',4,2,1,3,2,2,1,1,'ETENDU','ETENDU_ECO_OPT_DENT','INTERMEDIAIRE','INTERMEDIAIRE'),(881,'PSP',3,4,1,2,2,2,1,1,'ETENDU','ETENDU_ECO_OPT_DENT','INTERMEDIAIRE','INTERMEDIAIRE'),(882,'PSP',4,3,1,2,2,2,1,1,'ETENDU','ETENDU_ECO_OPT_DENT','INTERMEDIAIRE','INTERMEDIAIRE'),(883,'PSP',2,3,4,1,2,2,1,1,'ETENDU','ETENDU_ECO_SOINS_COUR_AUDIO_DENT','INTERMEDIAIRE','INTERMEDIAIRE'),(884,'PSP',2,4,3,1,2,2,1,1,'ETENDU','ETENDU_ECO_OPT_DENT','INTERMEDIAIRE','INTERMEDIAIRE'),(885,'PSP',3,2,4,1,2,2,1,1,'ETENDU','ETENDU_ECO_SOINS_COUR_AUDIO_DENT','INTERMEDIAIRE','INTERMEDIAIRE'),(886,'PSP',4,2,3,1,2,2,1,1,'ETENDU','ETENDU_ECO_OPT_DENT','INTERMEDIAIRE','INTERMEDIAIRE'),(887,'PSP',3,4,2,1,2,2,1,1,'ETENDU','ETENDU_ECO_OPT_DENT','INTERMEDIAIRE','INTERMEDIAIRE'),(888,'PSP',4,3,2,1,2,2,1,1,'ETENDU','ETENDU_ECO_OPT_DENT','INTERMEDIAIRE','INTERMEDIAIRE'),(889,'PSP',1,2,3,4,2,2,1,2,'ETENDU','ETENDU_ECO_SOINS_COUR_AUDIO_OPT','INTERMEDIAIRE','INTERMEDIAIRE'),(890,'PSP',1,2,4,3,2,2,1,2,'ETENDU','ETENDU_ECO_SOINS_COUR_AUDIO_OPT','INTERMEDIAIRE','INTERMEDIAIRE'),(891,'PSP',1,3,2,4,2,2,1,2,'ETENDU','ETENDU_ECO_SOINS_COUR_AUDIO_OPT','INTERMEDIAIRE','INTERMEDIAIRE'),(892,'PSP',1,4,2,3,2,2,1,2,'ETENDU','ETENDU_ECO_SOINS_COUR_AUDIO_OPT','INTERMEDIAIRE','INTERMEDIAIRE'),(893,'PSP',1,3,4,2,2,2,1,2,'ETENDU','ETENDU_ECO_SOINS_COUR_AUDIO_OPT','INTERMEDIAIRE','INTERMEDIAIRE'),(894,'PSP',1,4,3,2,2,2,1,2,'ETENDU','ETENDU_ECO_SOINS_COUR_AUDIO_OPT','INTERMEDIAIRE','INTERMEDIAIRE'),(895,'PSP',2,1,3,4,2,2,1,2,'ETENDU','ETENDU_ECO_SOINS_COUR_AUDIO_OPT','INTERMEDIAIRE','INTERMEDIAIRE'),(896,'PSP',2,1,4,3,2,2,1,2,'ETENDU','ETENDU_ECO_SOINS_COUR_AUDIO_OPT','INTERMEDIAIRE','INTERMEDIAIRE'),(897,'PSP',3,1,2,4,2,2,1,2,'ETENDU','ETENDU_ECO_SOINS_COUR_AUDIO_OPT','INTERMEDIAIRE','INTERMEDIAIRE'),(898,'PSP',4,1,2,3,2,2,1,2,'ETENDU','ETENDU_ECO_SOINS_COUR_AUDIO_OPT','INTERMEDIAIRE','INTERMEDIAIRE'),(899,'PSP',3,1,4,2,2,2,1,2,'ETENDU','ETENDU_ECO_SOINS_COUR_AUDIO_OPT','INTERMEDIAIRE','INTERMEDIAIRE'),(900,'PSP',4,1,3,2,2,2,1,2,'ETENDU','ETENDU_ECO_SOINS_COUR_AUDIO_OPT','INTERMEDIAIRE','INTERMEDIAIRE'),(901,'PSP',2,3,1,4,2,2,1,2,'ETENDU','ETENDU_ECO_SOINS_COUR_AUDIO_OPT','INTERMEDIAIRE','INTERMEDIAIRE'),(902,'PSP',2,4,1,3,2,2,1,2,'ETENDU','ETENDU_ECO_SOINS_COUR_AUDIO_OPT','INTERMEDIAIRE','INTERMEDIAIRE'),(903,'PSP',3,2,1,4,2,2,1,2,'ETENDU','ETENDU_ECO_SOINS_COUR_AUDIO_OPT','INTERMEDIAIRE','INTERMEDIAIRE'),(904,'PSP',4,2,1,3,2,2,1,2,'ETENDU','ETENDU_ECO_SOINS_COUR_AUDIO_OPT','INTERMEDIAIRE','INTERMEDIAIRE'),(905,'PSP',3,4,1,2,2,2,1,2,'ETENDU','ETENDU_ECO_SOINS_COUR_AUDIO_OPT','INTERMEDIAIRE','INTERMEDIAIRE'),(906,'PSP',4,3,1,2,2,2,1,2,'ETENDU','ETENDU_ECO_SOINS_COUR_AUDIO_OPT','INTERMEDIAIRE','INTERMEDIAIRE'),(907,'PSP',2,3,4,1,2,2,1,2,'ETENDU','ETENDU_ECO_SOINS_COUR_AUDIO_OPT','INTERMEDIAIRE','INTERMEDIAIRE'),(908,'PSP',2,4,3,1,2,2,1,2,'ETENDU','ETENDU_ECO_SOINS_COUR_AUDIO_OPT','INTERMEDIAIRE','INTERMEDIAIRE'),(909,'PSP',3,2,4,1,2,2,1,2,'ETENDU','ETENDU_ECO_SOINS_COUR_AUDIO_OPT','INTERMEDIAIRE','INTERMEDIAIRE'),(910,'PSP',4,2,3,1,2,2,1,2,'ETENDU','ETENDU_ECO_SOINS_COUR_AUDIO_OPT','INTERMEDIAIRE','INTERMEDIAIRE'),(911,'PSP',3,4,2,1,2,2,1,2,'ETENDU','ETENDU_ECO_SOINS_COUR_AUDIO_OPT','INTERMEDIAIRE','INTERMEDIAIRE'),(912,'PSP',4,3,2,1,2,2,1,2,'ETENDU','ETENDU_ECO_SOINS_COUR_AUDIO_OPT','INTERMEDIAIRE','INTERMEDIAIRE'),(913,'PSP',1,2,3,4,2,2,1,3,'ETENDU','ETENDU_ECO_SOINS_COUR_AUDIO_OPT','INTERMEDIAIRE','INTERMEDIAIRE'),(914,'PSP',1,2,4,3,2,2,1,3,'ETENDU','ETENDU_ECO_SOINS_COUR_AUDIO_OPT','INTERMEDIAIRE','INTERMEDIAIRE'),(915,'PSP',1,3,2,4,2,2,1,3,'ETENDU','ETENDU_ECO_SOINS_COUR_AUDIO_OPT','INTERMEDIAIRE','INTERMEDIAIRE'),(916,'PSP',1,4,2,3,2,2,1,3,'ETENDU','ETENDU_ECO_SOINS_COUR_AUDIO_OPT','INTERMEDIAIRE','INTERMEDIAIRE'),(917,'PSP',1,3,4,2,2,2,1,3,'ETENDU','ETENDU_ECO_SOINS_COUR_AUDIO_OPT','INTERMEDIAIRE','INTERMEDIAIRE'),(918,'PSP',1,4,3,2,2,2,1,3,'ETENDU','ETENDU_ECO_SOINS_COUR_AUDIO_OPT','INTERMEDIAIRE','INTERMEDIAIRE'),(919,'PSP',2,1,3,4,2,2,1,3,'ETENDU','ETENDU_ECO_SOINS_COUR_AUDIO_OPT','INTERMEDIAIRE','INTERMEDIAIRE'),(920,'PSP',2,1,4,3,2,2,1,3,'ETENDU','ETENDU_ECO_SOINS_COUR_AUDIO_OPT','INTERMEDIAIRE','INTERMEDIAIRE'),(921,'PSP',3,1,2,4,2,2,1,3,'ETENDU','ETENDU_ECO_SOINS_COUR_AUDIO_OPT','INTERMEDIAIRE','INTERMEDIAIRE'),(922,'PSP',4,1,2,3,2,2,1,3,'INTEGRAL','INTEGRAL_ECO_SOINS_COUR_AUDIO_OPT','ETENDU','ETENDU'),(923,'PSP',3,1,4,2,2,2,1,3,'INTEGRAL','INTEGRAL_ECO_SOINS_COUR_AUDIO_OPT','ETENDU','ETENDU'),(924,'PSP',4,1,3,2,2,2,1,3,'INTEGRAL','INTEGRAL_ECO_SOINS_COUR_AUDIO_OPT','ETENDU','ETENDU'),(925,'PSP',2,3,1,4,2,2,1,3,'ETENDU','ETENDU_ECO_SOINS_COUR_AUDIO_OPT','INTERMEDIAIRE','INTERMEDIAIRE'),(926,'PSP',2,4,1,3,2,2,1,3,'ETENDU','ETENDU_ECO_SOINS_COUR_AUDIO_OPT','INTERMEDIAIRE','INTERMEDIAIRE'),(927,'PSP',3,2,1,4,2,2,1,3,'ETENDU','ETENDU_ECO_SOINS_COUR_AUDIO_OPT','INTERMEDIAIRE','INTERMEDIAIRE'),(928,'PSP',4,2,1,3,2,2,1,3,'INTEGRAL','INTEGRAL_ECO_SOINS_COUR_AUDIO_OPT','ETENDU','ETENDU'),(929,'PSP',3,4,1,2,2,2,1,3,'INTEGRAL','INTEGRAL_ECO_SOINS_COUR_AUDIO_OPT','ETENDU','ETENDU'),(930,'PSP',4,3,1,2,2,2,1,3,'INTEGRAL','INTEGRAL_ECO_SOINS_COUR_AUDIO_OPT','ETENDU','ETENDU'),(931,'PSP',2,3,4,1,2,2,1,3,'INTEGRAL','INTEGRAL_ECO_SOINS_COUR_AUDIO_OPT','ETENDU','ETENDU'),(932,'PSP',2,4,3,1,2,2,1,3,'INTEGRAL','INTEGRAL_ECO_SOINS_COUR_AUDIO_OPT','ETENDU','ETENDU'),(933,'PSP',3,2,4,1,2,2,1,3,'INTEGRAL','INTEGRAL_ECO_SOINS_COUR_AUDIO_OPT','ETENDU','ETENDU'),(934,'PSP',4,2,3,1,2,2,1,3,'INTEGRAL','INTEGRAL_ECO_SOINS_COUR_AUDIO_OPT','ETENDU','ETENDU'),(935,'PSP',3,4,2,1,2,2,1,3,'INTEGRAL','INTEGRAL_ECO_SOINS_COUR_AUDIO_OPT','ETENDU','ETENDU'),(936,'PSP',4,3,2,1,2,2,1,3,'INTEGRAL','INTEGRAL_ECO_SOINS_COUR_AUDIO_OPT','ETENDU','ETENDU'),(937,'PSP',1,2,3,4,2,2,2,1,'ETENDU','ETENDU_ECO_SOINS_COUR_AUDIO_OPT','INTERMEDIAIRE','INTERMEDIAIRE'),(938,'PSP',1,2,4,3,2,2,2,1,'ETENDU','ETENDU_ECO_SOINS_COUR_AUDIO_DENT','INTERMEDIAIRE','INTERMEDIAIRE'),(939,'PSP',1,3,2,4,2,2,2,1,'ETENDU','ETENDU_ECO_SOINS_COUR_AUDIO_OPT','INTERMEDIAIRE','INTERMEDIAIRE'),(940,'PSP',1,4,2,3,2,2,2,1,'ETENDU','ETENDU_ECO_OPT_DENT','INTERMEDIAIRE','INTERMEDIAIRE'),(941,'PSP',1,3,4,2,2,2,2,1,'ETENDU','ETENDU_ECO_SOINS_COUR_AUDIO_DENT','INTERMEDIAIRE','INTERMEDIAIRE'),(942,'PSP',1,4,3,2,2,2,2,1,'ETENDU','ETENDU_ECO_OPT_DENT','INTERMEDIAIRE','INTERMEDIAIRE'),(943,'PSP',2,1,3,4,2,2,2,1,'ETENDU','ETENDU_ECO_SOINS_COUR_AUDIO_OPT','INTERMEDIAIRE','INTERMEDIAIRE'),(944,'PSP',2,1,4,3,2,2,2,1,'ETENDU','ETENDU_ECO_SOINS_COUR_AUDIO_DENT','INTERMEDIAIRE','INTERMEDIAIRE'),(945,'PSP',3,1,2,4,2,2,2,1,'ETENDU','ETENDU_ECO_SOINS_COUR_AUDIO_OPT','INTERMEDIAIRE','INTERMEDIAIRE'),(946,'PSP',4,1,2,3,2,2,2,1,'ETENDU','ETENDU_ECO_SOINS_COUR_AUDIO_DENT','INTERMEDIAIRE','INTERMEDIAIRE'),(947,'PSP',3,1,4,2,2,2,2,1,'ETENDU','ETENDU_ECO_SOINS_COUR_AUDIO_DENT','INTERMEDIAIRE','INTERMEDIAIRE'),(948,'PSP',4,1,3,2,2,2,2,1,'ETENDU','ETENDU_ECO_SOINS_COUR_AUDIO_DENT','INTERMEDIAIRE','INTERMEDIAIRE'),(949,'PSP',2,3,1,4,2,2,2,1,'ETENDU','ETENDU_ECO_SOINS_COUR_AUDIO_OPT','INTERMEDIAIRE','INTERMEDIAIRE'),(950,'PSP',2,4,1,3,2,2,2,1,'ETENDU','ETENDU_ECO_OPT_DENT','INTERMEDIAIRE','INTERMEDIAIRE'),(951,'PSP',3,2,1,4,2,2,2,1,'ETENDU','ETENDU_ECO_SOINS_COUR_AUDIO_OPT','INTERMEDIAIRE','INTERMEDIAIRE'),(952,'PSP',4,2,1,3,2,2,2,1,'ETENDU','ETENDU_ECO_OPT_DENT','INTERMEDIAIRE','INTERMEDIAIRE'),(953,'PSP',3,4,1,2,2,2,2,1,'ETENDU','ETENDU_ECO_OPT_DENT','INTERMEDIAIRE','INTERMEDIAIRE'),(954,'PSP',4,3,1,2,2,2,2,1,'ETENDU','ETENDU_ECO_OPT_DENT','INTERMEDIAIRE','INTERMEDIAIRE'),(955,'PSP',2,3,4,1,2,2,2,1,'ETENDU','ETENDU_ECO_SOINS_COUR_AUDIO_DENT','INTERMEDIAIRE','INTERMEDIAIRE'),(956,'PSP',2,4,3,1,2,2,2,1,'ETENDU','ETENDU_ECO_OPT_DENT','INTERMEDIAIRE','INTERMEDIAIRE'),(957,'PSP',3,2,4,1,2,2,2,1,'ETENDU','ETENDU_ECO_SOINS_COUR_AUDIO_DENT','INTERMEDIAIRE','INTERMEDIAIRE'),(958,'PSP',4,2,3,1,2,2,2,1,'ETENDU','ETENDU_ECO_SOINS_COUR_AUDIO_DENT','INTERMEDIAIRE','INTERMEDIAIRE'),(959,'PSP',3,4,2,1,2,2,2,1,'ETENDU','ETENDU_ECO_OPT_DENT','INTERMEDIAIRE','INTERMEDIAIRE'),(960,'PSP',4,3,2,1,2,2,2,1,'ETENDU','ETENDU_ECO_OPT_DENT','INTERMEDIAIRE','INTERMEDIAIRE'),(961,'PSP',1,2,3,4,2,2,2,2,'ETENDU','ETENDU_ECO_SOINS_COUR_AUDIO_OPT','INTERMEDIAIRE','INTERMEDIAIRE'),(962,'PSP',1,2,4,3,2,2,2,2,'ETENDU','ETENDU_ECO_SOINS_COUR_AUDIO_OPT','INTERMEDIAIRE','INTERMEDIAIRE'),(963,'PSP',1,3,2,4,2,2,2,2,'ETENDU','ETENDU_ECO_SOINS_COUR_AUDIO_OPT','INTERMEDIAIRE','INTERMEDIAIRE'),(964,'PSP',1,4,2,3,2,2,2,2,'ETENDU','ETENDU_ECO_SOINS_COUR_AUDIO_OPT','INTERMEDIAIRE','INTERMEDIAIRE'),(965,'PSP',1,3,4,2,2,2,2,2,'ETENDU','ETENDU_ECO_SOINS_COUR_AUDIO_OPT','INTERMEDIAIRE','INTERMEDIAIRE'),(966,'PSP',1,4,3,2,2,2,2,2,'ETENDU','ETENDU_ECO_SOINS_COUR_AUDIO_OPT','INTERMEDIAIRE','INTERMEDIAIRE'),(967,'PSP',2,1,3,4,2,2,2,2,'ETENDU','ETENDU_ECO_SOINS_COUR_AUDIO_OPT','INTERMEDIAIRE','INTERMEDIAIRE'),(968,'PSP',2,1,4,3,2,2,2,2,'ETENDU','ETENDU_ECO_SOINS_COUR_AUDIO_OPT','INTERMEDIAIRE','INTERMEDIAIRE'),(969,'PSP',3,1,2,4,2,2,2,2,'ETENDU','ETENDU_ECO_SOINS_COUR_AUDIO_OPT','INTERMEDIAIRE','INTERMEDIAIRE'),(970,'PSP',4,1,2,3,2,2,2,2,'ETENDU','ETENDU_ECO_SOINS_COUR_AUDIO_OPT','INTERMEDIAIRE','INTERMEDIAIRE'),(971,'PSP',3,1,4,2,2,2,2,2,'ETENDU','ETENDU_ECO_SOINS_COUR_AUDIO_OPT','INTERMEDIAIRE','INTERMEDIAIRE'),(972,'PSP',4,1,3,2,2,2,2,2,'ETENDU','ETENDU_ECO_SOINS_COUR_AUDIO_OPT','INTERMEDIAIRE','INTERMEDIAIRE'),(973,'PSP',2,3,1,4,2,2,2,2,'ETENDU','ETENDU_ECO_SOINS_COUR_AUDIO_OPT','INTERMEDIAIRE','INTERMEDIAIRE'),(974,'PSP',2,4,1,3,2,2,2,2,'ETENDU','ETENDU_ECO_SOINS_COUR_AUDIO_OPT','INTERMEDIAIRE','INTERMEDIAIRE'),(975,'PSP',3,2,1,4,2,2,2,2,'ETENDU','ETENDU_ECO_SOINS_COUR_AUDIO_OPT','INTERMEDIAIRE','INTERMEDIAIRE'),(976,'PSP',4,2,1,3,2,2,2,2,'ETENDU','ETENDU_ECO_SOINS_COUR_AUDIO_OPT','INTERMEDIAIRE','INTERMEDIAIRE'),(977,'PSP',3,4,1,2,2,2,2,2,'ETENDU','ETENDU_ECO_SOINS_COUR_AUDIO_OPT','INTERMEDIAIRE','INTERMEDIAIRE'),(978,'PSP',4,3,1,2,2,2,2,2,'ETENDU','ETENDU_ECO_SOINS_COUR_AUDIO_OPT','INTERMEDIAIRE','INTERMEDIAIRE'),(979,'PSP',2,3,4,1,2,2,2,2,'ETENDU','ETENDU_ECO_SOINS_COUR_AUDIO_OPT','INTERMEDIAIRE','INTERMEDIAIRE'),(980,'PSP',2,4,3,1,2,2,2,2,'ETENDU','ETENDU_ECO_SOINS_COUR_AUDIO_OPT','INTERMEDIAIRE','INTERMEDIAIRE'),(981,'PSP',3,2,4,1,2,2,2,2,'ETENDU','ETENDU_ECO_SOINS_COUR_AUDIO_OPT','INTERMEDIAIRE','INTERMEDIAIRE'),(982,'PSP',4,2,3,1,2,2,2,2,'ETENDU','ETENDU_ECO_SOINS_COUR_AUDIO_OPT','INTERMEDIAIRE','INTERMEDIAIRE'),(983,'PSP',3,4,2,1,2,2,2,2,'ETENDU','ETENDU_ECO_SOINS_COUR_AUDIO_OPT','INTERMEDIAIRE','INTERMEDIAIRE'),(984,'PSP',4,3,2,1,2,2,2,2,'ETENDU','ETENDU_ECO_SOINS_COUR_AUDIO_OPT','INTERMEDIAIRE','INTERMEDIAIRE'),(985,'PSP',1,2,3,4,2,2,2,3,'ETENDU','ETENDU_ECO_SOINS_COUR_AUDIO_OPT','INTERMEDIAIRE','INTERMEDIAIRE'),(986,'PSP',1,2,4,3,2,2,2,3,'ETENDU','ETENDU_ECO_SOINS_COUR_AUDIO_OPT','INTERMEDIAIRE','INTERMEDIAIRE'),(987,'PSP',1,3,2,4,2,2,2,3,'ETENDU','ETENDU_ECO_SOINS_COUR_AUDIO_OPT','INTERMEDIAIRE','INTERMEDIAIRE'),(988,'PSP',1,4,2,3,2,2,2,3,'ETENDU','ETENDU_ECO_SOINS_COUR_AUDIO_OPT','INTERMEDIAIRE','INTERMEDIAIRE'),(989,'PSP',1,3,4,2,2,2,2,3,'ETENDU','ETENDU_ECO_SOINS_COUR_AUDIO_OPT','INTERMEDIAIRE','INTERMEDIAIRE'),(990,'PSP',1,4,3,2,2,2,2,3,'ETENDU','ETENDU_ECO_SOINS_COUR_AUDIO_OPT','INTERMEDIAIRE','INTERMEDIAIRE'),(991,'PSP',2,1,3,4,2,2,2,3,'ETENDU','ETENDU_ECO_SOINS_COUR_AUDIO_OPT','INTERMEDIAIRE','INTERMEDIAIRE'),(992,'PSP',2,1,4,3,2,2,2,3,'ETENDU','ETENDU_ECO_SOINS_COUR_AUDIO_OPT','INTERMEDIAIRE','INTERMEDIAIRE'),(993,'PSP',3,1,2,4,2,2,2,3,'ETENDU','ETENDU_ECO_SOINS_COUR_AUDIO_OPT','INTERMEDIAIRE','INTERMEDIAIRE'),(994,'PSP',4,1,2,3,2,2,2,3,'INTEGRAL','INTEGRAL_ECO_SOINS_COUR_AUDIO_OPT','ETENDU','ETENDU'),(995,'PSP',3,1,4,2,2,2,2,3,'INTEGRAL','INTEGRAL_ECO_SOINS_COUR_AUDIO_OPT','ETENDU','ETENDU'),(996,'PSP',4,1,3,2,2,2,2,3,'INTEGRAL','INTEGRAL_ECO_SOINS_COUR_AUDIO_OPT','ETENDU','ETENDU'),(997,'PSP',2,3,1,4,2,2,2,3,'ETENDU','ETENDU_ECO_SOINS_COUR_AUDIO_OPT','INTERMEDIAIRE','INTERMEDIAIRE'),(998,'PSP',2,4,1,3,2,2,2,3,'ETENDU','ETENDU_ECO_SOINS_COUR_AUDIO_OPT','INTERMEDIAIRE','INTERMEDIAIRE'),(999,'PSP',3,2,1,4,2,2,2,3,'ETENDU','ETENDU_ECO_SOINS_COUR_AUDIO_OPT','INTERMEDIAIRE','INTERMEDIAIRE'),(1000,'PSP',4,2,1,3,2,2,2,3,'INTEGRAL','INTEGRAL_ECO_SOINS_COUR_AUDIO_OPT','ETENDU','ETENDU'),(1001,'PSP',3,4,1,2,2,2,2,3,'INTEGRAL','INTEGRAL_ECO_SOINS_COUR_AUDIO_OPT','ETENDU','ETENDU'),(1002,'PSP',4,3,1,2,2,2,2,3,'INTEGRAL','INTEGRAL_ECO_SOINS_COUR_AUDIO_OPT','ETENDU','ETENDU'),(1003,'PSP',2,3,4,1,2,2,2,3,'INTEGRAL','INTEGRAL_ECO_SOINS_COUR_AUDIO_OPT','ETENDU','ETENDU'),(1004,'PSP',2,4,3,1,2,2,2,3,'INTEGRAL','INTEGRAL_ECO_SOINS_COUR_AUDIO_OPT','ETENDU','ETENDU'),(1005,'PSP',3,2,4,1,2,2,2,3,'INTEGRAL','INTEGRAL_ECO_SOINS_COUR_AUDIO_OPT','ETENDU','ETENDU'),(1006,'PSP',4,2,3,1,2,2,2,3,'INTEGRAL','INTEGRAL_ECO_SOINS_COUR_AUDIO_OPT','ETENDU','ETENDU'),(1007,'PSP',3,4,2,1,2,2,2,3,'INTEGRAL','INTEGRAL_ECO_SOINS_COUR_AUDIO_OPT','ETENDU','ETENDU'),(1008,'PSP',4,3,2,1,2,2,2,3,'INTEGRAL','INTEGRAL_ECO_SOINS_COUR_AUDIO_OPT','ETENDU','ETENDU'),(1009,'PSP',1,2,3,4,2,2,3,1,'ETENDU','ETENDU_ECO_SOINS_COUR_AUDIO_DENT','INTERMEDIAIRE','INTERMEDIAIRE'),(1010,'PSP',1,2,4,3,2,2,3,1,'ETENDU','ETENDU_ECO_SOINS_COUR_AUDIO_DENT','INTERMEDIAIRE','INTERMEDIAIRE'),(1011,'PSP',1,3,2,4,2,2,3,1,'ETENDU','ETENDU_ECO_SOINS_COUR_AUDIO_DENT','INTERMEDIAIRE','INTERMEDIAIRE'),(1012,'PSP',1,4,2,3,2,2,3,1,'ETENDU','ETENDU_ECO_SOINS_COUR_AUDIO_DENT','INTERMEDIAIRE','INTERMEDIAIRE'),(1013,'PSP',1,3,4,2,2,2,3,1,'ETENDU','ETENDU_ECO_SOINS_COUR_AUDIO_DENT','INTERMEDIAIRE','INTERMEDIAIRE'),(1014,'PSP',1,4,3,2,2,2,3,1,'ETENDU','ETENDU_ECO_SOINS_COUR_AUDIO_DENT','INTERMEDIAIRE','INTERMEDIAIRE'),(1015,'PSP',2,1,3,4,2,2,3,1,'ETENDU','ETENDU_ECO_SOINS_COUR_AUDIO_DENT','INTERMEDIAIRE','INTERMEDIAIRE'),(1016,'PSP',2,1,4,3,2,2,3,1,'ETENDU','ETENDU_ECO_SOINS_COUR_AUDIO_DENT','INTERMEDIAIRE','INTERMEDIAIRE'),(1017,'PSP',3,1,2,4,2,2,3,1,'ETENDU','ETENDU_ECO_SOINS_COUR_AUDIO_DENT','INTERMEDIAIRE','INTERMEDIAIRE'),(1018,'PSP',4,1,2,3,2,2,3,1,'ETENDU','ETENDU_ECO_SOINS_COUR_AUDIO_DENT','INTERMEDIAIRE','INTERMEDIAIRE'),(1019,'PSP',3,1,4,2,2,2,3,1,'ETENDU','ETENDU_ECO_SOINS_COUR_AUDIO_DENT','INTERMEDIAIRE','INTERMEDIAIRE'),(1020,'PSP',4,1,3,2,2,2,3,1,'ETENDU','ETENDU_ECO_SOINS_COUR_AUDIO_DENT','INTERMEDIAIRE','INTERMEDIAIRE'),(1021,'PSP',2,3,1,4,2,2,3,1,'ETENDU','ETENDU_ECO_SOINS_COUR_AUDIO_DENT','INTERMEDIAIRE','INTERMEDIAIRE'),(1022,'PSP',2,4,1,3,2,2,3,1,'ETENDU','ETENDU_ECO_SOINS_COUR_AUDIO_DENT','INTERMEDIAIRE','INTERMEDIAIRE'),(1023,'PSP',3,2,1,4,2,2,3,1,'ETENDU','ETENDU_ECO_SOINS_COUR_AUDIO_DENT','INTERMEDIAIRE','INTERMEDIAIRE'),(1024,'PSP',4,2,1,3,2,2,3,1,'ETENDU','ETENDU_ECO_SOINS_COUR_AUDIO_DENT','INTERMEDIAIRE','INTERMEDIAIRE'),(1025,'PSP',3,4,1,2,2,2,3,1,'ETENDU','ETENDU_ECO_SOINS_COUR_AUDIO_DENT','INTERMEDIAIRE','INTERMEDIAIRE'),(1026,'PSP',4,3,1,2,2,2,3,1,'ETENDU','ETENDU_ECO_SOINS_COUR_AUDIO_DENT','INTERMEDIAIRE','INTERMEDIAIRE'),(1027,'PSP',2,3,4,1,2,2,3,1,'ETENDU','ETENDU_ECO_SOINS_COUR_AUDIO_DENT','INTERMEDIAIRE','INTERMEDIAIRE'),(1028,'PSP',2,4,3,1,2,2,3,1,'ETENDU','ETENDU_ECO_SOINS_COUR_AUDIO_DENT','INTERMEDIAIRE','INTERMEDIAIRE'),(1029,'PSP',3,2,4,1,2,2,3,1,'ETENDU','ETENDU_ECO_SOINS_COUR_AUDIO_DENT','INTERMEDIAIRE','INTERMEDIAIRE'),(1030,'PSP',4,2,3,1,2,2,3,1,'ETENDU','ETENDU_ECO_SOINS_COUR_AUDIO_DENT','INTERMEDIAIRE','INTERMEDIAIRE'),(1031,'PSP',3,4,2,1,2,2,3,1,'ETENDU','ETENDU_ECO_SOINS_COUR_AUDIO_DENT','INTERMEDIAIRE','INTERMEDIAIRE'),(1032,'PSP',4,3,2,1,2,2,3,1,'ETENDU','ETENDU_ECO_SOINS_COUR_AUDIO_DENT','INTERMEDIAIRE','INTERMEDIAIRE'),(1033,'PSP',1,2,3,4,2,2,3,2,'ETENDU','ETENDU_ECO_SOINS_COUR_AUDIO','ETENDU','ETENDU_ECO_SOINS_COUR_AUDIO_DENT'),(1034,'PSP',1,2,4,3,2,2,3,2,'ETENDU','ETENDU_ECO_SOINS_COUR_AUDIO','ETENDU','ETENDU_ECO_SOINS_COUR_AUDIO_OPT'),(1035,'PSP',1,3,2,4,2,2,3,2,'ETENDU','ETENDU_ECO_SOINS_COUR_AUDIO','ETENDU','ETENDU_ECO_SOINS_COUR_AUDIO_DENT'),(1036,'PSP',1,4,2,3,2,2,3,2,'ETENDU','ETENDU_ECO_SOINS_COUR_AUDIO','ETENDU','ETENDU_ECO_SOINS_COUR_AUDIO_DENT'),(1037,'PSP',1,3,4,2,2,2,3,2,'ETENDU','ETENDU_ECO_SOINS_COUR_AUDIO','ETENDU','ETENDU_ECO_SOINS_COUR_AUDIO_OPT'),(1038,'PSP',1,4,3,2,2,2,3,2,'ETENDU','ETENDU_ECO_SOINS_COUR_AUDIO','ETENDU','ETENDU_ECO_SOINS_COUR_AUDIO_OPT'),(1039,'PSP',2,1,3,4,2,2,3,2,'ETENDU','ETENDU_ECO_SOINS_COUR_AUDIO','ETENDU','ETENDU_ECO_SOINS_COUR_AUDIO_DENT'),(1040,'PSP',2,1,4,3,2,2,3,2,'ETENDU','ETENDU_ECO_SOINS_COUR_AUDIO','ETENDU','ETENDU_ECO_SOINS_COUR_AUDIO_OPT'),(1041,'PSP',3,1,2,4,2,2,3,2,'ETENDU','ETENDU_ECO_SOINS_COUR_AUDIO','ETENDU','ETENDU_ECO_SOINS_COUR_AUDIO_DENT'),(1042,'PSP',4,1,2,3,2,2,3,2,'ETENDU','ETENDU_ECO_SOINS_COUR_AUDIO','ETENDU','ETENDU_ECO_SOINS_COUR_AUDIO_DENT'),(1043,'PSP',3,1,4,2,2,2,3,2,'ETENDU','ETENDU_ECO_SOINS_COUR_AUDIO','ETENDU','ETENDU_ECO_SOINS_COUR_AUDIO_OPT'),(1044,'PSP',4,1,3,2,2,2,3,2,'ETENDU','ETENDU_ECO_SOINS_COUR_AUDIO','ETENDU','ETENDU_ECO_SOINS_COUR_AUDIO_OPT'),(1045,'PSP',2,3,1,4,2,2,3,2,'ETENDU','ETENDU_ECO_SOINS_COUR_AUDIO','ETENDU','ETENDU_ECO_SOINS_COUR_AUDIO_DENT'),(1046,'PSP',2,4,1,3,2,2,3,2,'ETENDU','ETENDU_ECO_SOINS_COUR_AUDIO','ETENDU','ETENDU_ECO_SOINS_COUR_AUDIO_DENT'),(1047,'PSP',3,2,1,4,2,2,3,2,'ETENDU','ETENDU_ECO_SOINS_COUR_AUDIO','ETENDU','ETENDU_ECO_SOINS_COUR_AUDIO_DENT'),(1048,'PSP',4,2,1,3,2,2,3,2,'ETENDU','ETENDU_ECO_SOINS_COUR_AUDIO','ETENDU','ETENDU_ECO_SOINS_COUR_AUDIO_DENT'),(1049,'PSP',3,4,1,2,2,2,3,2,'ETENDU','ETENDU_ECO_SOINS_COUR_AUDIO','ETENDU','ETENDU_ECO_SOINS_COUR_AUDIO_DENT'),(1050,'PSP',4,3,1,2,2,2,3,2,'ETENDU','ETENDU_ECO_SOINS_COUR_AUDIO','ETENDU','ETENDU_ECO_SOINS_COUR_AUDIO_DENT'),(1051,'PSP',2,3,4,1,2,2,3,2,'ETENDU','ETENDU_ECO_SOINS_COUR_AUDIO','ETENDU','ETENDU_ECO_SOINS_COUR_AUDIO_OPT'),(1052,'PSP',2,4,3,1,2,2,3,2,'ETENDU','ETENDU_ECO_SOINS_COUR_AUDIO','ETENDU','ETENDU_ECO_SOINS_COUR_AUDIO_OPT'),(1053,'PSP',3,2,4,1,2,2,3,2,'ETENDU','ETENDU_ECO_SOINS_COUR_AUDIO','ETENDU','ETENDU_ECO_SOINS_COUR_AUDIO_OPT'),(1054,'PSP',4,2,3,1,2,2,3,2,'ETENDU','ETENDU_ECO_SOINS_COUR_AUDIO','ETENDU','ETENDU_ECO_SOINS_COUR_AUDIO_OPT'),(1055,'PSP',3,4,2,1,2,2,3,2,'ETENDU','ETENDU_ECO_SOINS_COUR_AUDIO','ETENDU','ETENDU_ECO_SOINS_COUR_AUDIO_OPT'),(1056,'PSP',4,3,2,1,2,2,3,2,'ETENDU','ETENDU_ECO_SOINS_COUR_AUDIO','ETENDU','ETENDU_ECO_SOINS_COUR_AUDIO_OPT'),(1057,'PSP',1,2,3,4,2,2,3,3,'ETENDU','ETENDU_ECO_SOINS_COUR_AUDIO','ETENDU','ETENDU_ECO_SOINS_COUR_AUDIO_DENT'),(1058,'PSP',1,2,4,3,2,2,3,3,'ETENDU','ETENDU_ECO_SOINS_COUR_AUDIO','ETENDU','ETENDU_ECO_SOINS_COUR_AUDIO_OPT'),(1059,'PSP',1,3,2,4,2,2,3,3,'ETENDU','ETENDU_ECO_SOINS_COUR_AUDIO','ETENDU','ETENDU_ECO_SOINS_COUR_AUDIO_DENT'),(1060,'PSP',1,4,2,3,2,2,3,3,'ETENDU','ETENDU_ECO_SOINS_COUR_AUDIO','ETENDU','ETENDU_ECO_SOINS_COUR_AUDIO_DENT'),(1061,'PSP',1,3,4,2,2,2,3,3,'ETENDU','ETENDU_ECO_SOINS_COUR_AUDIO','ETENDU','ETENDU_ECO_SOINS_COUR_AUDIO_OPT'),(1062,'PSP',1,4,3,2,2,2,3,3,'ETENDU','ETENDU_ECO_SOINS_COUR_AUDIO','ETENDU','ETENDU_ECO_SOINS_COUR_AUDIO_OPT'),(1063,'PSP',2,1,3,4,2,2,3,3,'ETENDU','ETENDU_ECO_SOINS_COUR_AUDIO','ETENDU','ETENDU_ECO_SOINS_COUR_AUDIO_DENT'),(1064,'PSP',2,1,4,3,2,2,3,3,'ETENDU','ETENDU_ECO_SOINS_COUR_AUDIO','ETENDU','ETENDU_ECO_SOINS_COUR_AUDIO_OPT'),(1065,'PSP',3,1,2,4,2,2,3,3,'ETENDU','ETENDU_ECO_SOINS_COUR_AUDIO','ETENDU','ETENDU_ECO_SOINS_COUR_AUDIO_DENT'),(1066,'PSP',4,1,2,3,2,2,3,3,'INTEGRAL','INTEGRAL_ECO_SOINS_COUR_AUDIO','INTEGRAL','INTEGRAL_ECO_SOINS_COUR_AUDIO_DENT'),(1067,'PSP',3,1,4,2,2,2,3,3,'INTEGRAL','INTEGRAL_ECO_SOINS_COUR_AUDIO','INTEGRAL','INTEGRAL_ECO_SOINS_COUR_AUDIO_OPT'),(1068,'PSP',4,1,3,2,2,2,3,3,'INTEGRAL','INTEGRAL_ECO_SOINS_COUR_AUDIO','INTEGRAL','INTEGRAL_ECO_SOINS_COUR_AUDIO_OPT'),(1069,'PSP',2,3,1,4,2,2,3,3,'ETENDU','ETENDU_ECO_SOINS_COUR_AUDIO','ETENDU','ETENDU_ECO_SOINS_COUR_AUDIO_DENT'),(1070,'PSP',2,4,1,3,2,2,3,3,'ETENDU','ETENDU_ECO_SOINS_COUR_AUDIO','ETENDU','ETENDU_ECO_SOINS_COUR_AUDIO_DENT'),(1071,'PSP',3,2,1,4,2,2,3,3,'ETENDU','ETENDU_ECO_SOINS_COUR_AUDIO','ETENDU','ETENDU_ECO_SOINS_COUR_AUDIO_DENT'),(1072,'PSP',4,2,1,3,2,2,3,3,'INTEGRAL','INTEGRAL_ECO_SOINS_COUR_AUDIO','INTEGRAL','INTEGRAL_ECO_SOINS_COUR_AUDIO_DENT'),(1073,'PSP',3,4,1,2,2,2,3,3,'INTEGRAL','INTEGRAL_ECO_SOINS_COUR_AUDIO','INTEGRAL','INTEGRAL_ECO_SOINS_COUR_AUDIO_DENT'),(1074,'PSP',4,3,1,2,2,2,3,3,'INTEGRAL','INTEGRAL_ECO_SOINS_COUR_AUDIO','INTEGRAL','INTEGRAL_ECO_SOINS_COUR_AUDIO_DENT'),(1075,'PSP',2,3,4,1,2,2,3,3,'INTEGRAL','INTEGRAL_ECO_SOINS_COUR_AUDIO','INTEGRAL','INTEGRAL_ECO_SOINS_COUR_AUDIO_OPT'),(1076,'PSP',2,4,3,1,2,2,3,3,'INTEGRAL','INTEGRAL_ECO_SOINS_COUR_AUDIO','INTEGRAL','INTEGRAL_ECO_SOINS_COUR_AUDIO_OPT'),(1077,'PSP',3,2,4,1,2,2,3,3,'INTEGRAL','INTEGRAL_ECO_SOINS_COUR_AUDIO','INTEGRAL','INTEGRAL_ECO_SOINS_COUR_AUDIO_OPT'),(1078,'PSP',4,2,3,1,2,2,3,3,'INTEGRAL','INTEGRAL_ECO_SOINS_COUR_AUDIO','INTEGRAL','INTEGRAL_ECO_SOINS_COUR_AUDIO_OPT'),(1079,'PSP',3,4,2,1,2,2,3,3,'INTEGRAL','INTEGRAL_ECO_SOINS_COUR_AUDIO','INTEGRAL','INTEGRAL_ECO_SOINS_COUR_AUDIO_OPT'),(1080,'PSP',4,3,2,1,2,2,3,3,'INTEGRAL','INTEGRAL_ECO_SOINS_COUR_AUDIO','INTEGRAL','INTEGRAL_ECO_SOINS_COUR_AUDIO_OPT'),(1081,'PSP',1,2,3,4,2,3,1,1,'ETENDU','ETENDU_ECO_OPT_DENT','INTERMEDIAIRE','INTERMEDIAIRE'),(1082,'PSP',1,2,4,3,2,3,1,1,'ETENDU','ETENDU_ECO_OPT_DENT','INTERMEDIAIRE','INTERMEDIAIRE'),(1083,'PSP',1,3,2,4,2,3,1,1,'ETENDU','ETENDU_ECO_OPT_DENT','INTERMEDIAIRE','INTERMEDIAIRE'),(1084,'PSP',1,4,2,3,2,3,1,1,'ETENDU','ETENDU_ECO_OPT_DENT','INTERMEDIAIRE','INTERMEDIAIRE'),(1085,'PSP',1,3,4,2,2,3,1,1,'ETENDU','ETENDU_ECO_OPT_DENT','INTERMEDIAIRE','INTERMEDIAIRE'),(1086,'PSP',1,4,3,2,2,3,1,1,'ETENDU','ETENDU_ECO_OPT_DENT','INTERMEDIAIRE','INTERMEDIAIRE'),(1087,'PSP',2,1,3,4,2,3,1,1,'ETENDU','ETENDU_ECO_OPT_DENT','INTERMEDIAIRE','INTERMEDIAIRE'),(1088,'PSP',2,1,4,3,2,3,1,1,'ETENDU','ETENDU_ECO_OPT_DENT','INTERMEDIAIRE','INTERMEDIAIRE'),(1089,'PSP',3,1,2,4,2,3,1,1,'ETENDU','ETENDU_ECO_OPT_DENT','INTERMEDIAIRE','INTERMEDIAIRE'),(1090,'PSP',4,1,2,3,2,3,1,1,'ETENDU','ETENDU_ECO_OPT_DENT','INTERMEDIAIRE','INTERMEDIAIRE'),(1091,'PSP',3,1,4,2,2,3,1,1,'ETENDU','ETENDU_ECO_OPT_DENT','INTERMEDIAIRE','INTERMEDIAIRE'),(1092,'PSP',4,1,3,2,2,3,1,1,'ETENDU','ETENDU_ECO_OPT_DENT','INTERMEDIAIRE','INTERMEDIAIRE'),(1093,'PSP',2,3,1,4,2,3,1,1,'ETENDU','ETENDU_ECO_OPT_DENT','INTERMEDIAIRE','INTERMEDIAIRE'),(1094,'PSP',2,4,1,3,2,3,1,1,'ETENDU','ETENDU_ECO_OPT_DENT','INTERMEDIAIRE','INTERMEDIAIRE'),(1095,'PSP',3,2,1,4,2,3,1,1,'ETENDU','ETENDU_ECO_OPT_DENT','INTERMEDIAIRE','INTERMEDIAIRE'),(1096,'PSP',4,2,1,3,2,3,1,1,'ETENDU','ETENDU_ECO_OPT_DENT','INTERMEDIAIRE','INTERMEDIAIRE'),(1097,'PSP',3,4,1,2,2,3,1,1,'ETENDU','ETENDU_ECO_OPT_DENT','INTERMEDIAIRE','INTERMEDIAIRE'),(1098,'PSP',4,3,1,2,2,3,1,1,'ETENDU','ETENDU_ECO_OPT_DENT','INTERMEDIAIRE','INTERMEDIAIRE'),(1099,'PSP',2,3,4,1,2,3,1,1,'ETENDU','ETENDU_ECO_OPT_DENT','INTERMEDIAIRE','INTERMEDIAIRE'),(1100,'PSP',2,4,3,1,2,3,1,1,'ETENDU','ETENDU_ECO_OPT_DENT','INTERMEDIAIRE','INTERMEDIAIRE'),(1101,'PSP',3,2,4,1,2,3,1,1,'ETENDU','ETENDU_ECO_OPT_DENT','INTERMEDIAIRE','INTERMEDIAIRE'),(1102,'PSP',4,2,3,1,2,3,1,1,'ETENDU','ETENDU_ECO_OPT_DENT','INTERMEDIAIRE','INTERMEDIAIRE'),(1103,'PSP',3,4,2,1,2,3,1,1,'ETENDU','ETENDU_ECO_OPT_DENT','INTERMEDIAIRE','INTERMEDIAIRE'),(1104,'PSP',4,3,2,1,2,3,1,1,'ETENDU','ETENDU_ECO_OPT_DENT','INTERMEDIAIRE','INTERMEDIAIRE'),(1105,'PSP',1,2,3,4,2,3,1,2,'ETENDU','ETENDU_ECO_OPT','ETENDU','ETENDU_ECO_OPT_DENT'),(1106,'PSP',1,2,4,3,2,3,1,2,'ETENDU','ETENDU_ECO_OPT','ETENDU','ETENDU_ECO_OPT_DENT'),(1107,'PSP',1,3,2,4,2,3,1,2,'ETENDU','ETENDU_ECO_OPT','ETENDU','ETENDU_ECO_OPT_DENT'),(1108,'PSP',1,4,2,3,2,3,1,2,'ETENDU','ETENDU_ECO_OPT','ETENDU','ETENDU_ECO_SOINS_COUR_AUDIO_OPT'),(1109,'PSP',1,3,4,2,2,3,1,2,'ETENDU','ETENDU_ECO_OPT','ETENDU','ETENDU_ECO_SOINS_COUR_AUDIO_OPT'),(1110,'PSP',1,4,3,2,2,3,1,2,'ETENDU','ETENDU_ECO_OPT','ETENDU','ETENDU_ECO_SOINS_COUR_AUDIO_OPT'),(1111,'PSP',2,1,3,4,2,3,1,2,'ETENDU','ETENDU_ECO_OPT','ETENDU','ETENDU_ECO_OPT_DENT'),(1112,'PSP',2,1,4,3,2,3,1,2,'ETENDU','ETENDU_ECO_OPT','ETENDU','ETENDU_ECO_OPT_DENT'),(1113,'PSP',3,1,2,4,2,3,1,2,'ETENDU','ETENDU_ECO_OPT','ETENDU','ETENDU_ECO_OPT_DENT'),(1114,'PSP',4,1,2,3,2,3,1,2,'ETENDU','ETENDU_ECO_OPT','ETENDU','ETENDU_ECO_OPT_DENT'),(1115,'PSP',3,1,4,2,2,3,1,2,'ETENDU','ETENDU_ECO_OPT','ETENDU','ETENDU_ECO_OPT_DENT'),(1116,'PSP',4,1,3,2,2,3,1,2,'ETENDU','ETENDU_ECO_OPT','ETENDU','ETENDU_ECO_OPT_DENT'),(1117,'PSP',2,3,1,4,2,3,1,2,'ETENDU','ETENDU_ECO_OPT','ETENDU','ETENDU_ECO_OPT_DENT'),(1118,'PSP',2,4,1,3,2,3,1,2,'ETENDU','ETENDU_ECO_OPT','ETENDU','ETENDU_ECO_SOINS_COUR_AUDIO_OPT'),(1119,'PSP',3,2,1,4,2,3,1,2,'ETENDU','ETENDU_ECO_OPT','ETENDU','ETENDU_ECO_OPT_DENT'),(1120,'PSP',4,2,1,3,2,3,1,2,'ETENDU','ETENDU_ECO_OPT','ETENDU','ETENDU_ECO_OPT_DENT'),(1121,'PSP',3,4,1,2,2,3,1,2,'ETENDU','ETENDU_ECO_OPT','ETENDU','ETENDU_ECO_SOINS_COUR_AUDIO_OPT'),(1122,'PSP',4,3,1,2,2,3,1,2,'ETENDU','ETENDU_ECO_OPT','ETENDU','ETENDU_ECO_SOINS_COUR_AUDIO_OPT'),(1123,'PSP',2,3,4,1,2,3,1,2,'ETENDU','ETENDU_ECO_OPT','ETENDU','ETENDU_ECO_SOINS_COUR_AUDIO_OPT'),(1124,'PSP',2,4,3,1,2,3,1,2,'ETENDU','ETENDU_ECO_OPT','ETENDU','ETENDU_ECO_SOINS_COUR_AUDIO_OPT'),(1125,'PSP',3,2,4,1,2,3,1,2,'ETENDU','ETENDU_ECO_OPT','ETENDU','ETENDU_ECO_SOINS_COUR_AUDIO_OPT'),(1126,'PSP',4,2,3,1,2,3,1,2,'ETENDU','ETENDU_ECO_OPT','ETENDU','ETENDU_ECO_SOINS_COUR_AUDIO_OPT'),(1127,'PSP',3,4,2,1,2,3,1,2,'ETENDU','ETENDU_ECO_OPT','ETENDU','ETENDU_ECO_SOINS_COUR_AUDIO_OPT'),(1128,'PSP',4,3,2,1,2,3,1,2,'ETENDU','ETENDU_ECO_OPT','ETENDU','ETENDU_ECO_SOINS_COUR_AUDIO_OPT'),(1129,'PSP',1,2,3,4,2,3,1,3,'ETENDU','ETENDU_ECO_OPT','ETENDU','ETENDU_ECO_OPT_DENT'),(1130,'PSP',1,2,4,3,2,3,1,3,'ETENDU','ETENDU_ECO_OPT','ETENDU','ETENDU_ECO_OPT_DENT'),(1131,'PSP',1,3,2,4,2,3,1,3,'ETENDU','ETENDU_ECO_OPT','ETENDU','ETENDU_ECO_OPT_DENT'),(1132,'PSP',1,4,2,3,2,3,1,3,'ETENDU','ETENDU_ECO_OPT','ETENDU','ETENDU_ECO_SOINS_COUR_AUDIO_OPT'),(1133,'PSP',1,3,4,2,2,3,1,3,'ETENDU','ETENDU_ECO_OPT','ETENDU','ETENDU_ECO_SOINS_COUR_AUDIO_OPT'),(1134,'PSP',1,4,3,2,2,3,1,3,'ETENDU','ETENDU_ECO_OPT','ETENDU','ETENDU_ECO_SOINS_COUR_AUDIO_OPT'),(1135,'PSP',2,1,3,4,2,3,1,3,'ETENDU','ETENDU_ECO_OPT','ETENDU','ETENDU_ECO_OPT_DENT'),(1136,'PSP',2,1,4,3,2,3,1,3,'ETENDU','ETENDU_ECO_OPT','ETENDU','ETENDU_ECO_OPT_DENT'),(1137,'PSP',3,1,2,4,2,3,1,3,'ETENDU','ETENDU_ECO_OPT','ETENDU','ETENDU_ECO_OPT_DENT'),(1138,'PSP',4,1,2,3,2,3,1,3,'INTEGRAL','INTEGRAL_ECO_OPT','INTEGRAL','INTEGRAL_ECO_OPT_DENT'),(1139,'PSP',3,1,4,2,2,3,1,3,'INTEGRAL','INTEGRAL_ECO_OPT','INTEGRAL','INTEGRAL_ECO_OPT_DENT'),(1140,'PSP',4,1,3,2,2,3,1,3,'INTEGRAL','INTEGRAL_ECO_OPT','INTEGRAL','INTEGRAL_ECO_OPT_DENT'),(1141,'PSP',2,3,1,4,2,3,1,3,'ETENDU','ETENDU_ECO_OPT','ETENDU','ETENDU_ECO_OPT_DENT'),(1142,'PSP',2,4,1,3,2,3,1,3,'ETENDU','ETENDU_ECO_OPT','ETENDU','ETENDU_ECO_SOINS_COUR_AUDIO_OPT'),(1143,'PSP',3,2,1,4,2,3,1,3,'ETENDU','ETENDU_ECO_OPT','ETENDU','ETENDU_ECO_OPT_DENT'),(1144,'PSP',4,2,1,3,2,3,1,3,'INTEGRAL','INTEGRAL_ECO_OPT','INTEGRAL','INTEGRAL_ECO_OPT_DENT'),(1145,'PSP',3,4,1,2,2,3,1,3,'INTEGRAL','INTEGRAL_ECO_OPT','INTEGRAL','INTEGRAL_ECO_SOINS_COUR_AUDIO_OPT'),(1146,'PSP',4,3,1,2,2,3,1,3,'INTEGRAL','INTEGRAL_ECO_OPT','INTEGRAL','INTEGRAL_ECO_SOINS_COUR_AUDIO_OPT'),(1147,'PSP',2,3,4,1,2,3,1,3,'INTEGRAL','INTEGRAL_ECO_OPT','INTEGRAL','INTEGRAL_ECO_SOINS_COUR_AUDIO_OPT'),(1148,'PSP',2,4,3,1,2,3,1,3,'INTEGRAL','INTEGRAL_ECO_OPT','INTEGRAL','INTEGRAL_ECO_SOINS_COUR_AUDIO_OPT'),(1149,'PSP',3,2,4,1,2,3,1,3,'INTEGRAL','INTEGRAL_ECO_OPT','INTEGRAL','INTEGRAL_ECO_SOINS_COUR_AUDIO_OPT'),(1150,'PSP',4,2,3,1,2,3,1,3,'INTEGRAL','INTEGRAL_ECO_OPT','INTEGRAL','INTEGRAL_ECO_SOINS_COUR_AUDIO_OPT'),(1151,'PSP',3,4,2,1,2,3,1,3,'INTEGRAL','INTEGRAL_ECO_OPT','INTEGRAL','INTEGRAL_ECO_SOINS_COUR_AUDIO_OPT'),(1152,'PSP',4,3,2,1,2,3,1,3,'INTEGRAL','INTEGRAL_ECO_OPT','INTEGRAL','INTEGRAL_ECO_SOINS_COUR_AUDIO_OPT'),(1153,'PSP',1,2,3,4,2,3,2,1,'ETENDU','ETENDU_ECO_OPT_DENT','INTERMEDIAIRE','INTERMEDIAIRE'),(1154,'PSP',1,2,4,3,2,3,2,1,'ETENDU','ETENDU_ECO_OPT_DENT','INTERMEDIAIRE','INTERMEDIAIRE'),(1155,'PSP',1,3,2,4,2,3,2,1,'ETENDU','ETENDU_ECO_OPT_DENT','INTERMEDIAIRE','INTERMEDIAIRE'),(1156,'PSP',1,4,2,3,2,3,2,1,'ETENDU','ETENDU_ECO_OPT_DENT','INTERMEDIAIRE','INTERMEDIAIRE'),(1157,'PSP',1,3,4,2,2,3,2,1,'ETENDU','ETENDU_ECO_OPT_DENT','INTERMEDIAIRE','INTERMEDIAIRE'),(1158,'PSP',1,4,3,2,2,3,2,1,'ETENDU','ETENDU_ECO_OPT_DENT','INTERMEDIAIRE','INTERMEDIAIRE'),(1159,'PSP',2,1,3,4,2,3,2,1,'ETENDU','ETENDU_ECO_OPT_DENT','INTERMEDIAIRE','INTERMEDIAIRE'),(1160,'PSP',2,1,4,3,2,3,2,1,'ETENDU','ETENDU_ECO_OPT_DENT','INTERMEDIAIRE','INTERMEDIAIRE'),(1161,'PSP',3,1,2,4,2,3,2,1,'ETENDU','ETENDU_ECO_OPT_DENT','INTERMEDIAIRE','INTERMEDIAIRE'),(1162,'PSP',4,1,2,3,2,3,2,1,'ETENDU','ETENDU_ECO_OPT_DENT','INTERMEDIAIRE','INTERMEDIAIRE'),(1163,'PSP',3,1,4,2,2,3,2,1,'ETENDU','ETENDU_ECO_OPT_DENT','INTERMEDIAIRE','INTERMEDIAIRE'),(1164,'PSP',4,1,3,2,2,3,2,1,'ETENDU','ETENDU_ECO_OPT_DENT','INTERMEDIAIRE','INTERMEDIAIRE'),(1165,'PSP',2,3,1,4,2,3,2,1,'ETENDU','ETENDU_ECO_OPT_DENT','INTERMEDIAIRE','INTERMEDIAIRE'),(1166,'PSP',2,4,1,3,2,3,2,1,'ETENDU','ETENDU_ECO_OPT_DENT','INTERMEDIAIRE','INTERMEDIAIRE'),(1167,'PSP',3,2,1,4,2,3,2,1,'ETENDU','ETENDU_ECO_OPT_DENT','INTERMEDIAIRE','INTERMEDIAIRE'),(1168,'PSP',4,2,1,3,2,3,2,1,'ETENDU','ETENDU_ECO_OPT_DENT','INTERMEDIAIRE','INTERMEDIAIRE'),(1169,'PSP',3,4,1,2,2,3,2,1,'ETENDU','ETENDU_ECO_OPT_DENT','INTERMEDIAIRE','INTERMEDIAIRE'),(1170,'PSP',4,3,1,2,2,3,2,1,'ETENDU','ETENDU_ECO_OPT_DENT','INTERMEDIAIRE','INTERMEDIAIRE'),(1171,'PSP',2,3,4,1,2,3,2,1,'ETENDU','ETENDU_ECO_OPT_DENT','INTERMEDIAIRE','INTERMEDIAIRE'),(1172,'PSP',2,4,3,1,2,3,2,1,'ETENDU','ETENDU_ECO_OPT_DENT','INTERMEDIAIRE','INTERMEDIAIRE'),(1173,'PSP',3,2,4,1,2,3,2,1,'ETENDU','ETENDU_ECO_OPT_DENT','INTERMEDIAIRE','INTERMEDIAIRE'),(1174,'PSP',4,2,3,1,2,3,2,1,'ETENDU','ETENDU_ECO_OPT_DENT','INTERMEDIAIRE','INTERMEDIAIRE'),(1175,'PSP',3,4,2,1,2,3,2,1,'ETENDU','ETENDU_ECO_OPT_DENT','INTERMEDIAIRE','INTERMEDIAIRE'),(1176,'PSP',4,3,2,1,2,3,2,1,'ETENDU','ETENDU_ECO_OPT_DENT','INTERMEDIAIRE','INTERMEDIAIRE'),(1177,'PSP',1,2,3,4,2,3,2,2,'ETENDU','ETENDU_ECO_OPT','ETENDU','ETENDU_ECO_OPT_DENT'),(1178,'PSP',1,2,4,3,2,3,2,2,'ETENDU','ETENDU_ECO_OPT','ETENDU','ETENDU_ECO_OPT_DENT'),(1179,'PSP',1,3,2,4,2,3,2,2,'ETENDU','ETENDU_ECO_OPT','ETENDU','ETENDU_ECO_OPT_DENT'),(1180,'PSP',1,4,2,3,2,3,2,2,'ETENDU','ETENDU_ECO_OPT','ETENDU','ETENDU_ECO_SOINS_COUR_AUDIO_OPT'),(1181,'PSP',1,3,4,2,2,3,2,2,'ETENDU','ETENDU_ECO_OPT','ETENDU','ETENDU_ECO_SOINS_COUR_AUDIO_OPT'),(1182,'PSP',1,4,3,2,2,3,2,2,'ETENDU','ETENDU_ECO_OPT','ETENDU','ETENDU_ECO_SOINS_COUR_AUDIO_OPT'),(1183,'PSP',2,1,3,4,2,3,2,2,'ETENDU','ETENDU_ECO_OPT','ETENDU','ETENDU_ECO_OPT_DENT'),(1184,'PSP',2,1,4,3,2,3,2,2,'ETENDU','ETENDU_ECO_OPT','ETENDU','ETENDU_ECO_OPT_DENT'),(1185,'PSP',3,1,2,4,2,3,2,2,'ETENDU','ETENDU_ECO_OPT','ETENDU','ETENDU_ECO_OPT_DENT'),(1186,'PSP',4,1,2,3,2,3,2,2,'ETENDU','ETENDU_ECO_OPT','ETENDU','ETENDU_ECO_OPT_DENT'),(1187,'PSP',3,1,4,2,2,3,2,2,'ETENDU','ETENDU_ECO_OPT','ETENDU','ETENDU_ECO_OPT_DENT'),(1188,'PSP',4,1,3,2,2,3,2,2,'ETENDU','ETENDU_ECO_OPT','ETENDU','ETENDU_ECO_OPT_DENT'),(1189,'PSP',2,3,1,4,2,3,2,2,'ETENDU','ETENDU_ECO_OPT','ETENDU','ETENDU_ECO_OPT_DENT'),(1190,'PSP',2,4,1,3,2,3,2,2,'ETENDU','ETENDU_ECO_OPT','ETENDU','ETENDU_ECO_SOINS_COUR_AUDIO_OPT'),(1191,'PSP',3,2,1,4,2,3,2,2,'ETENDU','ETENDU_ECO_OPT','ETENDU','ETENDU_ECO_OPT_DENT'),(1192,'PSP',4,2,1,3,2,3,2,2,'ETENDU','ETENDU_ECO_OPT','ETENDU','ETENDU_ECO_OPT_DENT'),(1193,'PSP',3,4,1,2,2,3,2,2,'ETENDU','ETENDU_ECO_OPT','ETENDU','ETENDU_ECO_SOINS_COUR_AUDIO_OPT'),(1194,'PSP',4,3,1,2,2,3,2,2,'ETENDU','ETENDU_ECO_OPT','ETENDU','ETENDU_ECO_SOINS_COUR_AUDIO_OPT'),(1195,'PSP',2,3,4,1,2,3,2,2,'ETENDU','ETENDU_ECO_OPT','ETENDU','ETENDU_ECO_SOINS_COUR_AUDIO_OPT'),(1196,'PSP',2,4,3,1,2,3,2,2,'ETENDU','ETENDU_ECO_OPT','ETENDU','ETENDU_ECO_SOINS_COUR_AUDIO_OPT'),(1197,'PSP',3,2,4,1,2,3,2,2,'ETENDU','ETENDU_ECO_OPT','ETENDU','ETENDU_ECO_SOINS_COUR_AUDIO_OPT'),(1198,'PSP',4,2,3,1,2,3,2,2,'ETENDU','ETENDU_ECO_OPT','ETENDU','ETENDU_ECO_SOINS_COUR_AUDIO_OPT'),(1199,'PSP',3,4,2,1,2,3,2,2,'ETENDU','ETENDU_ECO_OPT','ETENDU','ETENDU_ECO_SOINS_COUR_AUDIO_OPT'),(1200,'PSP',4,3,2,1,2,3,2,2,'ETENDU','ETENDU_ECO_OPT','ETENDU','ETENDU_ECO_SOINS_COUR_AUDIO_OPT'),(1201,'PSP',1,2,3,4,2,3,2,3,'ETENDU','ETENDU_ECO_OPT','ETENDU','ETENDU_ECO_OPT_DENT'),(1202,'PSP',1,2,4,3,2,3,2,3,'ETENDU','ETENDU_ECO_OPT','ETENDU','ETENDU_ECO_OPT_DENT'),(1203,'PSP',1,3,2,4,2,3,2,3,'ETENDU','ETENDU_ECO_OPT','ETENDU','ETENDU_ECO_OPT_DENT'),(1204,'PSP',1,4,2,3,2,3,2,3,'ETENDU','ETENDU_ECO_OPT','ETENDU','ETENDU_ECO_SOINS_COUR_AUDIO_OPT'),(1205,'PSP',1,3,4,2,2,3,2,3,'ETENDU','ETENDU_ECO_OPT','ETENDU','ETENDU_ECO_SOINS_COUR_AUDIO_OPT'),(1206,'PSP',1,4,3,2,2,3,2,3,'ETENDU','ETENDU_ECO_OPT','ETENDU','ETENDU_ECO_SOINS_COUR_AUDIO_OPT'),(1207,'PSP',2,1,3,4,2,3,2,3,'ETENDU','ETENDU_ECO_OPT','ETENDU','ETENDU_ECO_OPT_DENT'),(1208,'PSP',2,1,4,3,2,3,2,3,'ETENDU','ETENDU_ECO_OPT','ETENDU','ETENDU_ECO_OPT_DENT'),(1209,'PSP',3,1,2,4,2,3,2,3,'ETENDU','ETENDU_ECO_OPT','ETENDU','ETENDU_ECO_OPT_DENT'),(1210,'PSP',4,1,2,3,2,3,2,3,'INTEGRAL','INTEGRAL_ECO_OPT','INTEGRAL','INTEGRAL_ECO_OPT_DENT'),(1211,'PSP',3,1,4,2,2,3,2,3,'INTEGRAL','INTEGRAL_ECO_OPT','INTEGRAL','INTEGRAL_ECO_OPT_DENT'),(1212,'PSP',4,1,3,2,2,3,2,3,'INTEGRAL','INTEGRAL_ECO_OPT','INTEGRAL','INTEGRAL_ECO_OPT_DENT'),(1213,'PSP',2,3,1,4,2,3,2,3,'ETENDU','ETENDU_ECO_OPT','ETENDU','ETENDU_ECO_OPT_DENT'),(1214,'PSP',2,4,1,3,2,3,2,3,'ETENDU','ETENDU_ECO_OPT','ETENDU','ETENDU_ECO_SOINS_COUR_AUDIO_OPT'),(1215,'PSP',3,2,1,4,2,3,2,3,'ETENDU','ETENDU_ECO_OPT','ETENDU','ETENDU_ECO_OPT_DENT'),(1216,'PSP',4,2,1,3,2,3,2,3,'INTEGRAL','INTEGRAL_ECO_OPT','INTEGRAL','INTEGRAL_ECO_OPT_DENT'),(1217,'PSP',3,4,1,2,2,3,2,3,'INTEGRAL','INTEGRAL_ECO_OPT','INTEGRAL','INTEGRAL_ECO_SOINS_COUR_AUDIO_OPT'),(1218,'PSP',4,3,1,2,2,3,2,3,'INTEGRAL','INTEGRAL_ECO_OPT','INTEGRAL','INTEGRAL_ECO_SOINS_COUR_AUDIO_OPT'),(1219,'PSP',2,3,4,1,2,3,2,3,'INTEGRAL','INTEGRAL_ECO_OPT','INTEGRAL','INTEGRAL_ECO_SOINS_COUR_AUDIO_OPT'),(1220,'PSP',2,4,3,1,2,3,2,3,'INTEGRAL','INTEGRAL_ECO_OPT','INTEGRAL','INTEGRAL_ECO_SOINS_COUR_AUDIO_OPT'),(1221,'PSP',3,2,4,1,2,3,2,3,'INTEGRAL','INTEGRAL_ECO_OPT','INTEGRAL','INTEGRAL_ECO_SOINS_COUR_AUDIO_OPT'),(1222,'PSP',4,2,3,1,2,3,2,3,'INTEGRAL','INTEGRAL_ECO_OPT','INTEGRAL','INTEGRAL_ECO_SOINS_COUR_AUDIO_OPT'),(1223,'PSP',3,4,2,1,2,3,2,3,'INTEGRAL','INTEGRAL_ECO_OPT','INTEGRAL','INTEGRAL_ECO_SOINS_COUR_AUDIO_OPT'),(1224,'PSP',4,3,2,1,2,3,2,3,'INTEGRAL','INTEGRAL_ECO_OPT','INTEGRAL','INTEGRAL_ECO_SOINS_COUR_AUDIO_OPT'),(1225,'PSP',1,2,3,4,2,3,3,1,'ETENDU','ETENDU_ECO_DENT','ETENDU','ETENDU_ECO_OPT_DENT'),(1226,'PSP',1,2,4,3,2,3,3,1,'ETENDU','ETENDU_ECO_DENT','ETENDU','ETENDU_ECO_OPT_DENT'),(1227,'PSP',1,3,2,4,2,3,3,1,'ETENDU','ETENDU_ECO_DENT','ETENDU','ETENDU_ECO_SOINS_COUR_AUDIO_DENT'),(1228,'PSP',1,4,2,3,2,3,3,1,'ETENDU','ETENDU_ECO_DENT','ETENDU','ETENDU_ECO_SOINS_COUR_AUDIO_DENT'),(1229,'PSP',1,3,4,2,2,3,3,1,'ETENDU','ETENDU_ECO_DENT','ETENDU','ETENDU_ECO_OPT_DENT'),(1230,'PSP',1,4,3,2,2,3,3,1,'ETENDU','ETENDU_ECO_DENT','ETENDU','ETENDU_ECO_SOINS_COUR_AUDIO_DENT'),(1231,'PSP',2,1,3,4,2,3,3,1,'ETENDU','ETENDU_ECO_DENT','ETENDU','ETENDU_ECO_OPT_DENT'),(1232,'PSP',2,1,4,3,2,3,3,1,'ETENDU','ETENDU_ECO_DENT','ETENDU','ETENDU_ECO_OPT_DENT'),(1233,'PSP',3,1,2,4,2,3,3,1,'ETENDU','ETENDU_ECO_DENT','ETENDU','ETENDU_ECO_OPT_DENT'),(1234,'PSP',4,1,2,3,2,3,3,1,'ETENDU','ETENDU_ECO_DENT','ETENDU','ETENDU_ECO_OPT_DENT'),(1235,'PSP',3,1,4,2,2,3,3,1,'ETENDU','ETENDU_ECO_DENT','ETENDU','ETENDU_ECO_OPT_DENT'),(1236,'PSP',4,1,3,2,2,3,3,1,'ETENDU','ETENDU_ECO_DENT','ETENDU','ETENDU_ECO_OPT_DENT'),(1237,'PSP',2,3,1,4,2,3,3,1,'ETENDU','ETENDU_ECO_DENT','ETENDU','ETENDU_ECO_SOINS_COUR_AUDIO_DENT'),(1238,'PSP',2,4,1,3,2,3,3,1,'ETENDU','ETENDU_ECO_DENT','ETENDU','ETENDU_ECO_SOINS_COUR_AUDIO_DENT'),(1239,'PSP',3,2,1,4,2,3,3,1,'ETENDU','ETENDU_ECO_DENT','ETENDU','ETENDU_ECO_SOINS_COUR_AUDIO_DENT'),(1240,'PSP',4,2,1,3,2,3,3,1,'ETENDU','ETENDU_ECO_DENT','ETENDU','ETENDU_ECO_SOINS_COUR_AUDIO_DENT'),(1241,'PSP',3,4,1,2,2,3,3,1,'ETENDU','ETENDU_ECO_DENT','ETENDU','ETENDU_ECO_SOINS_COUR_AUDIO_DENT'),(1242,'PSP',4,3,1,2,2,3,3,1,'ETENDU','ETENDU_ECO_DENT','ETENDU','ETENDU_ECO_SOINS_COUR_AUDIO_DENT'),(1243,'PSP',2,3,4,1,2,3,3,1,'ETENDU','ETENDU_ECO_DENT','ETENDU','ETENDU_ECO_OPT_DENT'),(1244,'PSP',2,4,3,1,2,3,3,1,'ETENDU','ETENDU_ECO_DENT','ETENDU','ETENDU_ECO_SOINS_COUR_AUDIO_DENT'),(1245,'PSP',3,2,4,1,2,3,3,1,'ETENDU','ETENDU_ECO_DENT','ETENDU','ETENDU_ECO_OPT_DENT'),(1246,'PSP',4,2,3,1,2,3,3,1,'ETENDU','ETENDU_ECO_DENT','ETENDU','ETENDU_ECO_OPT_DENT'),(1247,'PSP',3,4,2,1,2,3,3,1,'ETENDU','ETENDU_ECO_DENT','ETENDU','ETENDU_ECO_SOINS_COUR_AUDIO_DENT'),(1248,'PSP',4,3,2,1,2,3,3,1,'ETENDU','ETENDU_ECO_DENT','ETENDU','ETENDU_ECO_SOINS_COUR_AUDIO_DENT'),(1249,'PSP',1,2,3,4,2,3,3,2,'ETENDU','ETENDU','ETENDU','ETENDU_ECO_DENT'),(1250,'PSP',1,2,4,3,2,3,3,2,'ETENDU','ETENDU','ETENDU','ETENDU_ECO_OPT'),(1251,'PSP',1,3,2,4,2,3,3,2,'ETENDU','ETENDU','ETENDU','ETENDU_ECO_DENT'),(1252,'PSP',1,4,2,3,2,3,3,2,'ETENDU','ETENDU','ETENDU','ETENDU_ECO_SOINS_COUR_AUDIO'),(1253,'PSP',1,3,4,2,2,3,3,2,'ETENDU','ETENDU','ETENDU','ETENDU_ECO_OPT'),(1254,'PSP',1,4,3,2,2,3,3,2,'ETENDU','ETENDU','ETENDU','ETENDU_ECO_SOINS_COUR_AUDIO'),(1255,'PSP',2,1,3,4,2,3,3,2,'ETENDU','ETENDU','ETENDU','ETENDU_ECO_DENT'),(1256,'PSP',2,1,4,3,2,3,3,2,'ETENDU','ETENDU','ETENDU','ETENDU_ECO_OPT'),(1257,'PSP',3,1,2,4,2,3,3,2,'ETENDU','ETENDU','ETENDU','ETENDU_ECO_DENT'),(1258,'PSP',4,1,2,3,2,3,3,2,'ETENDU','ETENDU','ETENDU','ETENDU_ECO_DENT'),(1259,'PSP',3,1,4,2,2,3,3,2,'ETENDU','ETENDU','ETENDU','ETENDU_ECO_OPT'),(1260,'PSP',4,1,3,2,2,3,3,2,'ETENDU','ETENDU','ETENDU','ETENDU_ECO_OPT'),(1261,'PSP',2,3,1,4,2,3,3,2,'ETENDU','ETENDU','ETENDU','ETENDU_ECO_DENT'),(1262,'PSP',2,4,1,3,2,3,3,2,'ETENDU','ETENDU','ETENDU','ETENDU_ECO_SOINS_COUR_AUDIO'),(1263,'PSP',3,2,1,4,2,3,3,2,'ETENDU','ETENDU','ETENDU','ETENDU_ECO_DENT'),(1264,'PSP',4,2,1,3,2,3,3,2,'ETENDU','ETENDU','ETENDU','ETENDU_ECO_DENT'),(1265,'PSP',3,4,1,2,2,3,3,2,'ETENDU','ETENDU','ETENDU','ETENDU_ECO_SOINS_COUR_AUDIO'),(1266,'PSP',4,3,1,2,2,3,3,2,'ETENDU','ETENDU','ETENDU','ETENDU_ECO_SOINS_COUR_AUDIO'),(1267,'PSP',2,3,4,1,2,3,3,2,'ETENDU','ETENDU','ETENDU','ETENDU_ECO_OPT'),(1268,'PSP',2,4,3,1,2,3,3,2,'ETENDU','ETENDU','ETENDU','ETENDU_ECO_SOINS_COUR_AUDIO'),(1269,'PSP',3,2,4,1,2,3,3,2,'ETENDU','ETENDU','ETENDU','ETENDU_ECO_OPT'),(1270,'PSP',4,2,3,1,2,3,3,2,'ETENDU','ETENDU','ETENDU','ETENDU_ECO_OPT'),(1271,'PSP',3,4,2,1,2,3,3,2,'ETENDU','ETENDU','ETENDU','ETENDU_ECO_SOINS_COUR_AUDIO'),(1272,'PSP',4,3,2,1,2,3,3,2,'ETENDU','ETENDU','ETENDU','ETENDU_ECO_SOINS_COUR_AUDIO'),(1273,'PSP',1,2,3,4,2,3,3,3,'ETENDU','ETENDU','ETENDU','ETENDU_ECO_DENT'),(1274,'PSP',1,2,4,3,2,3,3,3,'ETENDU','ETENDU','ETENDU','ETENDU_ECO_OPT'),(1275,'PSP',1,3,2,4,2,3,3,3,'ETENDU','ETENDU','ETENDU','ETENDU_ECO_DENT'),(1276,'PSP',1,4,2,3,2,3,3,3,'ETENDU','ETENDU','ETENDU','ETENDU_ECO_SOINS_COUR_AUDIO'),(1277,'PSP',1,3,4,2,2,3,3,3,'ETENDU','ETENDU','ETENDU','ETENDU_ECO_OPT'),(1278,'PSP',1,4,3,2,2,3,3,3,'ETENDU','ETENDU','ETENDU','ETENDU_ECO_SOINS_COUR_AUDIO'),(1279,'PSP',2,1,3,4,2,3,3,3,'ETENDU','ETENDU','ETENDU','ETENDU_ECO_DENT'),(1280,'PSP',2,1,4,3,2,3,3,3,'ETENDU','ETENDU','ETENDU','ETENDU_ECO_OPT'),(1281,'PSP',3,1,2,4,2,3,3,3,'ETENDU','ETENDU','ETENDU','ETENDU_ECO_DENT'),(1282,'PSP',4,1,2,3,2,3,3,3,'INTEGRAL','INTEGRAL','INTEGRAL','INTEGRAL_ECO_DENT'),(1283,'PSP',3,1,4,2,2,3,3,3,'INTEGRAL','INTEGRAL','INTEGRAL','INTEGRAL_ECO_OPT'),(1284,'PSP',4,1,3,2,2,3,3,3,'INTEGRAL','INTEGRAL','INTEGRAL','INTEGRAL_ECO_OPT'),(1285,'PSP',2,3,1,4,2,3,3,3,'ETENDU','ETENDU','ETENDU','ETENDU_ECO_DENT'),(1286,'PSP',2,4,1,3,2,3,3,3,'ETENDU','ETENDU','ETENDU','ETENDU_ECO_SOINS_COUR_AUDIO'),(1287,'PSP',3,2,1,4,2,3,3,3,'ETENDU','ETENDU','ETENDU','ETENDU_ECO_DENT'),(1288,'PSP',4,2,1,3,2,3,3,3,'INTEGRAL','INTEGRAL','INTEGRAL','INTEGRAL_ECO_DENT'),(1289,'PSP',3,4,1,2,2,3,3,3,'INTEGRAL','INTEGRAL','INTEGRAL','INTEGRAL_ECO_SOINS_COUR_AUDIO'),(1290,'PSP',4,3,1,2,2,3,3,3,'INTEGRAL','INTEGRAL','INTEGRAL','INTEGRAL_ECO_SOINS_COUR_AUDIO'),(1291,'PSP',2,3,4,1,2,3,3,3,'INTEGRAL','INTEGRAL','INTEGRAL','INTEGRAL_ECO_OPT'),(1292,'PSP',2,4,3,1,2,3,3,3,'INTEGRAL','INTEGRAL','INTEGRAL','INTEGRAL_ECO_SOINS_COUR_AUDIO'),(1293,'PSP',3,2,4,1,2,3,3,3,'INTEGRAL','INTEGRAL','INTEGRAL','INTEGRAL_ECO_OPT'),(1294,'PSP',4,2,3,1,2,3,3,3,'INTEGRAL','INTEGRAL','INTEGRAL','INTEGRAL_ECO_OPT'),(1295,'PSP',3,4,2,1,2,3,3,3,'INTEGRAL','INTEGRAL','INTEGRAL','INTEGRAL_ECO_SOINS_COUR_AUDIO'),(1296,'PSP',4,3,2,1,2,3,3,3,'INTEGRAL','INTEGRAL','INTEGRAL','INTEGRAL_ECO_SOINS_COUR_AUDIO'),(1297,'PSP',1,2,3,4,3,1,1,1,'INTEGRAL','INTEGRAL_ECO_SOINS_COUR_AUDIO_OPT','ETENDU','ETENDU'),(1298,'PSP',1,2,4,3,3,1,1,1,'INTEGRAL','INTEGRAL_ECO_SOINS_COUR_AUDIO_DENT','ETENDU','ETENDU'),(1299,'PSP',1,3,2,4,3,1,1,1,'INTEGRAL','INTEGRAL_ECO_SOINS_COUR_AUDIO_OPT','ETENDU','ETENDU'),(1300,'PSP',1,4,2,3,3,1,1,1,'INTEGRAL','INTEGRAL_ECO_OPT_DENT','ETENDU','ETENDU'),(1301,'PSP',1,3,4,2,3,1,1,1,'INTEGRAL','INTEGRAL_ECO_OPT_DENT','ETENDU','ETENDU'),(1302,'PSP',1,4,3,2,3,1,1,1,'INTEGRAL','INTEGRAL_ECO_OPT_DENT','ETENDU','ETENDU'),(1303,'PSP',2,1,3,4,3,1,1,1,'INTEGRAL','INTEGRAL_ECO_SOINS_COUR_AUDIO_OPT','ETENDU','ETENDU'),(1304,'PSP',2,1,4,3,3,1,1,1,'INTEGRAL','INTEGRAL_ECO_SOINS_COUR_AUDIO_DENT','ETENDU','ETENDU'),(1305,'PSP',3,1,2,4,3,1,1,1,'INTERMEDIAIRE','INTERMEDIAIRE_ECO_OPT_DENT','INITIAL','INITIAL'),(1306,'PSP',4,1,2,3,3,1,1,1,'INTERMEDIAIRE','INTERMEDIAIRE_ECO_OPT_DENT','INITIAL','INITIAL'),(1307,'PSP',3,1,4,2,3,1,1,1,'INTERMEDIAIRE','INTERMEDIAIRE_ECO_OPT_DENT','INITIAL','INITIAL'),(1308,'PSP',4,1,3,2,3,1,1,1,'INTERMEDIAIRE','INTERMEDIAIRE_ECO_OPT_DENT','INITIAL','INITIAL'),(1309,'PSP',2,3,1,4,3,1,1,1,'INTEGRAL','INTEGRAL_ECO_SOINS_COUR_AUDIO_OPT','ETENDU','ETENDU'),(1310,'PSP',2,4,1,3,3,1,1,1,'INTEGRAL','INTEGRAL_ECO_OPT_DENT','ETENDU','ETENDU'),(1311,'PSP',3,2,1,4,3,1,1,1,'INTERMEDIAIRE','INTERMEDIAIRE_ECO_OPT_DENT','INITIAL','INITIAL'),(1312,'PSP',4,2,1,3,3,1,1,1,'INTERMEDIAIRE','INTERMEDIAIRE_ECO_OPT_DENT','INITIAL','INITIAL'),(1313,'PSP',3,4,1,2,3,1,1,1,'INTEGRAL','INTEGRAL_ECO_OPT_DENT','ETENDU','ETENDU'),(1314,'PSP',4,3,1,2,3,1,1,1,'INTERMEDIAIRE','INTERMEDIAIRE_ECO_OPT_DENT','INITIAL','INITIAL'),(1315,'PSP',2,3,4,1,3,1,1,1,'INTEGRAL','INTEGRAL_ECO_OPT_DENT','ETENDU','ETENDU'),(1316,'PSP',2,4,3,1,3,1,1,1,'INTEGRAL','INTEGRAL_ECO_OPT_DENT','ETENDU','ETENDU'),(1317,'PSP',3,2,4,1,3,1,1,1,'INTERMEDIAIRE','INTERMEDIAIRE_ECO_OPT_DENT','INITIAL','INITIAL'),(1318,'PSP',4,2,3,1,3,1,1,1,'INTERMEDIAIRE','INTERMEDIAIRE_ECO_OPT_DENT','INITIAL','INITIAL'),(1319,'PSP',3,4,2,1,3,1,1,1,'INTEGRAL','INTEGRAL_ECO_OPT_DENT','ETENDU','ETENDU'),(1320,'PSP',4,3,2,1,3,1,1,1,'INTERMEDIAIRE','INTERMEDIAIRE_ECO_OPT_DENT','INITIAL','INITIAL'),(1321,'PSP',1,2,3,4,3,1,1,2,'INTEGRAL','INTEGRAL_ECO_SOINS_COUR_AUDIO_OPT','ETENDU','ETENDU'),(1322,'PSP',1,2,4,3,3,1,1,2,'INTEGRAL','INTEGRAL_ECO_SOINS_COUR_AUDIO_OPT','ETENDU','ETENDU'),(1323,'PSP',1,3,2,4,3,1,1,2,'INTEGRAL','INTEGRAL_ECO_SOINS_COUR_AUDIO_OPT','ETENDU','ETENDU'),(1324,'PSP',1,4,2,3,3,1,1,2,'INTEGRAL','INTEGRAL_ECO_SOINS_COUR_AUDIO_OPT','ETENDU','ETENDU'),(1325,'PSP',1,3,4,2,3,1,1,2,'INTEGRAL','INTEGRAL_ECO_SOINS_COUR_AUDIO_OPT','ETENDU','ETENDU'),(1326,'PSP',1,4,3,2,3,1,1,2,'INTEGRAL','INTEGRAL_ECO_SOINS_COUR_AUDIO_OPT','ETENDU','ETENDU'),(1327,'PSP',2,1,3,4,3,1,1,2,'INTEGRAL','INTEGRAL_ECO_SOINS_COUR_AUDIO_OPT','ETENDU','ETENDU'),(1328,'PSP',2,1,4,3,3,1,1,2,'INTEGRAL','INTEGRAL_ECO_SOINS_COUR_AUDIO_OPT','ETENDU','ETENDU'),(1329,'PSP',3,1,2,4,3,1,1,2,'INTERMEDIAIRE','INTERMEDIAIRE_ECO_SOINS_COUR_AUDIO_OPT','INITIAL','INITIAL'),(1330,'PSP',4,1,2,3,3,1,1,2,'INTERMEDIAIRE','INTERMEDIAIRE_ECO_SOINS_COUR_AUDIO_OPT','INITIAL','INITIAL'),(1331,'PSP',3,1,4,2,3,1,1,2,'INTERMEDIAIRE','INTERMEDIAIRE_ECO_SOINS_COUR_AUDIO_OPT','INITIAL','INITIAL'),(1332,'PSP',4,1,3,2,3,1,1,2,'INTERMEDIAIRE','INTERMEDIAIRE_ECO_SOINS_COUR_AUDIO_OPT','INITIAL','INITIAL'),(1333,'PSP',2,3,1,4,3,1,1,2,'INTEGRAL','INTEGRAL_ECO_SOINS_COUR_AUDIO_OPT','ETENDU','ETENDU'),(1334,'PSP',2,4,1,3,3,1,1,2,'INTEGRAL','INTEGRAL_ECO_SOINS_COUR_AUDIO_OPT','ETENDU','ETENDU'),(1335,'PSP',3,2,1,4,3,1,1,2,'INTEGRAL','INTEGRAL_ECO_SOINS_COUR_AUDIO_OPT','ETENDU','ETENDU'),(1336,'PSP',4,2,1,3,3,1,1,2,'INTERMEDIAIRE','INTERMEDIAIRE_ECO_SOINS_COUR_AUDIO_OPT','INITIAL','INITIAL'),(1337,'PSP',3,4,1,2,3,1,1,2,'ETENDU','ETENDU_ECO_SOINS_COUR_AUDIO_OPT','INTERMEDIAIRE','INTERMEDIAIRE'),(1338,'PSP',4,3,1,2,3,1,1,2,'INTERMEDIAIRE','INTERMEDIAIRE_ECO_SOINS_COUR_AUDIO_OPT','INITIAL','INITIAL'),(1339,'PSP',2,3,4,1,3,1,1,2,'ETENDU','ETENDU_ECO_SOINS_COUR_AUDIO_OPT','INTERMEDIAIRE','INTERMEDIAIRE'),(1340,'PSP',2,4,3,1,3,1,1,2,'ETENDU','ETENDU_ECO_SOINS_COUR_AUDIO_OPT','INTERMEDIAIRE','INTERMEDIAIRE'),(1341,'PSP',3,2,4,1,3,1,1,2,'INTERMEDIAIRE','INTERMEDIAIRE_ECO_SOINS_COUR_AUDIO_OPT','INITIAL','INITIAL'),(1342,'PSP',4,2,3,1,3,1,1,2,'INTERMEDIAIRE','INTERMEDIAIRE_ECO_SOINS_COUR_AUDIO_OPT','INITIAL','INITIAL'),(1343,'PSP',3,4,2,1,3,1,1,2,'ETENDU','ETENDU_ECO_SOINS_COUR_AUDIO_OPT','INTERMEDIAIRE','INTERMEDIAIRE'),(1344,'PSP',4,3,2,1,3,1,1,2,'INTERMEDIAIRE','INTERMEDIAIRE_ECO_SOINS_COUR_AUDIO_OPT','INITIAL','INITIAL'),(1345,'PSP',1,2,3,4,3,1,1,3,'INTEGRAL','INTEGRAL_ECO_SOINS_COUR_AUDIO_OPT','ETENDU','ETENDU'),(1346,'PSP',1,2,4,3,3,1,1,3,'INTEGRAL','INTEGRAL_ECO_SOINS_COUR_AUDIO_OPT','ETENDU','ETENDU'),(1347,'PSP',1,3,2,4,3,1,1,3,'INTEGRAL','INTEGRAL_ECO_SOINS_COUR_AUDIO_OPT','ETENDU','ETENDU'),(1348,'PSP',1,4,2,3,3,1,1,3,'INTEGRAL','INTEGRAL_ECO_SOINS_COUR_AUDIO_OPT','ETENDU','ETENDU'),(1349,'PSP',1,3,4,2,3,1,1,3,'INTEGRAL','INTEGRAL_ECO_SOINS_COUR_AUDIO_OPT','ETENDU','ETENDU'),(1350,'PSP',1,4,3,2,3,1,1,3,'INTEGRAL','INTEGRAL_ECO_SOINS_COUR_AUDIO_OPT','ETENDU','ETENDU'),(1351,'PSP',2,1,3,4,3,1,1,3,'INTEGRAL','INTEGRAL_ECO_SOINS_COUR_AUDIO_OPT','ETENDU','ETENDU'),(1352,'PSP',2,1,4,3,3,1,1,3,'INTEGRAL','INTEGRAL_ECO_SOINS_COUR_AUDIO_OPT','ETENDU','ETENDU'),(1353,'PSP',3,1,2,4,3,1,1,3,'INTEGRAL','INTEGRAL_ECO_SOINS_COUR_AUDIO_OPT','ETENDU','ETENDU'),(1354,'PSP',4,1,2,3,3,1,1,3,'INTEGRAL','INTEGRAL_ECO_SOINS_COUR_AUDIO_OPT','ETENDU','ETENDU'),(1355,'PSP',3,1,4,2,3,1,1,3,'INTEGRAL','INTEGRAL_ECO_SOINS_COUR_AUDIO_OPT','ETENDU','ETENDU'),(1356,'PSP',4,1,3,2,3,1,1,3,'INTEGRAL','INTEGRAL_ECO_SOINS_COUR_AUDIO_OPT','ETENDU','ETENDU'),(1357,'PSP',2,3,1,4,3,1,1,3,'INTEGRAL','INTEGRAL_ECO_SOINS_COUR_AUDIO_OPT','ETENDU','ETENDU'),(1358,'PSP',2,4,1,3,3,1,1,3,'INTEGRAL','INTEGRAL_ECO_SOINS_COUR_AUDIO_OPT','ETENDU','ETENDU'),(1359,'PSP',3,2,1,4,3,1,1,3,'INTEGRAL','INTEGRAL_ECO_SOINS_COUR_AUDIO_OPT','ETENDU','ETENDU'),(1360,'PSP',4,2,1,3,3,1,1,3,'INTEGRAL','INTEGRAL_ECO_SOINS_COUR_AUDIO_OPT','ETENDU','ETENDU'),(1361,'PSP',3,4,1,2,3,1,1,3,'INTEGRAL','INTEGRAL_ECO_SOINS_COUR_AUDIO_OPT','ETENDU','ETENDU'),(1362,'PSP',4,3,1,2,3,1,1,3,'INTEGRAL','INTEGRAL_ECO_SOINS_COUR_AUDIO_OPT','ETENDU','ETENDU'),(1363,'PSP',2,3,4,1,3,1,1,3,'INTEGRAL','INTEGRAL_ECO_SOINS_COUR_AUDIO_OPT','ETENDU','ETENDU'),(1364,'PSP',2,4,3,1,3,1,1,3,'INTEGRAL','INTEGRAL_ECO_SOINS_COUR_AUDIO_OPT','ETENDU','ETENDU'),(1365,'PSP',3,2,4,1,3,1,1,3,'INTEGRAL','INTEGRAL_ECO_SOINS_COUR_AUDIO_OPT','ETENDU','ETENDU'),(1366,'PSP',4,2,3,1,3,1,1,3,'INTEGRAL','INTEGRAL_ECO_SOINS_COUR_AUDIO_OPT','ETENDU','ETENDU'),(1367,'PSP',3,4,2,1,3,1,1,3,'INTEGRAL','INTEGRAL_ECO_SOINS_COUR_AUDIO_OPT','ETENDU','ETENDU'),(1368,'PSP',4,3,2,1,3,1,1,3,'INTEGRAL','INTEGRAL_ECO_SOINS_COUR_AUDIO_OPT','ETENDU','ETENDU'),(1369,'PSP',1,2,3,4,3,1,2,1,'INTEGRAL','INTEGRAL_ECO_SOINS_COUR_AUDIO_OPT','ETENDU','ETENDU'),(1370,'PSP',1,2,4,3,3,1,2,1,'INTEGRAL','INTEGRAL_ECO_SOINS_COUR_AUDIO_DENT','ETENDU','ETENDU'),(1371,'PSP',1,3,2,4,3,1,2,1,'INTEGRAL','INTEGRAL_ECO_SOINS_COUR_AUDIO_OPT','ETENDU','ETENDU'),(1372,'PSP',1,4,2,3,3,1,2,1,'INTEGRAL','INTEGRAL_ECO_OPT_DENT','ETENDU','ETENDU'),(1373,'PSP',1,3,4,2,3,1,2,1,'INTEGRAL','INTEGRAL_ECO_OPT_DENT','ETENDU','ETENDU'),(1374,'PSP',1,4,3,2,3,1,2,1,'INTEGRAL','INTEGRAL_ECO_OPT_DENT','ETENDU','ETENDU'),(1375,'PSP',2,1,3,4,3,1,2,1,'INTEGRAL','INTEGRAL_ECO_SOINS_COUR_AUDIO_OPT','ETENDU','ETENDU'),(1376,'PSP',2,1,4,3,3,1,2,1,'INTEGRAL','INTEGRAL_ECO_SOINS_COUR_AUDIO_DENT','ETENDU','ETENDU'),(1377,'PSP',3,1,2,4,3,1,2,1,'INTERMEDIAIRE','INTERMEDIAIRE_ECO_SOINS_COUR_AUDIO_DENT','INITIAL','INITIAL'),(1378,'PSP',4,1,2,3,3,1,2,1,'INTERMEDIAIRE','INTERMEDIAIRE_ECO_SOINS_COUR_AUDIO_DENT','INITIAL','INITIAL'),(1379,'PSP',3,1,4,2,3,1,2,1,'INTERMEDIAIRE','INTERMEDIAIRE_ECO_SOINS_COUR_AUDIO_DENT','INITIAL','INITIAL'),(1380,'PSP',4,1,3,2,3,1,2,1,'INTERMEDIAIRE','INTERMEDIAIRE_ECO_SOINS_COUR_AUDIO_DENT','INITIAL','INITIAL'),(1381,'PSP',2,3,1,4,3,1,2,1,'INTEGRAL','INTEGRAL_ECO_SOINS_COUR_AUDIO_OPT','ETENDU','ETENDU'),(1382,'PSP',2,4,1,3,3,1,2,1,'INTEGRAL','INTEGRAL_ECO_OPT_DENT','ETENDU','ETENDU'),(1383,'PSP',3,2,1,4,3,1,2,1,'INTERMEDIAIRE','INTERMEDIAIRE_ECO_SOINS_COUR_AUDIO_DENT','INITIAL','INITIAL'),(1384,'PSP',4,2,1,3,3,1,2,1,'INTERMEDIAIRE','INTERMEDIAIRE_ECO_SOINS_COUR_AUDIO_DENT','INITIAL','INITIAL'),(1385,'PSP',3,4,1,2,3,1,2,1,'INTEGRAL','INTEGRAL_ECO_OPT_DENT','ETENDU','ETENDU'),(1386,'PSP',4,3,1,2,3,1,2,1,'INTERMEDIAIRE','INTERMEDIAIRE_ECO_SOINS_COUR_AUDIO_DENT','INITIAL','INITIAL'),(1387,'PSP',2,3,4,1,3,1,2,1,'INTEGRAL','INTEGRAL_ECO_OPT_DENT','ETENDU','ETENDU'),(1388,'PSP',2,4,3,1,3,1,2,1,'INTEGRAL','INTEGRAL_ECO_OPT_DENT','ETENDU','ETENDU'),(1389,'PSP',3,2,4,1,3,1,2,1,'INTERMEDIAIRE','INTERMEDIAIRE_ECO_SOINS_COUR_AUDIO_DENT','INITIAL','INITIAL'),(1390,'PSP',4,2,3,1,3,1,2,1,'INTERMEDIAIRE','INTERMEDIAIRE_ECO_SOINS_COUR_AUDIO_DENT','INITIAL','INITIAL'),(1391,'PSP',3,4,2,1,3,1,2,1,'INTEGRAL','INTEGRAL_ECO_OPT_DENT','ETENDU','ETENDU'),(1392,'PSP',4,3,2,1,3,1,2,1,'INTERMEDIAIRE','INTERMEDIAIRE_ECO_SOINS_COUR_AUDIO_DENT','INITIAL','INITIAL'),(1393,'PSP',1,2,3,4,3,1,2,2,'INTEGRAL','INTEGRAL_ECO_SOINS_COUR_AUDIO_OPT','ETENDU','ETENDU'),(1394,'PSP',1,2,4,3,3,1,2,2,'INTEGRAL','INTEGRAL_ECO_SOINS_COUR_AUDIO_OPT','ETENDU','ETENDU'),(1395,'PSP',1,3,2,4,3,1,2,2,'INTEGRAL','INTEGRAL_ECO_SOINS_COUR_AUDIO_OPT','ETENDU','ETENDU'),(1396,'PSP',1,4,2,3,3,1,2,2,'INTEGRAL','INTEGRAL_ECO_SOINS_COUR_AUDIO_OPT','ETENDU','ETENDU'),(1397,'PSP',1,3,4,2,3,1,2,2,'INTEGRAL','INTEGRAL_ECO_SOINS_COUR_AUDIO_OPT','ETENDU','ETENDU'),(1398,'PSP',1,4,3,2,3,1,2,2,'INTEGRAL','INTEGRAL_ECO_SOINS_COUR_AUDIO_OPT','ETENDU','ETENDU'),(1399,'PSP',2,1,3,4,3,1,2,2,'INTEGRAL','INTEGRAL_ECO_SOINS_COUR_AUDIO_OPT','ETENDU','ETENDU'),(1400,'PSP',2,1,4,3,3,1,2,2,'INTEGRAL','INTEGRAL_ECO_SOINS_COUR_AUDIO_OPT','ETENDU','ETENDU'),(1401,'PSP',3,1,2,4,3,1,2,2,'INTERMEDIAIRE','INTERMEDIAIRE_ECO_SOINS_COUR_AUDIO','INTERMEDIAIRE','INTERMEDIAIRE_ECO_SOINS_COUR_AUDIO_DENT'),(1402,'PSP',4,1,2,3,3,1,2,2,'INTERMEDIAIRE','INTERMEDIAIRE_ECO_SOINS_COUR_AUDIO','INTERMEDIAIRE','INTERMEDIAIRE_ECO_SOINS_COUR_AUDIO_DENT'),(1403,'PSP',3,1,4,2,3,1,2,2,'INTERMEDIAIRE','INTERMEDIAIRE_ECO_SOINS_COUR_AUDIO','INTERMEDIAIRE','INTERMEDIAIRE_ECO_SOINS_COUR_AUDIO_OPT'),(1404,'PSP',4,1,3,2,3,1,2,2,'INTERMEDIAIRE','INTERMEDIAIRE_ECO_SOINS_COUR_AUDIO','INTERMEDIAIRE','INTERMEDIAIRE_ECO_SOINS_COUR_AUDIO_OPT'),(1405,'PSP',2,3,1,4,3,1,2,2,'INTEGRAL','INTEGRAL_ECO_SOINS_COUR_AUDIO_OPT','ETENDU','ETENDU'),(1406,'PSP',2,4,1,3,3,1,2,2,'INTEGRAL','INTEGRAL_ECO_SOINS_COUR_AUDIO_OPT','ETENDU','ETENDU'),(1407,'PSP',3,2,1,4,3,1,2,2,'INTEGRAL','INTEGRAL_ECO_SOINS_COUR_AUDIO_OPT','ETENDU','ETENDU'),(1408,'PSP',4,2,1,3,3,1,2,2,'INTERMEDIAIRE','INTERMEDIAIRE_ECO_SOINS_COUR_AUDIO','INTERMEDIAIRE','INTERMEDIAIRE_ECO_SOINS_COUR_AUDIO_DENT'),(1409,'PSP',3,4,1,2,3,1,2,2,'ETENDU','ETENDU_ECO_SOINS_COUR_AUDIO_OPT','INTERMEDIAIRE','INTERMEDIAIRE'),(1410,'PSP',4,3,1,2,3,1,2,2,'INTERMEDIAIRE','INTERMEDIAIRE_ECO_SOINS_COUR_AUDIO','INTERMEDIAIRE','INTERMEDIAIRE_ECO_SOINS_COUR_AUDIO_DENT'),(1411,'PSP',2,3,4,1,3,1,2,2,'ETENDU','ETENDU_ECO_SOINS_COUR_AUDIO_OPT','INTERMEDIAIRE','INTERMEDIAIRE'),(1412,'PSP',2,4,3,1,3,1,2,2,'ETENDU','ETENDU_ECO_SOINS_COUR_AUDIO_OPT','INTERMEDIAIRE','INTERMEDIAIRE'),(1413,'PSP',3,2,4,1,3,1,2,2,'INTERMEDIAIRE','INTERMEDIAIRE_ECO_SOINS_COUR_AUDIO','INTERMEDIAIRE','INTERMEDIAIRE_ECO_SOINS_COUR_AUDIO_OPT'),(1414,'PSP',4,2,3,1,3,1,2,2,'INTERMEDIAIRE','INTERMEDIAIRE_ECO_SOINS_COUR_AUDIO','INTERMEDIAIRE','INTERMEDIAIRE_ECO_SOINS_COUR_AUDIO_OPT'),(1415,'PSP',3,4,2,1,3,1,2,2,'ETENDU','ETENDU_ECO_SOINS_COUR_AUDIO_OPT','INTERMEDIAIRE','INTERMEDIAIRE'),(1416,'PSP',4,3,2,1,3,1,2,2,'INTERMEDIAIRE','INTERMEDIAIRE_ECO_SOINS_COUR_AUDIO','INTERMEDIAIRE','INTERMEDIAIRE_ECO_SOINS_COUR_AUDIO_OPT'),(1417,'PSP',1,2,3,4,3,1,2,3,'INTEGRAL','INTEGRAL_ECO_SOINS_COUR_AUDIO_OPT','ETENDU','ETENDU'),(1418,'PSP',1,2,4,3,3,1,2,3,'INTEGRAL','INTEGRAL_ECO_SOINS_COUR_AUDIO_OPT','ETENDU','ETENDU'),(1419,'PSP',1,3,2,4,3,1,2,3,'INTEGRAL','INTEGRAL_ECO_SOINS_COUR_AUDIO_OPT','ETENDU','ETENDU'),(1420,'PSP',1,4,2,3,3,1,2,3,'INTEGRAL','INTEGRAL_ECO_SOINS_COUR_AUDIO_OPT','ETENDU','ETENDU'),(1421,'PSP',1,3,4,2,3,1,2,3,'INTEGRAL','INTEGRAL_ECO_SOINS_COUR_AUDIO_OPT','ETENDU','ETENDU'),(1422,'PSP',1,4,3,2,3,1,2,3,'INTEGRAL','INTEGRAL_ECO_SOINS_COUR_AUDIO_OPT','ETENDU','ETENDU'),(1423,'PSP',2,1,3,4,3,1,2,3,'INTEGRAL','INTEGRAL_ECO_SOINS_COUR_AUDIO_OPT','ETENDU','ETENDU'),(1424,'PSP',2,1,4,3,3,1,2,3,'INTEGRAL','INTEGRAL_ECO_SOINS_COUR_AUDIO_OPT','ETENDU','ETENDU'),(1425,'PSP',3,1,2,4,3,1,2,3,'INTEGRAL','INTEGRAL_ECO_SOINS_COUR_AUDIO_OPT','ETENDU','ETENDU'),(1426,'PSP',4,1,2,3,3,1,2,3,'INTEGRAL','INTEGRAL_ECO_SOINS_COUR_AUDIO_OPT','ETENDU','ETENDU'),(1427,'PSP',3,1,4,2,3,1,2,3,'INTEGRAL','INTEGRAL_ECO_SOINS_COUR_AUDIO_OPT','ETENDU','ETENDU'),(1428,'PSP',4,1,3,2,3,1,2,3,'INTEGRAL','INTEGRAL_ECO_SOINS_COUR_AUDIO_OPT','ETENDU','ETENDU'),(1429,'PSP',2,3,1,4,3,1,2,3,'INTEGRAL','INTEGRAL_ECO_SOINS_COUR_AUDIO_OPT','ETENDU','ETENDU'),(1430,'PSP',2,4,1,3,3,1,2,3,'INTEGRAL','INTEGRAL_ECO_SOINS_COUR_AUDIO_OPT','ETENDU','ETENDU'),(1431,'PSP',3,2,1,4,3,1,2,3,'INTEGRAL','INTEGRAL_ECO_SOINS_COUR_AUDIO_OPT','ETENDU','ETENDU'),(1432,'PSP',4,2,1,3,3,1,2,3,'INTEGRAL','INTEGRAL_ECO_SOINS_COUR_AUDIO_OPT','ETENDU','ETENDU'),(1433,'PSP',3,4,1,2,3,1,2,3,'INTEGRAL','INTEGRAL_ECO_SOINS_COUR_AUDIO_OPT','ETENDU','ETENDU'),(1434,'PSP',4,3,1,2,3,1,2,3,'INTEGRAL','INTEGRAL_ECO_SOINS_COUR_AUDIO_OPT','ETENDU','ETENDU'),(1435,'PSP',2,3,4,1,3,1,2,3,'INTEGRAL','INTEGRAL_ECO_SOINS_COUR_AUDIO_OPT','ETENDU','ETENDU'),(1436,'PSP',2,4,3,1,3,1,2,3,'INTEGRAL','INTEGRAL_ECO_SOINS_COUR_AUDIO_OPT','ETENDU','ETENDU'),(1437,'PSP',3,2,4,1,3,1,2,3,'INTEGRAL','INTEGRAL_ECO_SOINS_COUR_AUDIO_OPT','ETENDU','ETENDU'),(1438,'PSP',4,2,3,1,3,1,2,3,'INTEGRAL','INTEGRAL_ECO_SOINS_COUR_AUDIO_OPT','ETENDU','ETENDU'),(1439,'PSP',3,4,2,1,3,1,2,3,'INTEGRAL','INTEGRAL_ECO_SOINS_COUR_AUDIO_OPT','ETENDU','ETENDU'),(1440,'PSP',4,3,2,1,3,1,2,3,'INTEGRAL','INTEGRAL_ECO_SOINS_COUR_AUDIO_OPT','ETENDU','ETENDU'),(1441,'PSP',1,2,3,4,3,1,3,1,'INTEGRAL','INTEGRAL_ECO_SOINS_COUR_AUDIO_DENT','ETENDU','ETENDU'),(1442,'PSP',1,2,4,3,3,1,3,1,'INTEGRAL','INTEGRAL_ECO_SOINS_COUR_AUDIO_DENT','ETENDU','ETENDU'),(1443,'PSP',1,3,2,4,3,1,3,1,'INTEGRAL','INTEGRAL_ECO_SOINS_COUR_AUDIO_DENT','ETENDU','ETENDU'),(1444,'PSP',1,4,2,3,3,1,3,1,'INTEGRAL','INTEGRAL_ECO_SOINS_COUR_AUDIO_DENT','ETENDU','ETENDU'),(1445,'PSP',1,3,4,2,3,1,3,1,'INTEGRAL','INTEGRAL_ECO_SOINS_COUR_AUDIO_DENT','ETENDU','ETENDU'),(1446,'PSP',1,4,3,2,3,1,3,1,'INTEGRAL','INTEGRAL_ECO_SOINS_COUR_AUDIO_DENT','ETENDU','ETENDU'),(1447,'PSP',2,1,3,4,3,1,3,1,'INTEGRAL','INTEGRAL_ECO_SOINS_COUR_AUDIO_DENT','ETENDU','ETENDU'),(1448,'PSP',2,1,4,3,3,1,3,1,'INTEGRAL','INTEGRAL_ECO_SOINS_COUR_AUDIO_DENT','ETENDU','ETENDU'),(1449,'PSP',3,1,2,4,3,1,3,1,'INTEGRAL','INTEGRAL_ECO_SOINS_COUR_AUDIO_DENT','ETENDU','ETENDU'),(1450,'PSP',4,1,2,3,3,1,3,1,'INTEGRAL','INTEGRAL_ECO_SOINS_COUR_AUDIO_DENT','ETENDU','ETENDU'),(1451,'PSP',3,1,4,2,3,1,3,1,'INTEGRAL','INTEGRAL_ECO_SOINS_COUR_AUDIO_DENT','ETENDU','ETENDU'),(1452,'PSP',4,1,3,2,3,1,3,1,'INTEGRAL','INTEGRAL_ECO_SOINS_COUR_AUDIO_DENT','ETENDU','ETENDU'),(1453,'PSP',2,3,1,4,3,1,3,1,'INTEGRAL','INTEGRAL_ECO_SOINS_COUR_AUDIO_DENT','ETENDU','ETENDU'),(1454,'PSP',2,4,1,3,3,1,3,1,'INTEGRAL','INTEGRAL_ECO_SOINS_COUR_AUDIO_DENT','ETENDU','ETENDU'),(1455,'PSP',3,2,1,4,3,1,3,1,'INTEGRAL','INTEGRAL_ECO_SOINS_COUR_AUDIO_DENT','ETENDU','ETENDU'),(1456,'PSP',4,2,1,3,3,1,3,1,'INTEGRAL','INTEGRAL_ECO_SOINS_COUR_AUDIO_DENT','ETENDU','ETENDU'),(1457,'PSP',3,4,1,2,3,1,3,1,'INTEGRAL','INTEGRAL_ECO_SOINS_COUR_AUDIO_DENT','ETENDU','ETENDU'),(1458,'PSP',4,3,1,2,3,1,3,1,'INTEGRAL','INTEGRAL_ECO_SOINS_COUR_AUDIO_DENT','ETENDU','ETENDU'),(1459,'PSP',2,3,4,1,3,1,3,1,'INTEGRAL','INTEGRAL_ECO_SOINS_COUR_AUDIO_DENT','ETENDU','ETENDU'),(1460,'PSP',2,4,3,1,3,1,3,1,'INTEGRAL','INTEGRAL_ECO_SOINS_COUR_AUDIO_DENT','ETENDU','ETENDU'),(1461,'PSP',3,2,4,1,3,1,3,1,'INTEGRAL','INTEGRAL_ECO_SOINS_COUR_AUDIO_DENT','ETENDU','ETENDU'),(1462,'PSP',4,2,3,1,3,1,3,1,'INTEGRAL','INTEGRAL_ECO_SOINS_COUR_AUDIO_DENT','ETENDU','ETENDU'),(1463,'PSP',3,4,2,1,3,1,3,1,'INTEGRAL','INTEGRAL_ECO_SOINS_COUR_AUDIO_DENT','ETENDU','ETENDU'),(1464,'PSP',4,3,2,1,3,1,3,1,'INTEGRAL','INTEGRAL_ECO_SOINS_COUR_AUDIO_DENT','ETENDU','ETENDU'),(1465,'PSP',1,2,3,4,3,1,3,2,'INTEGRAL','INTEGRAL_ECO_SOINS_COUR_AUDIO','INTEGRAL','INTEGRAL_ECO_SOINS_COUR_AUDIO_DENT'),(1466,'PSP',1,2,4,3,3,1,3,2,'INTEGRAL','INTEGRAL_ECO_SOINS_COUR_AUDIO','INTEGRAL','INTEGRAL_ECO_SOINS_COUR_AUDIO_OPT'),(1467,'PSP',1,3,2,4,3,1,3,2,'INTEGRAL','INTEGRAL_ECO_SOINS_COUR_AUDIO','INTEGRAL','INTEGRAL_ECO_SOINS_COUR_AUDIO_DENT'),(1468,'PSP',1,4,2,3,3,1,3,2,'INTEGRAL','INTEGRAL_ECO_SOINS_COUR_AUDIO','INTEGRAL','INTEGRAL_ECO_SOINS_COUR_AUDIO_DENT'),(1469,'PSP',1,3,4,2,3,1,3,2,'INTEGRAL','INTEGRAL_ECO_SOINS_COUR_AUDIO','INTEGRAL','INTEGRAL_ECO_SOINS_COUR_AUDIO_OPT'),(1470,'PSP',1,4,3,2,3,1,3,2,'INTEGRAL','INTEGRAL_ECO_SOINS_COUR_AUDIO','INTEGRAL','INTEGRAL_ECO_SOINS_COUR_AUDIO_OPT'),(1471,'PSP',2,1,3,4,3,1,3,2,'INTEGRAL','INTEGRAL_ECO_SOINS_COUR_AUDIO','INTEGRAL','INTEGRAL_ECO_SOINS_COUR_AUDIO_DENT'),(1472,'PSP',2,1,4,3,3,1,3,2,'INTEGRAL','INTEGRAL_ECO_SOINS_COUR_AUDIO','INTEGRAL','INTEGRAL_ECO_SOINS_COUR_AUDIO_OPT'),(1473,'PSP',3,1,2,4,3,1,3,2,'INTEGRAL','INTEGRAL_ECO_SOINS_COUR_AUDIO','INTEGRAL','INTEGRAL_ECO_SOINS_COUR_AUDIO_DENT'),(1474,'PSP',4,1,2,3,3,1,3,2,'ETENDU','ETENDU_ECO_SOINS_COUR_AUDIO','ETENDU','ETENDU_ECO_SOINS_COUR_AUDIO_DENT'),(1475,'PSP',3,1,4,2,3,1,3,2,'INTERMEDIAIRE','INTERMEDIAIRE_ECO_SOINS_COUR_AUDIO','INTERMEDIAIRE','INTERMEDIAIRE_ECO_SOINS_COUR_AUDIO_OPT'),(1476,'PSP',4,1,3,2,3,1,3,2,'ETENDU','ETENDU_ECO_SOINS_COUR_AUDIO','ETENDU','ETENDU_ECO_SOINS_COUR_AUDIO_OPT'),(1477,'PSP',2,3,1,4,3,1,3,2,'INTEGRAL','INTEGRAL_ECO_SOINS_COUR_AUDIO','INTEGRAL','INTEGRAL_ECO_SOINS_COUR_AUDIO_DENT'),(1478,'PSP',2,4,1,3,3,1,3,2,'INTEGRAL','INTEGRAL_ECO_SOINS_COUR_AUDIO','INTEGRAL','INTEGRAL_ECO_SOINS_COUR_AUDIO_DENT'),(1479,'PSP',3,2,1,4,3,1,3,2,'INTEGRAL','INTEGRAL_ECO_SOINS_COUR_AUDIO','INTEGRAL','INTEGRAL_ECO_SOINS_COUR_AUDIO_DENT'),(1480,'PSP',4,2,1,3,3,1,3,2,'ETENDU','ETENDU_ECO_SOINS_COUR_AUDIO','ETENDU','ETENDU_ECO_SOINS_COUR_AUDIO_DENT'),(1481,'PSP',3,4,1,2,3,1,3,2,'ETENDU','ETENDU_ECO_SOINS_COUR_AUDIO','ETENDU','ETENDU_ECO_SOINS_COUR_AUDIO_DENT'),(1482,'PSP',4,3,1,2,3,1,3,2,'ETENDU','ETENDU_ECO_SOINS_COUR_AUDIO','ETENDU','ETENDU_ECO_SOINS_COUR_AUDIO_DENT'),(1483,'PSP',2,3,4,1,3,1,3,2,'ETENDU','ETENDU_ECO_SOINS_COUR_AUDIO','ETENDU','ETENDU_ECO_SOINS_COUR_AUDIO_OPT'),(1484,'PSP',2,4,3,1,3,1,3,2,'ETENDU','ETENDU_ECO_SOINS_COUR_AUDIO','ETENDU','ETENDU_ECO_SOINS_COUR_AUDIO_OPT'),(1485,'PSP',3,2,4,1,3,1,3,2,'ETENDU','ETENDU_ECO_SOINS_COUR_AUDIO','ETENDU','ETENDU_ECO_SOINS_COUR_AUDIO_OPT'),(1486,'PSP',4,2,3,1,3,1,3,2,'ETENDU','ETENDU_ECO_SOINS_COUR_AUDIO','ETENDU','ETENDU_ECO_SOINS_COUR_AUDIO_OPT'),(1487,'PSP',3,4,2,1,3,1,3,2,'ETENDU','ETENDU_ECO_SOINS_COUR_AUDIO','ETENDU','ETENDU_ECO_SOINS_COUR_AUDIO_OPT'),(1488,'PSP',4,3,2,1,3,1,3,2,'ETENDU','ETENDU_ECO_SOINS_COUR_AUDIO','ETENDU','ETENDU_ECO_SOINS_COUR_AUDIO_OPT'),(1489,'PSP',1,2,3,4,3,1,3,3,'INTEGRAL','INTEGRAL_ECO_SOINS_COUR_AUDIO','INTEGRAL','INTEGRAL_ECO_SOINS_COUR_AUDIO_DENT'),(1490,'PSP',1,2,4,3,3,1,3,3,'INTEGRAL','INTEGRAL_ECO_SOINS_COUR_AUDIO','INTEGRAL','INTEGRAL_ECO_SOINS_COUR_AUDIO_OPT'),(1491,'PSP',1,3,2,4,3,1,3,3,'INTEGRAL','INTEGRAL_ECO_SOINS_COUR_AUDIO','INTEGRAL','INTEGRAL_ECO_SOINS_COUR_AUDIO_DENT'),(1492,'PSP',1,4,2,3,3,1,3,3,'INTEGRAL','INTEGRAL_ECO_SOINS_COUR_AUDIO','INTEGRAL','INTEGRAL_ECO_SOINS_COUR_AUDIO_DENT'),(1493,'PSP',1,3,4,2,3,1,3,3,'INTEGRAL','INTEGRAL_ECO_SOINS_COUR_AUDIO','INTEGRAL','INTEGRAL_ECO_SOINS_COUR_AUDIO_OPT'),(1494,'PSP',1,4,3,2,3,1,3,3,'INTEGRAL','INTEGRAL_ECO_SOINS_COUR_AUDIO','INTEGRAL','INTEGRAL_ECO_SOINS_COUR_AUDIO_OPT'),(1495,'PSP',2,1,3,4,3,1,3,3,'INTEGRAL','INTEGRAL_ECO_SOINS_COUR_AUDIO','INTEGRAL','INTEGRAL_ECO_SOINS_COUR_AUDIO_DENT'),(1496,'PSP',2,1,4,3,3,1,3,3,'INTEGRAL','INTEGRAL_ECO_SOINS_COUR_AUDIO','INTEGRAL','INTEGRAL_ECO_SOINS_COUR_AUDIO_OPT'),(1497,'PSP',3,1,2,4,3,1,3,3,'INTEGRAL','INTEGRAL_ECO_SOINS_COUR_AUDIO','INTEGRAL','INTEGRAL_ECO_SOINS_COUR_AUDIO_DENT'),(1498,'PSP',4,1,2,3,3,1,3,3,'INTEGRAL','INTEGRAL_ECO_SOINS_COUR_AUDIO','INTEGRAL','INTEGRAL_ECO_SOINS_COUR_AUDIO_DENT'),(1499,'PSP',3,1,4,2,3,1,3,3,'INTEGRAL','INTEGRAL_ECO_SOINS_COUR_AUDIO','INTEGRAL','INTEGRAL_ECO_SOINS_COUR_AUDIO_OPT'),(1500,'PSP',4,1,3,2,3,1,3,3,'INTEGRAL','INTEGRAL_ECO_SOINS_COUR_AUDIO','INTEGRAL','INTEGRAL_ECO_SOINS_COUR_AUDIO_OPT'),(1501,'PSP',2,3,1,4,3,1,3,3,'INTEGRAL','INTEGRAL_ECO_SOINS_COUR_AUDIO','INTEGRAL','INTEGRAL_ECO_SOINS_COUR_AUDIO_DENT'),(1502,'PSP',2,4,1,3,3,1,3,3,'INTEGRAL','INTEGRAL_ECO_SOINS_COUR_AUDIO','INTEGRAL','INTEGRAL_ECO_SOINS_COUR_AUDIO_DENT'),(1503,'PSP',3,2,1,4,3,1,3,3,'INTEGRAL','INTEGRAL_ECO_SOINS_COUR_AUDIO','INTEGRAL','INTEGRAL_ECO_SOINS_COUR_AUDIO_DENT'),(1504,'PSP',4,2,1,3,3,1,3,3,'INTEGRAL','INTEGRAL_ECO_SOINS_COUR_AUDIO','INTEGRAL','INTEGRAL_ECO_SOINS_COUR_AUDIO_DENT'),(1505,'PSP',3,4,1,2,3,1,3,3,'INTEGRAL','INTEGRAL_ECO_SOINS_COUR_AUDIO','INTEGRAL','INTEGRAL_ECO_SOINS_COUR_AUDIO_DENT'),(1506,'PSP',4,3,1,2,3,1,3,3,'INTEGRAL','INTEGRAL_ECO_SOINS_COUR_AUDIO','INTEGRAL','INTEGRAL_ECO_SOINS_COUR_AUDIO_DENT'),(1507,'PSP',2,3,4,1,3,1,3,3,'INTEGRAL','INTEGRAL_ECO_SOINS_COUR_AUDIO','INTEGRAL','INTEGRAL_ECO_SOINS_COUR_AUDIO_OPT'),(1508,'PSP',2,4,3,1,3,1,3,3,'INTEGRAL','INTEGRAL_ECO_SOINS_COUR_AUDIO','INTEGRAL','INTEGRAL_ECO_SOINS_COUR_AUDIO_OPT'),(1509,'PSP',3,2,4,1,3,1,3,3,'INTEGRAL','INTEGRAL_ECO_SOINS_COUR_AUDIO','INTEGRAL','INTEGRAL_ECO_SOINS_COUR_AUDIO_OPT'),(1510,'PSP',4,2,3,1,3,1,3,3,'INTEGRAL','INTEGRAL_ECO_SOINS_COUR_AUDIO','INTEGRAL','INTEGRAL_ECO_SOINS_COUR_AUDIO_OPT'),(1511,'PSP',3,4,2,1,3,1,3,3,'INTEGRAL','INTEGRAL_ECO_SOINS_COUR_AUDIO','INTEGRAL','INTEGRAL_ECO_SOINS_COUR_AUDIO_OPT'),(1512,'PSP',4,3,2,1,3,1,3,3,'INTEGRAL','INTEGRAL_ECO_SOINS_COUR_AUDIO','INTEGRAL','INTEGRAL_ECO_SOINS_COUR_AUDIO_OPT'),(1513,'PSP',1,2,3,4,3,2,1,1,'INTEGRAL','INTEGRAL_ECO_SOINS_COUR_AUDIO_OPT','ETENDU','ETENDU'),(1514,'PSP',1,2,4,3,3,2,1,1,'INTEGRAL','INTEGRAL_ECO_SOINS_COUR_AUDIO_DENT','ETENDU','ETENDU'),(1515,'PSP',1,3,2,4,3,2,1,1,'INTEGRAL','INTEGRAL_ECO_SOINS_COUR_AUDIO_OPT','ETENDU','ETENDU'),(1516,'PSP',1,4,2,3,3,2,1,1,'INTEGRAL','INTEGRAL_ECO_OPT_DENT','ETENDU','ETENDU'),(1517,'PSP',1,3,4,2,3,2,1,1,'INTEGRAL','INTEGRAL_ECO_SOINS_COUR_AUDIO_DENT','ETENDU','ETENDU'),(1518,'PSP',1,4,3,2,3,2,1,1,'INTEGRAL','INTEGRAL_ECO_OPT_DENT','ETENDU','ETENDU'),(1519,'PSP',2,1,3,4,3,2,1,1,'INTEGRAL','INTEGRAL_ECO_SOINS_COUR_AUDIO_OPT','ETENDU','ETENDU'),(1520,'PSP',2,1,4,3,3,2,1,1,'INTEGRAL','INTEGRAL_ECO_SOINS_COUR_AUDIO_DENT','ETENDU','ETENDU'),(1521,'PSP',3,1,2,4,3,2,1,1,'INTEGRAL','INTEGRAL_ECO_SOINS_COUR_AUDIO_OPT','ETENDU','ETENDU'),(1522,'PSP',4,1,2,3,3,2,1,1,'INTEGRAL','INTEGRAL_ECO_SOINS_COUR_AUDIO_OPT','ETENDU','ETENDU'),(1523,'PSP',3,1,4,2,3,2,1,1,'INTEGRAL','INTEGRAL_ECO_SOINS_COUR_AUDIO_DENT','ETENDU','ETENDU'),(1524,'PSP',4,1,3,2,3,2,1,1,'INTEGRAL','INTEGRAL_ECO_SOINS_COUR_AUDIO_DENT','ETENDU','ETENDU'),(1525,'PSP',2,3,1,4,3,2,1,1,'INTEGRAL','INTEGRAL_ECO_SOINS_COUR_AUDIO_OPT','ETENDU','ETENDU'),(1526,'PSP',2,4,1,3,3,2,1,1,'INTEGRAL','INTEGRAL_ECO_OPT_DENT','ETENDU','ETENDU'),(1527,'PSP',3,2,1,4,3,2,1,1,'INTEGRAL','INTEGRAL_ECO_SOINS_COUR_AUDIO_OPT','ETENDU','ETENDU'),(1528,'PSP',4,2,1,3,3,2,1,1,'INTEGRAL','INTEGRAL_ECO_SOINS_COUR_AUDIO_OPT','ETENDU','ETENDU'),(1529,'PSP',3,4,1,2,3,2,1,1,'INTEGRAL','INTEGRAL_ECO_OPT_DENT','ETENDU','ETENDU'),(1530,'PSP',4,3,1,2,3,2,1,1,'ETENDU','ETENDU_ECO_OPT_DENT','INTERMEDIAIRE','INTERMEDIAIRE'),(1531,'PSP',2,3,4,1,3,2,1,1,'INTEGRAL','INTEGRAL_ECO_SOINS_COUR_AUDIO_DENT','ETENDU','ETENDU'),(1532,'PSP',2,4,3,1,3,2,1,1,'INTEGRAL','INTEGRAL_ECO_OPT_DENT','ETENDU','ETENDU'),(1533,'PSP',3,2,4,1,3,2,1,1,'INTEGRAL','INTEGRAL_ECO_SOINS_COUR_AUDIO_DENT','ETENDU','ETENDU'),(1534,'PSP',4,2,3,1,3,2,1,1,'ETENDU','ETENDU_ECO_OPT_DENT','INTERMEDIAIRE','INTERMEDIAIRE'),(1535,'PSP',3,4,2,1,3,2,1,1,'INTEGRAL','INTEGRAL_ECO_OPT_DENT','ETENDU','ETENDU'),(1536,'PSP',4,3,2,1,3,2,1,1,'ETENDU','ETENDU_ECO_OPT_DENT','INTERMEDIAIRE','INTERMEDIAIRE'),(1537,'PSP',1,2,3,4,3,2,1,2,'INTEGRAL','INTEGRAL_ECO_SOINS_COUR_AUDIO_OPT','ETENDU','ETENDU'),(1538,'PSP',1,2,4,3,3,2,1,2,'INTEGRAL','INTEGRAL_ECO_SOINS_COUR_AUDIO_OPT','ETENDU','ETENDU'),(1539,'PSP',1,3,2,4,3,2,1,2,'INTEGRAL','INTEGRAL_ECO_SOINS_COUR_AUDIO_OPT','ETENDU','ETENDU'),(1540,'PSP',1,4,2,3,3,2,1,2,'INTEGRAL','INTEGRAL_ECO_SOINS_COUR_AUDIO_OPT','ETENDU','ETENDU'),(1541,'PSP',1,3,4,2,3,2,1,2,'INTEGRAL','INTEGRAL_ECO_SOINS_COUR_AUDIO_OPT','ETENDU','ETENDU'),(1542,'PSP',1,4,3,2,3,2,1,2,'INTEGRAL','INTEGRAL_ECO_SOINS_COUR_AUDIO_OPT','ETENDU','ETENDU'),(1543,'PSP',2,1,3,4,3,2,1,2,'INTEGRAL','INTEGRAL_ECO_SOINS_COUR_AUDIO_OPT','ETENDU','ETENDU'),(1544,'PSP',2,1,4,3,3,2,1,2,'INTEGRAL','INTEGRAL_ECO_SOINS_COUR_AUDIO_OPT','ETENDU','ETENDU'),(1545,'PSP',3,1,2,4,3,2,1,2,'INTEGRAL','INTEGRAL_ECO_SOINS_COUR_AUDIO_OPT','ETENDU','ETENDU'),(1546,'PSP',4,1,2,3,3,2,1,2,'ETENDU','ETENDU_ECO_SOINS_COUR_AUDIO_OPT','INTERMEDIAIRE','INTERMEDIAIRE'),(1547,'PSP',3,1,4,2,3,2,1,2,'ETENDU','ETENDU_ECO_SOINS_COUR_AUDIO_OPT','INTERMEDIAIRE','INTERMEDIAIRE'),(1548,'PSP',4,1,3,2,3,2,1,2,'ETENDU','ETENDU_ECO_SOINS_COUR_AUDIO_OPT','INTERMEDIAIRE','INTERMEDIAIRE'),(1549,'PSP',2,3,1,4,3,2,1,2,'INTEGRAL','INTEGRAL_ECO_SOINS_COUR_AUDIO_OPT','ETENDU','ETENDU'),(1550,'PSP',2,4,1,3,3,2,1,2,'INTEGRAL','INTEGRAL_ECO_SOINS_COUR_AUDIO_OPT','ETENDU','ETENDU'),(1551,'PSP',3,2,1,4,3,2,1,2,'INTEGRAL','INTEGRAL_ECO_SOINS_COUR_AUDIO_OPT','ETENDU','ETENDU'),(1552,'PSP',4,2,1,3,3,2,1,2,'ETENDU','ETENDU_ECO_SOINS_COUR_AUDIO_OPT','INTERMEDIAIRE','INTERMEDIAIRE'),(1553,'PSP',3,4,1,2,3,2,1,2,'ETENDU','ETENDU_ECO_SOINS_COUR_AUDIO_OPT','INTERMEDIAIRE','INTERMEDIAIRE'),(1554,'PSP',4,3,1,2,3,2,1,2,'ETENDU','ETENDU_ECO_SOINS_COUR_AUDIO_OPT','INTERMEDIAIRE','INTERMEDIAIRE'),(1555,'PSP',2,3,4,1,3,2,1,2,'ETENDU','ETENDU_ECO_SOINS_COUR_AUDIO_OPT','INTERMEDIAIRE','INTERMEDIAIRE'),(1556,'PSP',2,4,3,1,3,2,1,2,'ETENDU','ETENDU_ECO_SOINS_COUR_AUDIO_OPT','INTERMEDIAIRE','INTERMEDIAIRE'),(1557,'PSP',3,2,4,1,3,2,1,2,'ETENDU','ETENDU_ECO_SOINS_COUR_AUDIO_OPT','INTERMEDIAIRE','INTERMEDIAIRE'),(1558,'PSP',4,2,3,1,3,2,1,2,'ETENDU','ETENDU_ECO_SOINS_COUR_AUDIO_OPT','INTERMEDIAIRE','INTERMEDIAIRE'),(1559,'PSP',3,4,2,1,3,2,1,2,'ETENDU','ETENDU_ECO_SOINS_COUR_AUDIO_OPT','INTERMEDIAIRE','INTERMEDIAIRE'),(1560,'PSP',4,3,2,1,3,2,1,2,'ETENDU','ETENDU_ECO_SOINS_COUR_AUDIO_OPT','INTERMEDIAIRE','INTERMEDIAIRE'),(1561,'PSP',1,2,3,4,3,2,1,3,'INTEGRAL','INTEGRAL_ECO_SOINS_COUR_AUDIO_OPT','ETENDU','ETENDU'),(1562,'PSP',1,2,4,3,3,2,1,3,'INTEGRAL','INTEGRAL_ECO_SOINS_COUR_AUDIO_OPT','ETENDU','ETENDU'),(1563,'PSP',1,3,2,4,3,2,1,3,'INTEGRAL','INTEGRAL_ECO_SOINS_COUR_AUDIO_OPT','ETENDU','ETENDU'),(1564,'PSP',1,4,2,3,3,2,1,3,'INTEGRAL','INTEGRAL_ECO_SOINS_COUR_AUDIO_OPT','ETENDU','ETENDU'),(1565,'PSP',1,3,4,2,3,2,1,3,'INTEGRAL','INTEGRAL_ECO_SOINS_COUR_AUDIO_OPT','ETENDU','ETENDU'),(1566,'PSP',1,4,3,2,3,2,1,3,'INTEGRAL','INTEGRAL_ECO_SOINS_COUR_AUDIO_OPT','ETENDU','ETENDU'),(1567,'PSP',2,1,3,4,3,2,1,3,'INTEGRAL','INTEGRAL_ECO_SOINS_COUR_AUDIO_OPT','ETENDU','ETENDU'),(1568,'PSP',2,1,4,3,3,2,1,3,'INTEGRAL','INTEGRAL_ECO_SOINS_COUR_AUDIO_OPT','ETENDU','ETENDU'),(1569,'PSP',3,1,2,4,3,2,1,3,'INTEGRAL','INTEGRAL_ECO_SOINS_COUR_AUDIO_OPT','ETENDU','ETENDU'),(1570,'PSP',4,1,2,3,3,2,1,3,'INTEGRAL','INTEGRAL_ECO_SOINS_COUR_AUDIO_OPT','ETENDU','ETENDU'),(1571,'PSP',3,1,4,2,3,2,1,3,'INTEGRAL','INTEGRAL_ECO_SOINS_COUR_AUDIO_OPT','ETENDU','ETENDU'),(1572,'PSP',4,1,3,2,3,2,1,3,'INTEGRAL','INTEGRAL_ECO_SOINS_COUR_AUDIO_OPT','ETENDU','ETENDU'),(1573,'PSP',2,3,1,4,3,2,1,3,'INTEGRAL','INTEGRAL_ECO_SOINS_COUR_AUDIO_OPT','ETENDU','ETENDU'),(1574,'PSP',2,4,1,3,3,2,1,3,'INTEGRAL','INTEGRAL_ECO_SOINS_COUR_AUDIO_OPT','ETENDU','ETENDU'),(1575,'PSP',3,2,1,4,3,2,1,3,'INTEGRAL','INTEGRAL_ECO_SOINS_COUR_AUDIO_OPT','ETENDU','ETENDU'),(1576,'PSP',4,2,1,3,3,2,1,3,'INTEGRAL','INTEGRAL_ECO_SOINS_COUR_AUDIO_OPT','ETENDU','ETENDU'),(1577,'PSP',3,4,1,2,3,2,1,3,'INTEGRAL','INTEGRAL_ECO_SOINS_COUR_AUDIO_OPT','ETENDU','ETENDU'),(1578,'PSP',4,3,1,2,3,2,1,3,'INTEGRAL','INTEGRAL_ECO_SOINS_COUR_AUDIO_OPT','ETENDU','ETENDU'),(1579,'PSP',2,3,4,1,3,2,1,3,'INTEGRAL','INTEGRAL_ECO_SOINS_COUR_AUDIO_OPT','ETENDU','ETENDU'),(1580,'PSP',2,4,3,1,3,2,1,3,'INTEGRAL','INTEGRAL_ECO_SOINS_COUR_AUDIO_OPT','ETENDU','ETENDU'),(1581,'PSP',3,2,4,1,3,2,1,3,'INTEGRAL','INTEGRAL_ECO_SOINS_COUR_AUDIO_OPT','ETENDU','ETENDU'),(1582,'PSP',4,2,3,1,3,2,1,3,'INTEGRAL','INTEGRAL_ECO_SOINS_COUR_AUDIO_OPT','ETENDU','ETENDU'),(1583,'PSP',3,4,2,1,3,2,1,3,'INTEGRAL','INTEGRAL_ECO_SOINS_COUR_AUDIO_OPT','ETENDU','ETENDU'),(1584,'PSP',4,3,2,1,3,2,1,3,'INTEGRAL','INTEGRAL_ECO_SOINS_COUR_AUDIO_OPT','ETENDU','ETENDU'),(1585,'PSP',1,2,3,4,3,2,2,1,'INTEGRAL','INTEGRAL_ECO_SOINS_COUR_AUDIO_OPT','ETENDU','ETENDU'),(1586,'PSP',1,2,4,3,3,2,2,1,'INTEGRAL','INTEGRAL_ECO_SOINS_COUR_AUDIO_DENT','ETENDU','ETENDU'),(1587,'PSP',1,3,2,4,3,2,2,1,'INTEGRAL','INTEGRAL_ECO_SOINS_COUR_AUDIO_OPT','ETENDU','ETENDU'),(1588,'PSP',1,4,2,3,3,2,2,1,'INTEGRAL','INTEGRAL_ECO_OPT_DENT','ETENDU','ETENDU'),(1589,'PSP',1,3,4,2,3,2,2,1,'INTEGRAL','INTEGRAL_ECO_SOINS_COUR_AUDIO_DENT','ETENDU','ETENDU'),(1590,'PSP',1,4,3,2,3,2,2,1,'INTEGRAL','INTEGRAL_ECO_OPT_DENT','ETENDU','ETENDU'),(1591,'PSP',2,1,3,4,3,2,2,1,'INTEGRAL','INTEGRAL_ECO_SOINS_COUR_AUDIO_OPT','ETENDU','ETENDU'),(1592,'PSP',2,1,4,3,3,2,2,1,'INTEGRAL','INTEGRAL_ECO_SOINS_COUR_AUDIO_DENT','ETENDU','ETENDU'),(1593,'PSP',3,1,2,4,3,2,2,1,'INTEGRAL','INTEGRAL_ECO_SOINS_COUR_AUDIO_OPT','ETENDU','ETENDU'),(1594,'PSP',4,1,2,3,3,2,2,1,'INTEGRAL','INTEGRAL_ECO_SOINS_COUR_AUDIO_OPT','ETENDU','ETENDU'),(1595,'PSP',3,1,4,2,3,2,2,1,'INTEGRAL','INTEGRAL_ECO_SOINS_COUR_AUDIO_DENT','ETENDU','ETENDU'),(1596,'PSP',4,1,3,2,3,2,2,1,'ETENDU','ETENDU_ECO_SOINS_COUR_AUDIO_DENT','INTERMEDIAIRE','INTERMEDIAIRE'),(1597,'PSP',2,3,1,4,3,2,2,1,'INTEGRAL','INTEGRAL_ECO_SOINS_COUR_AUDIO_OPT','ETENDU','ETENDU'),(1598,'PSP',2,4,1,3,3,2,2,1,'INTEGRAL','INTEGRAL_ECO_OPT_DENT','ETENDU','ETENDU'),(1599,'PSP',3,2,1,4,3,2,2,1,'INTEGRAL','INTEGRAL_ECO_SOINS_COUR_AUDIO_OPT','ETENDU','ETENDU'),(1600,'PSP',4,2,1,3,3,2,2,1,'INTEGRAL','INTEGRAL_ECO_SOINS_COUR_AUDIO_OPT','ETENDU','ETENDU'),(1601,'PSP',3,4,1,2,3,2,2,1,'INTEGRAL','INTEGRAL_ECO_OPT_DENT','ETENDU','ETENDU'),(1602,'PSP',4,3,1,2,3,2,2,1,'ETENDU','ETENDU_ECO_OPT_DENT','INTERMEDIAIRE','INTERMEDIAIRE'),(1603,'PSP',2,3,4,1,3,2,2,1,'INTEGRAL','INTEGRAL_ECO_SOINS_COUR_AUDIO_DENT','ETENDU','ETENDU'),(1604,'PSP',2,4,3,1,3,2,2,1,'INTEGRAL','INTEGRAL_ECO_OPT_DENT','ETENDU','ETENDU'),(1605,'PSP',3,2,4,1,3,2,2,1,'INTEGRAL','INTEGRAL_ECO_SOINS_COUR_AUDIO_DENT','ETENDU','ETENDU'),(1606,'PSP',4,2,3,1,3,2,2,1,'ETENDU','ETENDU_ECO_SOINS_COUR_AUDIO_DENT','INTERMEDIAIRE','INTERMEDIAIRE'),(1607,'PSP',3,4,2,1,3,2,2,1,'INTEGRAL','INTEGRAL_ECO_OPT_DENT','ETENDU','ETENDU'),(1608,'PSP',4,3,2,1,3,2,2,1,'ETENDU','ETENDU_ECO_OPT_DENT','INTERMEDIAIRE','INTERMEDIAIRE'),(1609,'PSP',1,2,3,4,3,2,2,2,'INTEGRAL','INTEGRAL_ECO_SOINS_COUR_AUDIO_OPT','ETENDU','ETENDU'),(1610,'PSP',1,2,4,3,3,2,2,2,'INTEGRAL','INTEGRAL_ECO_SOINS_COUR_AUDIO_OPT','ETENDU','ETENDU'),(1611,'PSP',1,3,2,4,3,2,2,2,'INTEGRAL','INTEGRAL_ECO_SOINS_COUR_AUDIO_OPT','ETENDU','ETENDU'),(1612,'PSP',1,4,2,3,3,2,2,2,'INTEGRAL','INTEGRAL_ECO_SOINS_COUR_AUDIO_OPT','ETENDU','ETENDU'),(1613,'PSP',1,3,4,2,3,2,2,2,'INTEGRAL','INTEGRAL_ECO_SOINS_COUR_AUDIO_OPT','ETENDU','ETENDU'),(1614,'PSP',1,4,3,2,3,2,2,2,'INTEGRAL','INTEGRAL_ECO_SOINS_COUR_AUDIO_OPT','ETENDU','ETENDU'),(1615,'PSP',2,1,3,4,3,2,2,2,'INTEGRAL','INTEGRAL_ECO_SOINS_COUR_AUDIO_OPT','ETENDU','ETENDU'),(1616,'PSP',2,1,4,3,3,2,2,2,'INTEGRAL','INTEGRAL_ECO_SOINS_COUR_AUDIO_OPT','ETENDU','ETENDU'),(1617,'PSP',3,1,2,4,3,2,2,2,'INTEGRAL','INTEGRAL_ECO_SOINS_COUR_AUDIO_OPT','ETENDU','ETENDU'),(1618,'PSP',4,1,2,3,3,2,2,2,'ETENDU','ETENDU_ECO_SOINS_COUR_AUDIO_OPT','INTERMEDIAIRE','INTERMEDIAIRE'),(1619,'PSP',3,1,4,2,3,2,2,2,'ETENDU','ETENDU_ECO_SOINS_COUR_AUDIO_OPT','INTERMEDIAIRE','INTERMEDIAIRE'),(1620,'PSP',4,1,3,2,3,2,2,2,'ETENDU','ETENDU_ECO_SOINS_COUR_AUDIO_OPT','INTERMEDIAIRE','INTERMEDIAIRE'),(1621,'PSP',2,3,1,4,3,2,2,2,'INTEGRAL','INTEGRAL_ECO_SOINS_COUR_AUDIO_OPT','ETENDU','ETENDU'),(1622,'PSP',2,4,1,3,3,2,2,2,'INTEGRAL','INTEGRAL_ECO_SOINS_COUR_AUDIO_OPT','ETENDU','ETENDU'),(1623,'PSP',3,2,1,4,3,2,2,2,'INTEGRAL','INTEGRAL_ECO_SOINS_COUR_AUDIO_OPT','ETENDU','ETENDU'),(1624,'PSP',4,2,1,3,3,2,2,2,'ETENDU','ETENDU_ECO_SOINS_COUR_AUDIO_OPT','INTERMEDIAIRE','INTERMEDIAIRE'),(1625,'PSP',3,4,1,2,3,2,2,2,'ETENDU','ETENDU_ECO_SOINS_COUR_AUDIO_OPT','INTERMEDIAIRE','INTERMEDIAIRE'),(1626,'PSP',4,3,1,2,3,2,2,2,'ETENDU','ETENDU_ECO_SOINS_COUR_AUDIO_OPT','INTERMEDIAIRE','INTERMEDIAIRE'),(1627,'PSP',2,3,4,1,3,2,2,2,'ETENDU','ETENDU_ECO_SOINS_COUR_AUDIO_OPT','INTERMEDIAIRE','INTERMEDIAIRE'),(1628,'PSP',2,4,3,1,3,2,2,2,'ETENDU','ETENDU_ECO_SOINS_COUR_AUDIO_OPT','INTERMEDIAIRE','INTERMEDIAIRE'),(1629,'PSP',3,2,4,1,3,2,2,2,'ETENDU','ETENDU_ECO_SOINS_COUR_AUDIO_OPT','INTERMEDIAIRE','INTERMEDIAIRE'),(1630,'PSP',4,2,3,1,3,2,2,2,'ETENDU','ETENDU_ECO_SOINS_COUR_AUDIO_OPT','INTERMEDIAIRE','INTERMEDIAIRE'),(1631,'PSP',3,4,2,1,3,2,2,2,'ETENDU','ETENDU_ECO_SOINS_COUR_AUDIO_OPT','INTERMEDIAIRE','INTERMEDIAIRE'),(1632,'PSP',4,3,2,1,3,2,2,2,'ETENDU','ETENDU_ECO_SOINS_COUR_AUDIO_OPT','INTERMEDIAIRE','INTERMEDIAIRE'),(1633,'PSP',1,2,3,4,3,2,2,3,'INTEGRAL','INTEGRAL_ECO_SOINS_COUR_AUDIO_OPT','ETENDU','ETENDU'),(1634,'PSP',1,2,4,3,3,2,2,3,'INTEGRAL','INTEGRAL_ECO_SOINS_COUR_AUDIO_OPT','ETENDU','ETENDU'),(1635,'PSP',1,3,2,4,3,2,2,3,'INTEGRAL','INTEGRAL_ECO_SOINS_COUR_AUDIO_OPT','ETENDU','ETENDU'),(1636,'PSP',1,4,2,3,3,2,2,3,'INTEGRAL','INTEGRAL_ECO_SOINS_COUR_AUDIO_OPT','ETENDU','ETENDU'),(1637,'PSP',1,3,4,2,3,2,2,3,'INTEGRAL','INTEGRAL_ECO_SOINS_COUR_AUDIO_OPT','ETENDU','ETENDU'),(1638,'PSP',1,4,3,2,3,2,2,3,'INTEGRAL','INTEGRAL_ECO_SOINS_COUR_AUDIO_OPT','ETENDU','ETENDU'),(1639,'PSP',2,1,3,4,3,2,2,3,'INTEGRAL','INTEGRAL_ECO_SOINS_COUR_AUDIO_OPT','ETENDU','ETENDU'),(1640,'PSP',2,1,4,3,3,2,2,3,'INTEGRAL','INTEGRAL_ECO_SOINS_COUR_AUDIO_OPT','ETENDU','ETENDU'),(1641,'PSP',3,1,2,4,3,2,2,3,'INTEGRAL','INTEGRAL_ECO_SOINS_COUR_AUDIO_OPT','ETENDU','ETENDU'),(1642,'PSP',4,1,2,3,3,2,2,3,'INTEGRAL','INTEGRAL_ECO_SOINS_COUR_AUDIO_OPT','ETENDU','ETENDU'),(1643,'PSP',3,1,4,2,3,2,2,3,'INTEGRAL','INTEGRAL_ECO_SOINS_COUR_AUDIO_OPT','ETENDU','ETENDU'),(1644,'PSP',4,1,3,2,3,2,2,3,'INTEGRAL','INTEGRAL_ECO_SOINS_COUR_AUDIO_OPT','ETENDU','ETENDU'),(1645,'PSP',2,3,1,4,3,2,2,3,'INTEGRAL','INTEGRAL_ECO_SOINS_COUR_AUDIO_OPT','ETENDU','ETENDU'),(1646,'PSP',2,4,1,3,3,2,2,3,'INTEGRAL','INTEGRAL_ECO_SOINS_COUR_AUDIO_OPT','ETENDU','ETENDU'),(1647,'PSP',3,2,1,4,3,2,2,3,'INTEGRAL','INTEGRAL_ECO_SOINS_COUR_AUDIO_OPT','ETENDU','ETENDU'),(1648,'PSP',4,2,1,3,3,2,2,3,'INTEGRAL','INTEGRAL_ECO_SOINS_COUR_AUDIO_OPT','ETENDU','ETENDU'),(1649,'PSP',3,4,1,2,3,2,2,3,'INTEGRAL','INTEGRAL_ECO_SOINS_COUR_AUDIO_OPT','ETENDU','ETENDU'),(1650,'PSP',4,3,1,2,3,2,2,3,'INTEGRAL','INTEGRAL_ECO_SOINS_COUR_AUDIO_OPT','ETENDU','ETENDU'),(1651,'PSP',2,3,4,1,3,2,2,3,'INTEGRAL','INTEGRAL_ECO_SOINS_COUR_AUDIO_OPT','ETENDU','ETENDU'),(1652,'PSP',2,4,3,1,3,2,2,3,'INTEGRAL','INTEGRAL_ECO_SOINS_COUR_AUDIO_OPT','ETENDU','ETENDU'),(1653,'PSP',3,2,4,1,3,2,2,3,'INTEGRAL','INTEGRAL_ECO_SOINS_COUR_AUDIO_OPT','ETENDU','ETENDU'),(1654,'PSP',4,2,3,1,3,2,2,3,'INTEGRAL','INTEGRAL_ECO_SOINS_COUR_AUDIO_OPT','ETENDU','ETENDU'),(1655,'PSP',3,4,2,1,3,2,2,3,'INTEGRAL','INTEGRAL_ECO_SOINS_COUR_AUDIO_OPT','ETENDU','ETENDU'),(1656,'PSP',4,3,2,1,3,2,2,3,'INTEGRAL','INTEGRAL_ECO_SOINS_COUR_AUDIO_OPT','ETENDU','ETENDU'),(1657,'PSP',1,2,3,4,3,2,3,1,'INTEGRAL','INTEGRAL_ECO_SOINS_COUR_AUDIO_DENT','ETENDU','ETENDU'),(1658,'PSP',1,2,4,3,3,2,3,1,'INTEGRAL','INTEGRAL_ECO_SOINS_COUR_AUDIO_DENT','ETENDU','ETENDU'),(1659,'PSP',1,3,2,4,3,2,3,1,'INTEGRAL','INTEGRAL_ECO_SOINS_COUR_AUDIO_DENT','ETENDU','ETENDU'),(1660,'PSP',1,4,2,3,3,2,3,1,'INTEGRAL','INTEGRAL_ECO_SOINS_COUR_AUDIO_DENT','ETENDU','ETENDU'),(1661,'PSP',1,3,4,2,3,2,3,1,'INTEGRAL','INTEGRAL_ECO_SOINS_COUR_AUDIO_DENT','ETENDU','ETENDU'),(1662,'PSP',1,4,3,2,3,2,3,1,'INTEGRAL','INTEGRAL_ECO_SOINS_COUR_AUDIO_DENT','ETENDU','ETENDU'),(1663,'PSP',2,1,3,4,3,2,3,1,'INTEGRAL','INTEGRAL_ECO_SOINS_COUR_AUDIO_DENT','ETENDU','ETENDU'),(1664,'PSP',2,1,4,3,3,2,3,1,'INTEGRAL','INTEGRAL_ECO_SOINS_COUR_AUDIO_DENT','ETENDU','ETENDU'),(1665,'PSP',3,1,2,4,3,2,3,1,'INTEGRAL','INTEGRAL_ECO_SOINS_COUR_AUDIO_DENT','ETENDU','ETENDU'),(1666,'PSP',4,1,2,3,3,2,3,1,'INTEGRAL','INTEGRAL_ECO_SOINS_COUR_AUDIO_DENT','ETENDU','ETENDU'),(1667,'PSP',3,1,4,2,3,2,3,1,'INTEGRAL','INTEGRAL_ECO_SOINS_COUR_AUDIO_DENT','ETENDU','ETENDU'),(1668,'PSP',4,1,3,2,3,2,3,1,'INTEGRAL','INTEGRAL_ECO_SOINS_COUR_AUDIO_DENT','ETENDU','ETENDU'),(1669,'PSP',2,3,1,4,3,2,3,1,'INTEGRAL','INTEGRAL_ECO_SOINS_COUR_AUDIO_DENT','ETENDU','ETENDU'),(1670,'PSP',2,4,1,3,3,2,3,1,'INTEGRAL','INTEGRAL_ECO_SOINS_COUR_AUDIO_DENT','ETENDU','ETENDU'),(1671,'PSP',3,2,1,4,3,2,3,1,'INTEGRAL','INTEGRAL_ECO_SOINS_COUR_AUDIO_DENT','ETENDU','ETENDU'),(1672,'PSP',4,2,1,3,3,2,3,1,'INTEGRAL','INTEGRAL_ECO_SOINS_COUR_AUDIO_DENT','ETENDU','ETENDU'),(1673,'PSP',3,4,1,2,3,2,3,1,'INTEGRAL','INTEGRAL_ECO_SOINS_COUR_AUDIO_DENT','ETENDU','ETENDU'),(1674,'PSP',4,3,1,2,3,2,3,1,'INTEGRAL','INTEGRAL_ECO_SOINS_COUR_AUDIO_DENT','ETENDU','ETENDU'),(1675,'PSP',2,3,4,1,3,2,3,1,'INTEGRAL','INTEGRAL_ECO_SOINS_COUR_AUDIO_DENT','ETENDU','ETENDU'),(1676,'PSP',2,4,3,1,3,2,3,1,'INTEGRAL','INTEGRAL_ECO_SOINS_COUR_AUDIO_DENT','ETENDU','ETENDU'),(1677,'PSP',3,2,4,1,3,2,3,1,'INTEGRAL','INTEGRAL_ECO_SOINS_COUR_AUDIO_DENT','ETENDU','ETENDU'),(1678,'PSP',4,2,3,1,3,2,3,1,'INTEGRAL','INTEGRAL_ECO_SOINS_COUR_AUDIO_DENT','ETENDU','ETENDU'),(1679,'PSP',3,4,2,1,3,2,3,1,'INTEGRAL','INTEGRAL_ECO_SOINS_COUR_AUDIO_DENT','ETENDU','ETENDU'),(1680,'PSP',4,3,2,1,3,2,3,1,'INTEGRAL','INTEGRAL_ECO_SOINS_COUR_AUDIO_DENT','ETENDU','ETENDU'),(1681,'PSP',1,2,3,4,3,2,3,2,'INTEGRAL','INTEGRAL_ECO_SOINS_COUR_AUDIO','INTEGRAL','INTEGRAL_ECO_SOINS_COUR_AUDIO_DENT'),(1682,'PSP',1,2,4,3,3,2,3,2,'INTEGRAL','INTEGRAL_ECO_SOINS_COUR_AUDIO','INTEGRAL','INTEGRAL_ECO_SOINS_COUR_AUDIO_OPT'),(1683,'PSP',1,3,2,4,3,2,3,2,'INTEGRAL','INTEGRAL_ECO_SOINS_COUR_AUDIO','INTEGRAL','INTEGRAL_ECO_SOINS_COUR_AUDIO_DENT'),(1684,'PSP',1,4,2,3,3,2,3,2,'INTEGRAL','INTEGRAL_ECO_SOINS_COUR_AUDIO','INTEGRAL','INTEGRAL_ECO_SOINS_COUR_AUDIO_DENT'),(1685,'PSP',1,3,4,2,3,2,3,2,'INTEGRAL','INTEGRAL_ECO_SOINS_COUR_AUDIO','INTEGRAL','INTEGRAL_ECO_SOINS_COUR_AUDIO_OPT'),(1686,'PSP',1,4,3,2,3,2,3,2,'INTEGRAL','INTEGRAL_ECO_SOINS_COUR_AUDIO','INTEGRAL','INTEGRAL_ECO_SOINS_COUR_AUDIO_OPT'),(1687,'PSP',2,1,3,4,3,2,3,2,'INTEGRAL','INTEGRAL_ECO_SOINS_COUR_AUDIO','INTEGRAL','INTEGRAL_ECO_SOINS_COUR_AUDIO_DENT'),(1688,'PSP',2,1,4,3,3,2,3,2,'INTEGRAL','INTEGRAL_ECO_SOINS_COUR_AUDIO','INTEGRAL','INTEGRAL_ECO_SOINS_COUR_AUDIO_OPT'),(1689,'PSP',3,1,2,4,3,2,3,2,'INTEGRAL','INTEGRAL_ECO_SOINS_COUR_AUDIO','INTEGRAL','INTEGRAL_ECO_SOINS_COUR_AUDIO_DENT'),(1690,'PSP',4,1,2,3,3,2,3,2,'ETENDU','ETENDU_ECO_SOINS_COUR_AUDIO','ETENDU','ETENDU_ECO_SOINS_COUR_AUDIO_DENT'),(1691,'PSP',3,1,4,2,3,2,3,2,'ETENDU','ETENDU_ECO_SOINS_COUR_AUDIO','ETENDU','ETENDU_ECO_SOINS_COUR_AUDIO_OPT'),(1692,'PSP',4,1,3,2,3,2,3,2,'ETENDU','ETENDU_ECO_SOINS_COUR_AUDIO','ETENDU','ETENDU_ECO_SOINS_COUR_AUDIO_OPT'),(1693,'PSP',2,3,1,4,3,2,3,2,'INTEGRAL','INTEGRAL_ECO_SOINS_COUR_AUDIO','INTEGRAL','INTEGRAL_ECO_SOINS_COUR_AUDIO_DENT'),(1694,'PSP',2,4,1,3,3,2,3,2,'INTEGRAL','INTEGRAL_ECO_SOINS_COUR_AUDIO','INTEGRAL','INTEGRAL_ECO_SOINS_COUR_AUDIO_DENT'),(1695,'PSP',3,2,1,4,3,2,3,2,'INTEGRAL','INTEGRAL_ECO_SOINS_COUR_AUDIO','INTEGRAL','INTEGRAL_ECO_SOINS_COUR_AUDIO_DENT'),(1696,'PSP',4,2,1,3,3,2,3,2,'ETENDU','ETENDU_ECO_SOINS_COUR_AUDIO','ETENDU','ETENDU_ECO_SOINS_COUR_AUDIO_DENT'),(1697,'PSP',3,4,1,2,3,2,3,2,'ETENDU','ETENDU_ECO_SOINS_COUR_AUDIO','ETENDU','ETENDU_ECO_SOINS_COUR_AUDIO_DENT'),(1698,'PSP',4,3,1,2,3,2,3,2,'ETENDU','ETENDU_ECO_SOINS_COUR_AUDIO','ETENDU','ETENDU_ECO_SOINS_COUR_AUDIO_DENT'),(1699,'PSP',2,3,4,1,3,2,3,2,'ETENDU','ETENDU_ECO_SOINS_COUR_AUDIO','ETENDU','ETENDU_ECO_SOINS_COUR_AUDIO_OPT'),(1700,'PSP',2,4,3,1,3,2,3,2,'ETENDU','ETENDU_ECO_SOINS_COUR_AUDIO','ETENDU','ETENDU_ECO_SOINS_COUR_AUDIO_OPT'),(1701,'PSP',3,2,4,1,3,2,3,2,'ETENDU','ETENDU_ECO_SOINS_COUR_AUDIO','ETENDU','ETENDU_ECO_SOINS_COUR_AUDIO_OPT'),(1702,'PSP',4,2,3,1,3,2,3,2,'ETENDU','ETENDU_ECO_SOINS_COUR_AUDIO','ETENDU','ETENDU_ECO_SOINS_COUR_AUDIO_OPT'),(1703,'PSP',3,4,2,1,3,2,3,2,'ETENDU','ETENDU_ECO_SOINS_COUR_AUDIO','ETENDU','ETENDU_ECO_SOINS_COUR_AUDIO_OPT'),(1704,'PSP',4,3,2,1,3,2,3,2,'ETENDU','ETENDU_ECO_SOINS_COUR_AUDIO','ETENDU','ETENDU_ECO_SOINS_COUR_AUDIO_OPT'),(1705,'PSP',1,2,3,4,3,2,3,3,'INTEGRAL','INTEGRAL_ECO_SOINS_COUR_AUDIO','INTEGRAL','INTEGRAL_ECO_SOINS_COUR_AUDIO_DENT'),(1706,'PSP',1,2,4,3,3,2,3,3,'INTEGRAL','INTEGRAL_ECO_SOINS_COUR_AUDIO','INTEGRAL','INTEGRAL_ECO_SOINS_COUR_AUDIO_OPT'),(1707,'PSP',1,3,2,4,3,2,3,3,'INTEGRAL','INTEGRAL_ECO_SOINS_COUR_AUDIO','INTEGRAL','INTEGRAL_ECO_SOINS_COUR_AUDIO_DENT'),(1708,'PSP',1,4,2,3,3,2,3,3,'INTEGRAL','INTEGRAL_ECO_SOINS_COUR_AUDIO','INTEGRAL','INTEGRAL_ECO_SOINS_COUR_AUDIO_DENT'),(1709,'PSP',1,3,4,2,3,2,3,3,'INTEGRAL','INTEGRAL_ECO_SOINS_COUR_AUDIO','INTEGRAL','INTEGRAL_ECO_SOINS_COUR_AUDIO_OPT'),(1710,'PSP',1,4,3,2,3,2,3,3,'INTEGRAL','INTEGRAL_ECO_SOINS_COUR_AUDIO','INTEGRAL','INTEGRAL_ECO_SOINS_COUR_AUDIO_OPT'),(1711,'PSP',2,1,3,4,3,2,3,3,'INTEGRAL','INTEGRAL_ECO_SOINS_COUR_AUDIO','INTEGRAL','INTEGRAL_ECO_SOINS_COUR_AUDIO_DENT'),(1712,'PSP',2,1,4,3,3,2,3,3,'INTEGRAL','INTEGRAL_ECO_SOINS_COUR_AUDIO','INTEGRAL','INTEGRAL_ECO_SOINS_COUR_AUDIO_OPT'),(1713,'PSP',3,1,2,4,3,2,3,3,'INTEGRAL','INTEGRAL_ECO_SOINS_COUR_AUDIO','INTEGRAL','INTEGRAL_ECO_SOINS_COUR_AUDIO_DENT'),(1714,'PSP',4,1,2,3,3,2,3,3,'INTEGRAL','INTEGRAL_ECO_SOINS_COUR_AUDIO','INTEGRAL','INTEGRAL_ECO_SOINS_COUR_AUDIO_DENT'),(1715,'PSP',3,1,4,2,3,2,3,3,'INTEGRAL','INTEGRAL_ECO_SOINS_COUR_AUDIO','INTEGRAL','INTEGRAL_ECO_SOINS_COUR_AUDIO_OPT'),(1716,'PSP',4,1,3,2,3,2,3,3,'INTEGRAL','INTEGRAL_ECO_SOINS_COUR_AUDIO','INTEGRAL','INTEGRAL_ECO_SOINS_COUR_AUDIO_OPT'),(1717,'PSP',2,3,1,4,3,2,3,3,'INTEGRAL','INTEGRAL_ECO_SOINS_COUR_AUDIO','INTEGRAL','INTEGRAL_ECO_SOINS_COUR_AUDIO_DENT'),(1718,'PSP',2,4,1,3,3,2,3,3,'INTEGRAL','INTEGRAL_ECO_SOINS_COUR_AUDIO','INTEGRAL','INTEGRAL_ECO_SOINS_COUR_AUDIO_DENT'),(1719,'PSP',3,2,1,4,3,2,3,3,'INTEGRAL','INTEGRAL_ECO_SOINS_COUR_AUDIO','INTEGRAL','INTEGRAL_ECO_SOINS_COUR_AUDIO_DENT'),(1720,'PSP',4,2,1,3,3,2,3,3,'INTEGRAL','INTEGRAL_ECO_SOINS_COUR_AUDIO','INTEGRAL','INTEGRAL_ECO_SOINS_COUR_AUDIO_DENT'),(1721,'PSP',3,4,1,2,3,2,3,3,'INTEGRAL','INTEGRAL_ECO_SOINS_COUR_AUDIO','INTEGRAL','INTEGRAL_ECO_SOINS_COUR_AUDIO_DENT'),(1722,'PSP',4,3,1,2,3,2,3,3,'INTEGRAL','INTEGRAL_ECO_SOINS_COUR_AUDIO','INTEGRAL','INTEGRAL_ECO_SOINS_COUR_AUDIO_DENT'),(1723,'PSP',2,3,4,1,3,2,3,3,'INTEGRAL','INTEGRAL_ECO_SOINS_COUR_AUDIO','INTEGRAL','INTEGRAL_ECO_SOINS_COUR_AUDIO_OPT'),(1724,'PSP',2,4,3,1,3,2,3,3,'INTEGRAL','INTEGRAL_ECO_SOINS_COUR_AUDIO','INTEGRAL','INTEGRAL_ECO_SOINS_COUR_AUDIO_OPT'),(1725,'PSP',3,2,4,1,3,2,3,3,'INTEGRAL','INTEGRAL_ECO_SOINS_COUR_AUDIO','INTEGRAL','INTEGRAL_ECO_SOINS_COUR_AUDIO_OPT'),(1726,'PSP',4,2,3,1,3,2,3,3,'INTEGRAL','INTEGRAL_ECO_SOINS_COUR_AUDIO','INTEGRAL','INTEGRAL_ECO_SOINS_COUR_AUDIO_OPT'),(1727,'PSP',3,4,2,1,3,2,3,3,'INTEGRAL','INTEGRAL_ECO_SOINS_COUR_AUDIO','INTEGRAL','INTEGRAL_ECO_SOINS_COUR_AUDIO_OPT'),(1728,'PSP',4,3,2,1,3,2,3,3,'INTEGRAL','INTEGRAL_ECO_SOINS_COUR_AUDIO','INTEGRAL','INTEGRAL_ECO_SOINS_COUR_AUDIO_OPT'),(1729,'PSP',1,2,3,4,3,3,1,1,'INTEGRAL','INTEGRAL_ECO_OPT_DENT','ETENDU','ETENDU'),(1730,'PSP',1,2,4,3,3,3,1,1,'INTEGRAL','INTEGRAL_ECO_OPT_DENT','ETENDU','ETENDU'),(1731,'PSP',1,3,2,4,3,3,1,1,'INTEGRAL','INTEGRAL_ECO_OPT_DENT','ETENDU','ETENDU'),(1732,'PSP',1,4,2,3,3,3,1,1,'INTEGRAL','INTEGRAL_ECO_OPT_DENT','ETENDU','ETENDU'),(1733,'PSP',1,3,4,2,3,3,1,1,'INTEGRAL','INTEGRAL_ECO_OPT_DENT','ETENDU','ETENDU'),(1734,'PSP',1,4,3,2,3,3,1,1,'INTEGRAL','INTEGRAL_ECO_OPT_DENT','ETENDU','ETENDU'),(1735,'PSP',2,1,3,4,3,3,1,1,'INTEGRAL','INTEGRAL_ECO_OPT_DENT','ETENDU','ETENDU'),(1736,'PSP',2,1,4,3,3,3,1,1,'INTEGRAL','INTEGRAL_ECO_OPT_DENT','ETENDU','ETENDU'),(1737,'PSP',3,1,2,4,3,3,1,1,'INTEGRAL','INTEGRAL_ECO_OPT_DENT','ETENDU','ETENDU'),(1738,'PSP',4,1,2,3,3,3,1,1,'INTEGRAL','INTEGRAL_ECO_OPT_DENT','ETENDU','ETENDU'),(1739,'PSP',3,1,4,2,3,3,1,1,'INTEGRAL','INTEGRAL_ECO_OPT_DENT','ETENDU','ETENDU'),(1740,'PSP',4,1,3,2,3,3,1,1,'INTEGRAL','INTEGRAL_ECO_OPT_DENT','ETENDU','ETENDU'),(1741,'PSP',2,3,1,4,3,3,1,1,'INTEGRAL','INTEGRAL_ECO_OPT_DENT','ETENDU','ETENDU'),(1742,'PSP',2,4,1,3,3,3,1,1,'INTEGRAL','INTEGRAL_ECO_OPT_DENT','ETENDU','ETENDU'),(1743,'PSP',3,2,1,4,3,3,1,1,'INTEGRAL','INTEGRAL_ECO_OPT_DENT','ETENDU','ETENDU'),(1744,'PSP',4,2,1,3,3,3,1,1,'INTEGRAL','INTEGRAL_ECO_OPT_DENT','ETENDU','ETENDU'),(1745,'PSP',3,4,1,2,3,3,1,1,'INTEGRAL','INTEGRAL_ECO_OPT_DENT','ETENDU','ETENDU'),(1746,'PSP',4,3,1,2,3,3,1,1,'INTEGRAL','INTEGRAL_ECO_OPT_DENT','ETENDU','ETENDU'),(1747,'PSP',2,3,4,1,3,3,1,1,'INTEGRAL','INTEGRAL_ECO_OPT_DENT','ETENDU','ETENDU'),(1748,'PSP',2,4,3,1,3,3,1,1,'INTEGRAL','INTEGRAL_ECO_OPT_DENT','ETENDU','ETENDU'),(1749,'PSP',3,2,4,1,3,3,1,1,'INTEGRAL','INTEGRAL_ECO_OPT_DENT','ETENDU','ETENDU'),(1750,'PSP',4,2,3,1,3,3,1,1,'INTEGRAL','INTEGRAL_ECO_OPT_DENT','ETENDU','ETENDU'),(1751,'PSP',3,4,2,1,3,3,1,1,'INTEGRAL','INTEGRAL_ECO_OPT_DENT','ETENDU','ETENDU'),(1752,'PSP',4,3,2,1,3,3,1,1,'INTEGRAL','INTEGRAL_ECO_OPT_DENT','ETENDU','ETENDU'),(1753,'PSP',1,2,3,4,3,3,1,2,'INTEGRAL','INTEGRAL_ECO_OPT','INTEGRAL','INTEGRAL_ECO_OPT_DENT'),(1754,'PSP',1,2,4,3,3,3,1,2,'INTEGRAL','INTEGRAL_ECO_OPT','INTEGRAL','INTEGRAL_ECO_OPT_DENT'),(1755,'PSP',1,3,2,4,3,3,1,2,'INTEGRAL','INTEGRAL_ECO_OPT','INTEGRAL','INTEGRAL_ECO_OPT_DENT'),(1756,'PSP',1,4,2,3,3,3,1,2,'INTEGRAL','INTEGRAL_ECO_OPT','INTEGRAL','INTEGRAL_ECO_SOINS_COUR_AUDIO_OPT'),(1757,'PSP',1,3,4,2,3,3,1,2,'INTEGRAL','INTEGRAL_ECO_OPT','INTEGRAL','INTEGRAL_ECO_SOINS_COUR_AUDIO_OPT'),(1758,'PSP',1,4,3,2,3,3,1,2,'INTEGRAL','INTEGRAL_ECO_OPT','INTEGRAL','INTEGRAL_ECO_SOINS_COUR_AUDIO_OPT'),(1759,'PSP',2,1,3,4,3,3,1,2,'INTEGRAL','INTEGRAL_ECO_OPT','INTEGRAL','INTEGRAL_ECO_OPT_DENT'),(1760,'PSP',2,1,4,3,3,3,1,2,'INTEGRAL','INTEGRAL_ECO_OPT','INTEGRAL','INTEGRAL_ECO_OPT_DENT'),(1761,'PSP',3,1,2,4,3,3,1,2,'INTEGRAL','INTEGRAL_ECO_OPT','INTEGRAL','INTEGRAL_ECO_OPT_DENT'),(1762,'PSP',4,1,2,3,3,3,1,2,'ETENDU','ETENDU_ECO_OPT','ETENDU','ETENDU_ECO_OPT_DENT'),(1763,'PSP',3,1,4,2,3,3,1,2,'ETENDU','ETENDU_ECO_OPT','ETENDU','ETENDU_ECO_OPT_DENT'),(1764,'PSP',4,1,3,2,3,3,1,2,'ETENDU','ETENDU_ECO_OPT','ETENDU','ETENDU_ECO_OPT_DENT'),(1765,'PSP',2,3,1,4,3,3,1,2,'INTEGRAL','INTEGRAL_ECO_OPT','INTEGRAL','INTEGRAL_ECO_OPT_DENT'),(1766,'PSP',2,4,1,3,3,3,1,2,'INTEGRAL','INTEGRAL_ECO_OPT','INTEGRAL','INTEGRAL_ECO_SOINS_COUR_AUDIO_OPT'),(1767,'PSP',3,2,1,4,3,3,1,2,'INTEGRAL','INTEGRAL_ECO_OPT','INTEGRAL','INTEGRAL_ECO_OPT_DENT'),(1768,'PSP',4,2,1,3,3,3,1,2,'ETENDU','ETENDU_ECO_OPT','ETENDU','ETENDU_ECO_OPT_DENT'),(1769,'PSP',3,4,1,2,3,3,1,2,'ETENDU','ETENDU_ECO_OPT','ETENDU','ETENDU_ECO_SOINS_COUR_AUDIO_OPT'),(1770,'PSP',4,3,1,2,3,3,1,2,'ETENDU','ETENDU_ECO_OPT','ETENDU','ETENDU_ECO_SOINS_COUR_AUDIO_OPT'),(1771,'PSP',2,3,4,1,3,3,1,2,'ETENDU','ETENDU_ECO_OPT','ETENDU','ETENDU_ECO_SOINS_COUR_AUDIO_OPT'),(1772,'PSP',2,4,3,1,3,3,1,2,'ETENDU','ETENDU_ECO_OPT','ETENDU','ETENDU_ECO_SOINS_COUR_AUDIO_OPT'),(1773,'PSP',3,2,4,1,3,3,1,2,'ETENDU','ETENDU_ECO_OPT','ETENDU','ETENDU_ECO_SOINS_COUR_AUDIO_OPT'),(1774,'PSP',4,2,3,1,3,3,1,2,'ETENDU','ETENDU_ECO_OPT','ETENDU','ETENDU_ECO_SOINS_COUR_AUDIO_OPT'),(1775,'PSP',3,4,2,1,3,3,1,2,'ETENDU','ETENDU_ECO_OPT','ETENDU','ETENDU_ECO_SOINS_COUR_AUDIO_OPT'),(1776,'PSP',4,3,2,1,3,3,1,2,'ETENDU','ETENDU_ECO_OPT','ETENDU','ETENDU_ECO_SOINS_COUR_AUDIO_OPT'),(1777,'PSP',1,2,3,4,3,3,1,3,'INTEGRAL','INTEGRAL_ECO_OPT','INTEGRAL','INTEGRAL_ECO_OPT_DENT'),(1778,'PSP',1,2,4,3,3,3,1,3,'INTEGRAL','INTEGRAL_ECO_OPT','INTEGRAL','INTEGRAL_ECO_OPT_DENT'),(1779,'PSP',1,3,2,4,3,3,1,3,'INTEGRAL','INTEGRAL_ECO_OPT','INTEGRAL','INTEGRAL_ECO_OPT_DENT'),(1780,'PSP',1,4,2,3,3,3,1,3,'INTEGRAL','INTEGRAL_ECO_OPT','INTEGRAL','INTEGRAL_ECO_SOINS_COUR_AUDIO_OPT'),(1781,'PSP',1,3,4,2,3,3,1,3,'INTEGRAL','INTEGRAL_ECO_OPT','INTEGRAL','INTEGRAL_ECO_SOINS_COUR_AUDIO_OPT'),(1782,'PSP',1,4,3,2,3,3,1,3,'INTEGRAL','INTEGRAL_ECO_OPT','INTEGRAL','INTEGRAL_ECO_SOINS_COUR_AUDIO_OPT'),(1783,'PSP',2,1,3,4,3,3,1,3,'INTEGRAL','INTEGRAL_ECO_OPT','INTEGRAL','INTEGRAL_ECO_OPT_DENT'),(1784,'PSP',2,1,4,3,3,3,1,3,'INTEGRAL','INTEGRAL_ECO_OPT','INTEGRAL','INTEGRAL_ECO_OPT_DENT'),(1785,'PSP',3,1,2,4,3,3,1,3,'INTEGRAL','INTEGRAL_ECO_OPT','INTEGRAL','INTEGRAL_ECO_OPT_DENT'),(1786,'PSP',4,1,2,3,3,3,1,3,'INTEGRAL','INTEGRAL_ECO_OPT','INTEGRAL','INTEGRAL_ECO_OPT_DENT'),(1787,'PSP',3,1,4,2,3,3,1,3,'INTEGRAL','INTEGRAL_ECO_OPT','INTEGRAL','INTEGRAL_ECO_OPT_DENT'),(1788,'PSP',4,1,3,2,3,3,1,3,'INTEGRAL','INTEGRAL_ECO_OPT','INTEGRAL','INTEGRAL_ECO_OPT_DENT'),(1789,'PSP',2,3,1,4,3,3,1,3,'INTEGRAL','INTEGRAL_ECO_OPT','INTEGRAL','INTEGRAL_ECO_OPT_DENT'),(1790,'PSP',2,4,1,3,3,3,1,3,'INTEGRAL','INTEGRAL_ECO_OPT','INTEGRAL','INTEGRAL_ECO_SOINS_COUR_AUDIO_OPT'),(1791,'PSP',3,2,1,4,3,3,1,3,'INTEGRAL','INTEGRAL_ECO_OPT','INTEGRAL','INTEGRAL_ECO_OPT_DENT'),(1792,'PSP',4,2,1,3,3,3,1,3,'INTEGRAL','INTEGRAL_ECO_OPT','INTEGRAL','INTEGRAL_ECO_OPT_DENT'),(1793,'PSP',3,4,1,2,3,3,1,3,'INTEGRAL','INTEGRAL_ECO_OPT','INTEGRAL','INTEGRAL_ECO_SOINS_COUR_AUDIO_OPT'),(1794,'PSP',4,3,1,2,3,3,1,3,'INTEGRAL','INTEGRAL_ECO_OPT','INTEGRAL','INTEGRAL_ECO_SOINS_COUR_AUDIO_OPT'),(1795,'PSP',2,3,4,1,3,3,1,3,'INTEGRAL','INTEGRAL_ECO_OPT','INTEGRAL','INTEGRAL_ECO_SOINS_COUR_AUDIO_OPT'),(1796,'PSP',2,4,3,1,3,3,1,3,'INTEGRAL','INTEGRAL_ECO_OPT','INTEGRAL','INTEGRAL_ECO_SOINS_COUR_AUDIO_OPT'),(1797,'PSP',3,2,4,1,3,3,1,3,'INTEGRAL','INTEGRAL_ECO_OPT','INTEGRAL','INTEGRAL_ECO_SOINS_COUR_AUDIO_OPT'),(1798,'PSP',4,2,3,1,3,3,1,3,'INTEGRAL','INTEGRAL_ECO_OPT','INTEGRAL','INTEGRAL_ECO_SOINS_COUR_AUDIO_OPT'),(1799,'PSP',3,4,2,1,3,3,1,3,'INTEGRAL','INTEGRAL_ECO_OPT','INTEGRAL','INTEGRAL_ECO_SOINS_COUR_AUDIO_OPT'),(1800,'PSP',4,3,2,1,3,3,1,3,'INTEGRAL','INTEGRAL_ECO_OPT','INTEGRAL','INTEGRAL_ECO_SOINS_COUR_AUDIO_OPT'),(1801,'PSP',1,2,3,4,3,3,2,1,'INTEGRAL','INTEGRAL_ECO_OPT_DENT','ETENDU','ETENDU'),(1802,'PSP',1,2,4,3,3,3,2,1,'INTEGRAL','INTEGRAL_ECO_OPT_DENT','ETENDU','ETENDU'),(1803,'PSP',1,3,2,4,3,3,2,1,'INTEGRAL','INTEGRAL_ECO_OPT_DENT','ETENDU','ETENDU'),(1804,'PSP',1,4,2,3,3,3,2,1,'INTEGRAL','INTEGRAL_ECO_OPT_DENT','ETENDU','ETENDU'),(1805,'PSP',1,3,4,2,3,3,2,1,'INTEGRAL','INTEGRAL_ECO_OPT_DENT','ETENDU','ETENDU'),(1806,'PSP',1,4,3,2,3,3,2,1,'INTEGRAL','INTEGRAL_ECO_OPT_DENT','ETENDU','ETENDU'),(1807,'PSP',2,1,3,4,3,3,2,1,'INTEGRAL','INTEGRAL_ECO_OPT_DENT','ETENDU','ETENDU'),(1808,'PSP',2,1,4,3,3,3,2,1,'INTEGRAL','INTEGRAL_ECO_OPT_DENT','ETENDU','ETENDU'),(1809,'PSP',3,1,2,4,3,3,2,1,'INTEGRAL','INTEGRAL_ECO_OPT_DENT','ETENDU','ETENDU'),(1810,'PSP',4,1,2,3,3,3,2,1,'INTEGRAL','INTEGRAL_ECO_OPT_DENT','ETENDU','ETENDU'),(1811,'PSP',3,1,4,2,3,3,2,1,'INTEGRAL','INTEGRAL_ECO_OPT_DENT','ETENDU','ETENDU'),(1812,'PSP',4,1,3,2,3,3,2,1,'INTEGRAL','INTEGRAL_ECO_OPT_DENT','ETENDU','ETENDU'),(1813,'PSP',2,3,1,4,3,3,2,1,'INTEGRAL','INTEGRAL_ECO_OPT_DENT','ETENDU','ETENDU'),(1814,'PSP',2,4,1,3,3,3,2,1,'INTEGRAL','INTEGRAL_ECO_OPT_DENT','ETENDU','ETENDU'),(1815,'PSP',3,2,1,4,3,3,2,1,'INTEGRAL','INTEGRAL_ECO_OPT_DENT','ETENDU','ETENDU'),(1816,'PSP',4,2,1,3,3,3,2,1,'INTEGRAL','INTEGRAL_ECO_OPT_DENT','ETENDU','ETENDU'),(1817,'PSP',3,4,1,2,3,3,2,1,'INTEGRAL','INTEGRAL_ECO_OPT_DENT','ETENDU','ETENDU'),(1818,'PSP',4,3,1,2,3,3,2,1,'INTEGRAL','INTEGRAL_ECO_OPT_DENT','ETENDU','ETENDU'),(1819,'PSP',2,3,4,1,3,3,2,1,'INTEGRAL','INTEGRAL_ECO_OPT_DENT','ETENDU','ETENDU'),(1820,'PSP',2,4,3,1,3,3,2,1,'INTEGRAL','INTEGRAL_ECO_OPT_DENT','ETENDU','ETENDU'),(1821,'PSP',3,2,4,1,3,3,2,1,'INTEGRAL','INTEGRAL_ECO_OPT_DENT','ETENDU','ETENDU'),(1822,'PSP',4,2,3,1,3,3,2,1,'INTEGRAL','INTEGRAL_ECO_OPT_DENT','ETENDU','ETENDU'),(1823,'PSP',3,4,2,1,3,3,2,1,'INTEGRAL','INTEGRAL_ECO_OPT_DENT','ETENDU','ETENDU'),(1824,'PSP',4,3,2,1,3,3,2,1,'INTEGRAL','INTEGRAL_ECO_OPT_DENT','ETENDU','ETENDU'),(1825,'PSP',1,2,3,4,3,3,2,2,'INTEGRAL','INTEGRAL_ECO_OPT','INTEGRAL','INTEGRAL_ECO_OPT_DENT'),(1826,'PSP',1,2,4,3,3,3,2,2,'INTEGRAL','INTEGRAL_ECO_OPT','INTEGRAL','INTEGRAL_ECO_OPT_DENT'),(1827,'PSP',1,3,2,4,3,3,2,2,'INTEGRAL','INTEGRAL_ECO_OPT','INTEGRAL','INTEGRAL_ECO_OPT_DENT'),(1828,'PSP',1,4,2,3,3,3,2,2,'INTEGRAL','INTEGRAL_ECO_OPT','INTEGRAL','INTEGRAL_ECO_SOINS_COUR_AUDIO_OPT'),(1829,'PSP',1,3,4,2,3,3,2,2,'INTEGRAL','INTEGRAL_ECO_OPT','INTEGRAL','INTEGRAL_ECO_SOINS_COUR_AUDIO_OPT'),(1830,'PSP',1,4,3,2,3,3,2,2,'INTEGRAL','INTEGRAL_ECO_OPT','INTEGRAL','INTEGRAL_ECO_SOINS_COUR_AUDIO_OPT'),(1831,'PSP',2,1,3,4,3,3,2,2,'INTEGRAL','INTEGRAL_ECO_OPT','INTEGRAL','INTEGRAL_ECO_OPT_DENT'),(1832,'PSP',2,1,4,3,3,3,2,2,'INTEGRAL','INTEGRAL_ECO_OPT','INTEGRAL','INTEGRAL_ECO_OPT_DENT'),(1833,'PSP',3,1,2,4,3,3,2,2,'INTEGRAL','INTEGRAL_ECO_OPT','INTEGRAL','INTEGRAL_ECO_OPT_DENT'),(1834,'PSP',4,1,2,3,3,3,2,2,'ETENDU','ETENDU_ECO_OPT','ETENDU','ETENDU_ECO_OPT_DENT'),(1835,'PSP',3,1,4,2,3,3,2,2,'ETENDU','ETENDU_ECO_OPT','ETENDU','ETENDU_ECO_OPT_DENT'),(1836,'PSP',4,1,3,2,3,3,2,2,'ETENDU','ETENDU_ECO_OPT','ETENDU','ETENDU_ECO_OPT_DENT'),(1837,'PSP',2,3,1,4,3,3,2,2,'INTEGRAL','INTEGRAL_ECO_OPT','INTEGRAL','INTEGRAL_ECO_OPT_DENT'),(1838,'PSP',2,4,1,3,3,3,2,2,'INTEGRAL','INTEGRAL_ECO_OPT','INTEGRAL','INTEGRAL_ECO_SOINS_COUR_AUDIO_OPT'),(1839,'PSP',3,2,1,4,3,3,2,2,'INTEGRAL','INTEGRAL_ECO_OPT','INTEGRAL','INTEGRAL_ECO_OPT_DENT'),(1840,'PSP',4,2,1,3,3,3,2,2,'ETENDU','ETENDU_ECO_OPT','ETENDU','ETENDU_ECO_OPT_DENT'),(1841,'PSP',3,4,1,2,3,3,2,2,'ETENDU','ETENDU_ECO_OPT','ETENDU','ETENDU_ECO_SOINS_COUR_AUDIO_OPT'),(1842,'PSP',4,3,1,2,3,3,2,2,'ETENDU','ETENDU_ECO_OPT','ETENDU','ETENDU_ECO_SOINS_COUR_AUDIO_OPT'),(1843,'PSP',2,3,4,1,3,3,2,2,'ETENDU','ETENDU_ECO_OPT','ETENDU','ETENDU_ECO_SOINS_COUR_AUDIO_OPT'),(1844,'PSP',2,4,3,1,3,3,2,2,'ETENDU','ETENDU_ECO_OPT','ETENDU','ETENDU_ECO_SOINS_COUR_AUDIO_OPT'),(1845,'PSP',3,2,4,1,3,3,2,2,'ETENDU','ETENDU_ECO_OPT','ETENDU','ETENDU_ECO_SOINS_COUR_AUDIO_OPT'),(1846,'PSP',4,2,3,1,3,3,2,2,'ETENDU','ETENDU_ECO_OPT','ETENDU','ETENDU_ECO_SOINS_COUR_AUDIO_OPT'),(1847,'PSP',3,4,2,1,3,3,2,2,'ETENDU','ETENDU_ECO_OPT','ETENDU','ETENDU_ECO_SOINS_COUR_AUDIO_OPT'),(1848,'PSP',4,3,2,1,3,3,2,2,'ETENDU','ETENDU_ECO_OPT','ETENDU','ETENDU_ECO_SOINS_COUR_AUDIO_OPT'),(1849,'PSP',1,2,3,4,3,3,2,3,'INTEGRAL','INTEGRAL_ECO_OPT','INTEGRAL','INTEGRAL_ECO_OPT_DENT'),(1850,'PSP',1,2,4,3,3,3,2,3,'INTEGRAL','INTEGRAL_ECO_OPT','INTEGRAL','INTEGRAL_ECO_OPT_DENT'),(1851,'PSP',1,3,2,4,3,3,2,3,'INTEGRAL','INTEGRAL_ECO_OPT','INTEGRAL','INTEGRAL_ECO_OPT_DENT'),(1852,'PSP',1,4,2,3,3,3,2,3,'INTEGRAL','INTEGRAL_ECO_OPT','INTEGRAL','INTEGRAL_ECO_SOINS_COUR_AUDIO_OPT'),(1853,'PSP',1,3,4,2,3,3,2,3,'INTEGRAL','INTEGRAL_ECO_OPT','INTEGRAL','INTEGRAL_ECO_SOINS_COUR_AUDIO_OPT'),(1854,'PSP',1,4,3,2,3,3,2,3,'INTEGRAL','INTEGRAL_ECO_OPT','INTEGRAL','INTEGRAL_ECO_SOINS_COUR_AUDIO_OPT'),(1855,'PSP',2,1,3,4,3,3,2,3,'INTEGRAL','INTEGRAL_ECO_OPT','INTEGRAL','INTEGRAL_ECO_OPT_DENT'),(1856,'PSP',2,1,4,3,3,3,2,3,'INTEGRAL','INTEGRAL_ECO_OPT','INTEGRAL','INTEGRAL_ECO_OPT_DENT'),(1857,'PSP',3,1,2,4,3,3,2,3,'INTEGRAL','INTEGRAL_ECO_OPT','INTEGRAL','INTEGRAL_ECO_OPT_DENT'),(1858,'PSP',4,1,2,3,3,3,2,3,'INTEGRAL','INTEGRAL_ECO_OPT','INTEGRAL','INTEGRAL_ECO_OPT_DENT'),(1859,'PSP',3,1,4,2,3,3,2,3,'INTEGRAL','INTEGRAL_ECO_OPT','INTEGRAL','INTEGRAL_ECO_OPT_DENT'),(1860,'PSP',4,1,3,2,3,3,2,3,'INTEGRAL','INTEGRAL_ECO_OPT','INTEGRAL','INTEGRAL_ECO_OPT_DENT'),(1861,'PSP',2,3,1,4,3,3,2,3,'INTEGRAL','INTEGRAL_ECO_OPT','INTEGRAL','INTEGRAL_ECO_OPT_DENT'),(1862,'PSP',2,4,1,3,3,3,2,3,'INTEGRAL','INTEGRAL_ECO_OPT','INTEGRAL','INTEGRAL_ECO_SOINS_COUR_AUDIO_OPT'),(1863,'PSP',3,2,1,4,3,3,2,3,'INTEGRAL','INTEGRAL_ECO_OPT','INTEGRAL','INTEGRAL_ECO_OPT_DENT'),(1864,'PSP',4,2,1,3,3,3,2,3,'INTEGRAL','INTEGRAL_ECO_OPT','INTEGRAL','INTEGRAL_ECO_OPT_DENT'),(1865,'PSP',3,4,1,2,3,3,2,3,'INTEGRAL','INTEGRAL_ECO_OPT','INTEGRAL','INTEGRAL_ECO_SOINS_COUR_AUDIO_OPT'),(1866,'PSP',4,3,1,2,3,3,2,3,'INTEGRAL','INTEGRAL_ECO_OPT','INTEGRAL','INTEGRAL_ECO_SOINS_COUR_AUDIO_OPT'),(1867,'PSP',2,3,4,1,3,3,2,3,'INTEGRAL','INTEGRAL_ECO_OPT','INTEGRAL','INTEGRAL_ECO_SOINS_COUR_AUDIO_OPT'),(1868,'PSP',2,4,3,1,3,3,2,3,'INTEGRAL','INTEGRAL_ECO_OPT','INTEGRAL','INTEGRAL_ECO_SOINS_COUR_AUDIO_OPT'),(1869,'PSP',3,2,4,1,3,3,2,3,'INTEGRAL','INTEGRAL_ECO_OPT','INTEGRAL','INTEGRAL_ECO_SOINS_COUR_AUDIO_OPT'),(1870,'PSP',4,2,3,1,3,3,2,3,'INTEGRAL','INTEGRAL_ECO_OPT','INTEGRAL','INTEGRAL_ECO_SOINS_COUR_AUDIO_OPT'),(1871,'PSP',3,4,2,1,3,3,2,3,'INTEGRAL','INTEGRAL_ECO_OPT','INTEGRAL','INTEGRAL_ECO_SOINS_COUR_AUDIO_OPT'),(1872,'PSP',4,3,2,1,3,3,2,3,'INTEGRAL','INTEGRAL_ECO_OPT','INTEGRAL','INTEGRAL_ECO_SOINS_COUR_AUDIO_OPT'),(1873,'PSP',1,2,3,4,3,3,3,1,'INTEGRAL','INTEGRAL_ECO_DENT','INTEGRAL','INTEGRAL_ECO_OPT_DENT'),(1874,'PSP',1,2,4,3,3,3,3,1,'INTEGRAL','INTEGRAL_ECO_DENT','INTEGRAL','INTEGRAL_ECO_OPT_DENT'),(1875,'PSP',1,3,2,4,3,3,3,1,'INTEGRAL','INTEGRAL_ECO_DENT','INTEGRAL','INTEGRAL_ECO_SOINS_COUR_AUDIO_DENT'),(1876,'PSP',1,4,2,3,3,3,3,1,'INTEGRAL','INTEGRAL_ECO_DENT','INTEGRAL','INTEGRAL_ECO_SOINS_COUR_AUDIO_DENT'),(1877,'PSP',1,3,4,2,3,3,3,1,'INTEGRAL','INTEGRAL_ECO_DENT','INTEGRAL','INTEGRAL_ECO_OPT_DENT'),(1878,'PSP',1,4,3,2,3,3,3,1,'INTEGRAL','INTEGRAL_ECO_DENT','INTEGRAL','INTEGRAL_ECO_SOINS_COUR_AUDIO_DENT'),(1879,'PSP',2,1,3,4,3,3,3,1,'INTEGRAL','INTEGRAL_ECO_DENT','INTEGRAL','INTEGRAL_ECO_OPT_DENT'),(1880,'PSP',2,1,4,3,3,3,3,1,'INTEGRAL','INTEGRAL_ECO_DENT','INTEGRAL','INTEGRAL_ECO_OPT_DENT'),(1881,'PSP',3,1,2,4,3,3,3,1,'INTEGRAL','INTEGRAL_ECO_DENT','INTEGRAL','INTEGRAL_ECO_OPT_DENT'),(1882,'PSP',4,1,2,3,3,3,3,1,'INTEGRAL','INTEGRAL_ECO_DENT','INTEGRAL','INTEGRAL_ECO_OPT_DENT'),(1883,'PSP',3,1,4,2,3,3,3,1,'INTEGRAL','INTEGRAL_ECO_DENT','INTEGRAL','INTEGRAL_ECO_OPT_DENT'),(1884,'PSP',4,1,3,2,3,3,3,1,'INTEGRAL','INTEGRAL_ECO_DENT','INTEGRAL','INTEGRAL_ECO_OPT_DENT'),(1885,'PSP',2,3,1,4,3,3,3,1,'INTEGRAL','INTEGRAL_ECO_DENT','INTEGRAL','INTEGRAL_ECO_SOINS_COUR_AUDIO_DENT'),(1886,'PSP',2,4,1,3,3,3,3,1,'INTEGRAL','INTEGRAL_ECO_DENT','INTEGRAL','INTEGRAL_ECO_SOINS_COUR_AUDIO_DENT'),(1887,'PSP',3,2,1,4,3,3,3,1,'INTEGRAL','INTEGRAL_ECO_DENT','INTEGRAL','INTEGRAL_ECO_SOINS_COUR_AUDIO_DENT'),(1888,'PSP',4,2,1,3,3,3,3,1,'INTEGRAL','INTEGRAL_ECO_DENT','INTEGRAL','INTEGRAL_ECO_SOINS_COUR_AUDIO_DENT'),(1889,'PSP',3,4,1,2,3,3,3,1,'INTEGRAL','INTEGRAL_ECO_DENT','INTEGRAL','INTEGRAL_ECO_SOINS_COUR_AUDIO_DENT'),(1890,'PSP',4,3,1,2,3,3,3,1,'INTEGRAL','INTEGRAL_ECO_DENT','INTEGRAL','INTEGRAL_ECO_SOINS_COUR_AUDIO_DENT'),(1891,'PSP',2,3,4,1,3,3,3,1,'INTEGRAL','INTEGRAL_ECO_DENT','INTEGRAL','INTEGRAL_ECO_OPT_DENT'),(1892,'PSP',2,4,3,1,3,3,3,1,'INTEGRAL','INTEGRAL_ECO_DENT','INTEGRAL','INTEGRAL_ECO_SOINS_COUR_AUDIO_DENT'),(1893,'PSP',3,2,4,1,3,3,3,1,'INTEGRAL','INTEGRAL_ECO_DENT','INTEGRAL','INTEGRAL_ECO_OPT_DENT'),(1894,'PSP',4,2,3,1,3,3,3,1,'INTEGRAL','INTEGRAL_ECO_DENT','INTEGRAL','INTEGRAL_ECO_OPT_DENT'),(1895,'PSP',3,4,2,1,3,3,3,1,'INTEGRAL','INTEGRAL_ECO_DENT','INTEGRAL','INTEGRAL_ECO_SOINS_COUR_AUDIO_DENT'),(1896,'PSP',4,3,2,1,3,3,3,1,'INTEGRAL','INTEGRAL_ECO_DENT','INTEGRAL','INTEGRAL_ECO_SOINS_COUR_AUDIO_DENT'),(1897,'PSP',1,2,3,4,3,3,3,2,'INTEGRAL','INTEGRAL','INTEGRAL','INTEGRAL_ECO_DENT'),(1898,'PSP',1,2,4,3,3,3,3,2,'INTEGRAL','INTEGRAL','INTEGRAL','INTEGRAL_ECO_OPT'),(1899,'PSP',1,3,2,4,3,3,3,2,'INTEGRAL','INTEGRAL','INTEGRAL','INTEGRAL_ECO_DENT'),(1900,'PSP',1,4,2,3,3,3,3,2,'INTEGRAL','INTEGRAL','INTEGRAL','INTEGRAL_ECO_SOINS_COUR_AUDIO'),(1901,'PSP',1,3,4,2,3,3,3,2,'INTEGRAL','INTEGRAL','INTEGRAL','INTEGRAL_ECO_OPT'),(1902,'PSP',1,4,3,2,3,3,3,2,'INTEGRAL','INTEGRAL','INTEGRAL','INTEGRAL_ECO_SOINS_COUR_AUDIO'),(1903,'PSP',2,1,3,4,3,3,3,2,'INTEGRAL','INTEGRAL','INTEGRAL','INTEGRAL_ECO_DENT'),(1904,'PSP',2,1,4,3,3,3,3,2,'INTEGRAL','INTEGRAL','INTEGRAL','INTEGRAL_ECO_OPT'),(1905,'PSP',3,1,2,4,3,3,3,2,'INTEGRAL','INTEGRAL','INTEGRAL','INTEGRAL_ECO_DENT'),(1906,'PSP',4,1,2,3,3,3,3,2,'ETENDU','ETENDU','ETENDU','ETENDU_ECO_DENT'),(1907,'PSP',3,1,4,2,3,3,3,2,'ETENDU','ETENDU','ETENDU','ETENDU_ECO_OPT'),(1908,'PSP',4,1,3,2,3,3,3,2,'ETENDU','ETENDU','ETENDU','ETENDU_ECO_OPT'),(1909,'PSP',2,3,1,4,3,3,3,2,'INTEGRAL','INTEGRAL','INTEGRAL','INTEGRAL_ECO_DENT'),(1910,'PSP',2,4,1,3,3,3,3,2,'INTEGRAL','INTEGRAL','INTEGRAL','INTEGRAL_ECO_SOINS_COUR_AUDIO'),(1911,'PSP',3,2,1,4,3,3,3,2,'INTEGRAL','INTEGRAL','INTEGRAL','INTEGRAL_ECO_DENT'),(1912,'PSP',4,2,1,3,3,3,3,2,'ETENDU','ETENDU','ETENDU','ETENDU_ECO_DENT'),(1913,'PSP',3,4,1,2,3,3,3,2,'ETENDU','ETENDU','ETENDU','ETENDU_ECO_SOINS_COUR_AUDIO'),(1914,'PSP',4,3,1,2,3,3,3,2,'ETENDU','ETENDU','ETENDU','ETENDU_ECO_SOINS_COUR_AUDIO'),(1915,'PSP',2,3,4,1,3,3,3,2,'ETENDU','ETENDU','ETENDU','ETENDU_ECO_OPT'),(1916,'PSP',2,4,3,1,3,3,3,2,'ETENDU','ETENDU','ETENDU','ETENDU_ECO_SOINS_COUR_AUDIO'),(1917,'PSP',3,2,4,1,3,3,3,2,'ETENDU','ETENDU','ETENDU','ETENDU_ECO_OPT'),(1918,'PSP',4,2,3,1,3,3,3,2,'ETENDU','ETENDU','ETENDU','ETENDU_ECO_OPT'),(1919,'PSP',3,4,2,1,3,3,3,2,'ETENDU','ETENDU','ETENDU','ETENDU_ECO_SOINS_COUR_AUDIO'),(1920,'PSP',4,3,2,1,3,3,3,2,'ETENDU','ETENDU','ETENDU','ETENDU_ECO_SOINS_COUR_AUDIO'),(1921,'PSP',1,2,3,4,3,3,3,3,'INTEGRAL','INTEGRAL','INTEGRAL','INTEGRAL_ECO_DENT'),(1922,'PSP',1,2,4,3,3,3,3,3,'INTEGRAL','INTEGRAL','INTEGRAL','INTEGRAL_ECO_OPT'),(1923,'PSP',1,3,2,4,3,3,3,3,'INTEGRAL','INTEGRAL','INTEGRAL','INTEGRAL_ECO_DENT'),(1924,'PSP',1,4,2,3,3,3,3,3,'INTEGRAL','INTEGRAL','INTEGRAL','INTEGRAL_ECO_SOINS_COUR_AUDIO'),(1925,'PSP',1,3,4,2,3,3,3,3,'INTEGRAL','INTEGRAL','INTEGRAL','INTEGRAL_ECO_OPT'),(1926,'PSP',1,4,3,2,3,3,3,3,'INTEGRAL','INTEGRAL','INTEGRAL','INTEGRAL_ECO_SOINS_COUR_AUDIO'),(1927,'PSP',2,1,3,4,3,3,3,3,'INTEGRAL','INTEGRAL','INTEGRAL','INTEGRAL_ECO_DENT'),(1928,'PSP',2,1,4,3,3,3,3,3,'INTEGRAL','INTEGRAL','INTEGRAL','INTEGRAL_ECO_OPT'),(1929,'PSP',3,1,2,4,3,3,3,3,'INTEGRAL','INTEGRAL','INTEGRAL','INTEGRAL_ECO_DENT'),(1930,'PSP',4,1,2,3,3,3,3,3,'INTEGRAL','INTEGRAL','INTEGRAL','INTEGRAL_ECO_DENT'),(1931,'PSP',3,1,4,2,3,3,3,3,'INTEGRAL','INTEGRAL','INTEGRAL','INTEGRAL_ECO_OPT'),(1932,'PSP',4,1,3,2,3,3,3,3,'INTEGRAL','INTEGRAL','INTEGRAL','INTEGRAL_ECO_OPT'),(1933,'PSP',2,3,1,4,3,3,3,3,'INTEGRAL','INTEGRAL','INTEGRAL','INTEGRAL_ECO_DENT'),(1934,'PSP',2,4,1,3,3,3,3,3,'INTEGRAL','INTEGRAL','INTEGRAL','INTEGRAL_ECO_SOINS_COUR_AUDIO'),(1935,'PSP',3,2,1,4,3,3,3,3,'INTEGRAL','INTEGRAL','INTEGRAL','INTEGRAL_ECO_DENT'),(1936,'PSP',4,2,1,3,3,3,3,3,'INTEGRAL','INTEGRAL','INTEGRAL','INTEGRAL_ECO_DENT'),(1937,'PSP',3,4,1,2,3,3,3,3,'INTEGRAL','INTEGRAL','INTEGRAL','INTEGRAL_ECO_SOINS_COUR_AUDIO'),(1938,'PSP',4,3,1,2,3,3,3,3,'INTEGRAL','INTEGRAL','INTEGRAL','INTEGRAL_ECO_SOINS_COUR_AUDIO'),(1939,'PSP',2,3,4,1,3,3,3,3,'INTEGRAL','INTEGRAL','INTEGRAL','INTEGRAL_ECO_OPT'),(1940,'PSP',2,4,3,1,3,3,3,3,'INTEGRAL','INTEGRAL','INTEGRAL','INTEGRAL_ECO_SOINS_COUR_AUDIO'),(1941,'PSP',3,2,4,1,3,3,3,3,'INTEGRAL','INTEGRAL','INTEGRAL','INTEGRAL_ECO_OPT'),(1942,'PSP',4,2,3,1,3,3,3,3,'INTEGRAL','INTEGRAL','INTEGRAL','INTEGRAL_ECO_OPT'),(1943,'PSP',3,4,2,1,3,3,3,3,'INTEGRAL','INTEGRAL','INTEGRAL','INTEGRAL_ECO_SOINS_COUR_AUDIO'),(1944,'PSP',4,3,2,1,3,3,3,3,'INTEGRAL','INTEGRAL','INTEGRAL','INTEGRAL_ECO_SOINS_COUR_AUDIO');
/*!40000 ALTER TABLE `formule_recommandee` ENABLE KEYS */;
UNLOCK TABLES;

--
-- Table structure for table `formule_socle`
--

DROP TABLE IF EXISTS `formule_socle`;
/*!40101 SET @saved_cs_client     = @@character_set_client */;
/*!40101 SET character_set_client = utf8 */;
CREATE TABLE `formule_socle` (
  `code` varchar(20) NOT NULL,
  `libelle` varchar(100) NOT NULL,
  `produit` varchar(10) NOT NULL,
  `niveau` decimal(10,0) NOT NULL,
  `age_min` decimal(10,0) NOT NULL,
  `age_max` decimal(10,0) NOT NULL,
  `est_formule_responsable` bit(1) NOT NULL,
  PRIMARY KEY (`code`),
  KEY `formule_socle_a_produit_fk` (`produit`),
  CONSTRAINT `formule_socle_a_produit_fk` FOREIGN KEY (`produit`) REFERENCES `produit` (`code`)
) ENGINE=InnoDB DEFAULT CHARSET=latin1;
/*!40101 SET character_set_client = @saved_cs_client */;

--
-- Dumping data for table `formule_socle`
--

LOCK TABLES `formule_socle` WRITE;
/*!40000 ALTER TABLE `formule_socle` DISABLE KEYS */;
INSERT INTO `formule_socle` VALUES ('ETENDU','ETENDU','PSP',4,16,90,''),('HOSPI','HOSPI','PSP',1,16,90,'\0'),('INITIAL','INITIAL','PSP',2,16,90,'\0'),('INTEGRAL','INTEGRAL','PSP',5,16,90,''),('INTERMEDIAIRE','INTERMEDIAIRE','PSP',3,16,90,'');
/*!40000 ALTER TABLE `formule_socle` ENABLE KEYS */;
UNLOCK TABLES;

--
-- Table structure for table `garantie`
--

DROP TABLE IF EXISTS `garantie`;
/*!40101 SET @saved_cs_client     = @@character_set_client */;
/*!40101 SET character_set_client = utf8 */;
CREATE TABLE `garantie` (
  `num_ligne_id` decimal(10,0) NOT NULL,
  `produit` varchar(10) NOT NULL,
  `type_garantie` varchar(50) NOT NULL,
  `libelle` varchar(300) NOT NULL,
  `type_libelle` varchar(50) NOT NULL,
  `niveau_profondeur` decimal(10,0) NOT NULL,
  `garantie_phare` bit(1) DEFAULT b'0',
  `numero_note_renvoi_bas_page` decimal(10,0) DEFAULT NULL,
  PRIMARY KEY (`num_ligne_id`,`produit`),
  KEY `garantie_a_produit_fk` (`produit`),
  KEY `garantie_a_type_garantie_fk` (`type_garantie`),
  KEY `garantie_a_type_libelle_garantie_fk` (`type_libelle`),
  CONSTRAINT `garantie_a_produit_fk` FOREIGN KEY (`produit`) REFERENCES `produit` (`code`),
  CONSTRAINT `garantie_a_type_garantie_fk` FOREIGN KEY (`type_garantie`) REFERENCES `type_garantie` (`code`),
  CONSTRAINT `garantie_a_type_libelle_garantie_fk` FOREIGN KEY (`type_libelle`) REFERENCES `type_libelle_garantie` (`code`)
) ENGINE=InnoDB DEFAULT CHARSET=latin1;
/*!40101 SET character_set_client = @saved_cs_client */;

--
-- Dumping data for table `garantie`
--

LOCK TABLES `garantie` WRITE;
/*!40000 ALTER TABLE `garantie` DISABLE KEYS */;
INSERT INTO `garantie` VALUES (1000,'PSP','HOSPIT','HOSPITALISATION','POSTE',0,'\0',NULL),(1010,'PSP','HOSPIT','Frais de séjour','TITRE',0,'\0',NULL),(1020,'PSP','HOSPIT','En établissement conventionné','GARANTIE',0,'\0',NULL),(1030,'PSP','HOSPIT','Honoraires','TITRE',0,'\0',NULL),(1040,'PSP','HOSPIT','Praticien adhérent aux dispositifs de pratique tarifaire maîtrisée* en établissement conventionné','GARANTIE',0,'',NULL),(1050,'PSP','HOSPIT','Praticien non adhérent aux dispositifs de pratique tarifaire maîtrisée* en établissement conventionné','GARANTIE',0,'',NULL),(1060,'PSP','HOSPIT','Forfait journalier hospitalier','TITRE',0,'\0',NULL),(1070,'PSP','HOSPIT','Non remboursé par la Sécurité sociale - sans limitation de durée','GARANTIE',0,'',NULL),(1080,'PSP','HOSPIT','Chambre particulière','TITRE',0,'\0',NULL),(1090,'PSP','HOSPIT','Chambre particulière - par nuitée','GARANTIE',0,'',NULL),(1100,'PSP','HOSPIT','Chambre particulière (hospitalisation en ambulatoire) - par journée','GARANTIE',0,'\0',NULL),(1110,'PSP','HOSPIT','Frais d\'accompagnant','TITRE',0,'\0',NULL),(1120,'PSP','HOSPIT','Lit, transport, repas','GARANTIE',0,'\0',NULL),(1130,'PSP','HOSPIT','Hospitalisation à domicile (HAD)','TITRE',0,'\0',NULL),(1140,'PSP','HOSPIT','Soins et honoraires remboursés par la Sécurité sociale','GARANTIE',0,'\0',NULL),(1150,'PSP','HOSPIT','Avantages','TITRE',0,'\0',NULL),(1160,'PSP','HOSPIT','Votre carte de tiers payant pour ne pas avancer les frais d\'hospitalisation','COMMENTAIRE',1,'\0',NULL),(1170,'PSP','HOSPIT','Assistance à domicile en cas d\'hospitalisation imprévue ou programmée, de chirurgie ambulatoire ou d\'immobilisation à domicile  (aide-ménagère, garde d\'animaux, déplacement d\'un proche à votre chevet…)','COMMENTAIRE',1,'',NULL),(1180,'PSP','HOSPIT','Compar\'Hospit, votre guide et comparateur d’hôpitaux et de cliniques','COMMENTAIRE',1,'',NULL),(1190,'PSP','HOSPIT','Devis Conseil Hospi, votre simulateur de reste à charge (réponse sous 48h) et information sur la conformité des tarifs pratiqués','COMMENTAIRE',1,'',NULL),(1200,'PSP','HOSPIT','Liberhos : Trouvez facilement un professionnel des soins à domicile et obtenez un RDV rapidement via la plateforme LIBERHOS','COMMENTAIRE',1,'\0',NULL),(2000,'PSP','DENTAIRE','DENTAIRE','POSTE',0,'\0',NULL),(2010,'PSP','DENTAIRE','Soins et prothèses 100% Santé**','TITRE',0,'\0',NULL),(2020,'PSP','DENTAIRE','Soins dentaires courants et prothèses dentaires','GARANTIE',0,'',NULL),(2030,'PSP','DENTAIRE','Soins et prothèses autres que 100% Santé**','TITRE',0,'\0',NULL),(2040,'PSP','DENTAIRE','Soins dentaires remboursés par la Sécurité sociale','GARANTIE',0,'',NULL),(2050,'PSP','DENTAIRE','Dans le réseau Kalixia','TITRE',0,'\0',NULL),(2060,'PSP','DENTAIRE','Prothèses dentaires remboursées par la Sécurité sociale','GARANTIE',1,'',NULL),(2070,'PSP','DENTAIRE','Soins dentaires, couronnes et implantologie (scanner, pose de l\'implant, pilier implantaire) non remboursés par la Sécurité sociale','GARANTIE',1,'\0',NULL),(2080,'PSP','DENTAIRE','Bonus réseau Kalixia en cas de non consommation (hors soins dentaires remboursés par la Sécurité sociale) durant 3 années civiles consécutives','GARANTIE',0,'\0',NULL),(2090,'PSP','DENTAIRE','Bonus réseau Kalixia en cas de non consommation (hors soins dentaires remboursés par la Sécurité sociale) durant 5 années civiles consécutives','GARANTIE',0,'\0',NULL),(2100,'PSP','DENTAIRE','Hors réseau Kalixia','TITRE',0,'\0',NULL),(2110,'PSP','DENTAIRE','Prothèses dentaires remboursées par la Sécurité sociale','GARANTIE',1,'\0',NULL),(2120,'PSP','DENTAIRE','Soins dentaires, couronnes et implantologie (scanner, pose de l\'implant, pilier implantaire) non remboursés par la Sécurité sociale','GARANTIE',1,'\0',NULL),(2130,'PSP','DENTAIRE','Orthodontie remboursée par la Sécurité sociale','TITRE',0,'\0',NULL),(2140,'PSP','DENTAIRE','Orthodontie','GARANTIE',1,'\0',NULL),(2150,'PSP','DENTAIRE','Votre fidélité récompensée année 3 & 4 :','GARANTIE',0,'\0',NULL),(2160,'PSP','DENTAIRE','Votre fidélité récompensée année 5 & suivantes :','GARANTIE',0,'\0',NULL),(2170,'PSP','DENTAIRE','Avantages','TITRE',0,'\0',NULL),(2180,'PSP','DENTAIRE','Kalixia Dentaire : Sur présentation de votre carte de tiers payant, nos chirurgiens-dentistes partenaires vous proposent : un devis automatisé avec réponse immédiate, une dispense d’avance de frais, des honoraires plafonnés et une prise en charge en cas d’urgence avérée','COMMENTAIRE',1,'',NULL),(2190,'PSP','DENTAIRE','Devis Conseil Dentaire : Evaluez le coût d’une prestation, le positionnement prix de votre professionnel de santé et votre éventuel reste à charge pour vous équiper en toute sérénité.','COMMENTAIRE',1,'',NULL),(3000,'PSP','OPTIQUE','OPTIQUE','POSTE',0,'\0',NULL),(3010,'PSP','OPTIQUE','Equipement 100% Santé**','TITRE',0,'\0',NULL),(3020,'PSP','OPTIQUE','Monture et verres (Classe A***) et facturation de l\'examen d\'adaptation correctrice de la vue et l\'appairage des verres par l\'opticien','GARANTIE',0,'',NULL),(3030,'PSP','OPTIQUE','Equipement autre que 100 % Santé**','TITRE',0,'\0',NULL),(3040,'PSP','OPTIQUE','Monture (Classe B***) dans le réseau Kalixia','GARANTIE',0,'',NULL),(3050,'PSP','OPTIQUE','Bonus réseau Kalixia en cas de non-consommation durant 4 années consécutives - par monture','GARANTIE',0,'\0',NULL),(3060,'PSP','OPTIQUE','Monture (Classe B***) hors réseau KALIXIA','GARANTIE',0,'\0',NULL),(3070,'PSP','OPTIQUE','1 verre simple (Classe B***) dans le réseau Kalixia','GARANTIE',0,'',NULL),(3080,'PSP','OPTIQUE','1 verre simple (Classe B***) hors réseau Kalixia','GARANTIE',0,'\0',NULL),(3090,'PSP','OPTIQUE','1 verre complexe ou très complexe (Classe B***) dans le réseau Kalixia','GARANTIE',0,'',NULL),(3100,'PSP','OPTIQUE','1 verre complexe ou très complexe (Classe B***) hors réseau Kalixia','GARANTIE',0,'\0',NULL),(3110,'PSP','OPTIQUE','Facturation de l\'examen d\'adaptation correctrice de la vue par l\'opticien','GARANTIE',0,'\0',NULL),(3120,'PSP','OPTIQUE','Autres postes optique','TITRE',0,'\0',NULL),(3130,'PSP','OPTIQUE','Lentilles prescrites remboursées dans le réseau KALIXIA - par an et par bénéficiaire','GARANTIE',0,'\0',NULL),(3140,'PSP','OPTIQUE','Lentilles prescrites remboursées hors réseau KALIXIA - par an et par bénéficiaire','GARANTIE',0,'\0',NULL),(3150,'PSP','OPTIQUE','Lentilles prescrites, y compris jetables, non remboursées - par an et par bénéficiaire\nChirurgie optique réfractive\nImplants multifocaux non remboursés par la Sécurité sociale','GARANTIE',0,'\0',NULL),(3160,'PSP','OPTIQUE','Votre fidélité récompensée année 3 & 4','GARANTIE',0,'\0',NULL),(3170,'PSP','OPTIQUE','Votre fidélité récompensée année 5 & suivantes','GARANTIE',0,'\0',NULL),(3180,'PSP','OPTIQUE','Avantages','TITRE',0,'\0',NULL),(3190,'PSP','OPTIQUE','Votre carte de tiers payant pour ne pas avancer les frais','COMMENTAIRE',1,'\0',NULL),(3200,'PSP','OPTIQUE','Réseau Kalixia optique : nos 5 200 opticiens partenaires vous proposent jusqu’à 40 % de réduction sur les verres, 20 % minimum sur les montures et le remplacement de votre équipement optique en cas de casse.','COMMENTAIRE',1,'',NULL),(3210,'PSP','OPTIQUE','Devis Conseil Optique : Evaluez le coût d’une prestation, le positionnement prix de votre professionnel de santé et votre éventuel reste à charge pour vous équiper en toute sérénité.','COMMENTAIRE',1,'',NULL),(3220,'PSP','OPTIQUE','Centres Points Vision : Obtenez un rendez-vous rapide sous 48h avec un ophtalmologue. Vous pouvez choisir la date et l’heure de RDV directement via l\'agenda en ligne dans l\'Espace Client Particulier !','COMMENTAIRE',1,'',NULL),(4000,'PSP','AUDIO','AIDE AUDITIVE - par oreille (renouvellement par appareil tous les 4 ans)','POSTE',0,'\0',NULL),(4010,'PSP','AUDIO','Equipement 100% Santé**','TITRE',0,'\0',NULL),(4020,'PSP','AUDIO','Equipement classe  I ***','GARANTIE',0,'',NULL),(4030,'PSP','AUDIO','Equipement autre que 100% Santé - Limité à 1700 € TTC par aide auditive (hors accessoires) y compris le remboursement de la Sécurité sociale','TITRE',0,'\0',NULL),(4040,'PSP','AUDIO','Equipement classe II ***  dans le réseau KALIXIA','GARANTIE',0,'',NULL),(4050,'PSP','AUDIO','Equipement classe II *** hors réseau KALIXIA','GARANTIE',0,'\0',NULL),(4060,'PSP','AUDIO','Accessoires et fournitures remboursés par la Sécurité sociale','TITRE',0,'\0',NULL),(4070,'PSP','AUDIO','Accessoires et fournitures remboursés par la Sécurité sociale','GARANTIE',0,'\0',NULL),(4080,'PSP','AUDIO','Votre fidélité récompensée année 3 & 4','GARANTIE',0,'\0',NULL),(4090,'PSP','AUDIO','Votre fidélité récompensée année 5 & suivantes','GARANTIE',0,'\0',NULL),(4100,'PSP','AUDIO','Avantages','TITRE',0,'\0',NULL),(4110,'PSP','AUDIO','Votre carte de tiers payant pour ne pas avancer les frais','COMMENTAIRE',1,'\0',NULL),(4120,'PSP','AUDIO','Kalixia Audio : Avec nos 3200 centres audioprothèses profitez d\'une couverture en cas de panne pendant 4 ans, un kit d’entretien, un dépistage gratuit et le tiers payant dans la limite de vos garanties','COMMENTAIRE',1,'',NULL),(5000,'PSP','SOINS_COURANTS','SOINS COURANTS','POSTE',0,'\0',NULL),(5010,'PSP','SOINS_COURANTS','Honoraires médicaux - Consultation / visite / consultation en ligne','TITRE',0,'\0',NULL),(5020,'PSP','SOINS_COURANTS','Consultations de Généralistes et Spécialistes adhérents aux dispositifs de pratique tarifaire maîtrisée*','GARANTIE',0,'',NULL),(5030,'PSP','SOINS_COURANTS','Consultations de Généralistes et Spécialistes non adhérents aux dispositifs de pratique tarifaire maîtrisée*','GARANTIE',0,'\0',NULL),(5040,'PSP','SOINS_COURANTS','Actes techniques médicaux et Actes d\'imagerie médicale adhérents aux dispositifs de pratique tarifaire maîtrisée*','GARANTIE',0,'',NULL),(5050,'PSP','SOINS_COURANTS','Actes techniques médicaux et Actes d\'imagerie médicale non adhérents aux dispositifs de pratique tarifaire maîtrisée*','GARANTIE',0,'\0',NULL),(5060,'PSP','SOINS_COURANTS','Honoraires paramédicaux','TITRE',0,'\0',NULL),(5070,'PSP','SOINS_COURANTS','Honoraires remboursés par la Sécurité sociale','GARANTIE',0,'\0',NULL),(5080,'PSP','SOINS_COURANTS','Pédicure-podologue - par séance','GARANTIE',0,'\0',NULL),(5090,'PSP','SOINS_COURANTS','Analyses et examens de laboratoire','TITRE',0,'\0',NULL),(5100,'PSP','SOINS_COURANTS','Analyses et examens de laboratoire','GARANTIE',0,'',NULL),(5110,'PSP','SOINS_COURANTS','Médicaments','TITRE',0,'\0',NULL),(5120,'PSP','SOINS_COURANTS','Médicaments remboursés à 65 % par la Sécurité sociale','GARANTIE',0,'\0',NULL),(5130,'PSP','SOINS_COURANTS','Médicaments remboursés à 30 % par la Sécurité sociale','GARANTIE',0,'\0',NULL),(5140,'PSP','SOINS_COURANTS','Médicaments remboursés à 15 % par la Sécurité sociale','GARANTIE',0,'',NULL),(5150,'PSP','SOINS_COURANTS','Honoraires de dispensation du pharmacien y compris la vaccination antigrippale','GARANTIE',0,'\0',NULL),(5160,'PSP','SOINS_COURANTS','Frais de transport sanitaire','TITRE',0,'\0',NULL),(5170,'PSP','SOINS_COURANTS','Ambulance, taxi conventionné - hors SMUR','GARANTIE',0,'\0',NULL),(5180,'PSP','SOINS_COURANTS','Matériel médical','TITRE',0,'\0',NULL),(5190,'PSP','SOINS_COURANTS','Appareillage et prothèses médicales, hors aide auditive et optique','GARANTIE',0,'\0',NULL),(5200,'PSP','SOINS_COURANTS','Cures thermales','TITRE',0,'\0',NULL),(5210,'PSP','SOINS_COURANTS','Cure thermale en France remboursée par la Sécurité sociale (Forfait global honoraires, traitement, hébergement et transport)','GARANTIE',0,'\0',NULL),(5220,'PSP','SOINS_COURANTS','Médecine aditionnelle','TITRE',0,'\0',NULL),(5230,'PSP','SOINS_COURANTS','Ostéopathe, homéopathe, étiopathe, mésothérapeute, acupuncteur - par séance','GARANTIE',0,'\0',NULL),(5240,'PSP','SOINS_COURANTS','Prévention','TITRE',0,'\0',NULL),(5250,'PSP','SOINS_COURANTS','Tout acte de prévention remboursé par la Sécurité sociale','GARANTIE',0,'\0',NULL),(5260,'PSP','SOINS_COURANTS','Avantages','TITRE',0,'\0',NULL),(5270,'PSP','SOINS_COURANTS','Votre carte de tiers payant pour ne pas avancer les frais','COMMENTAIRE',1,'\0',NULL),(5280,'PSP','SOINS_COURANTS','Sport sur ordonnance - forfait tous les 2 ans','COMMENTAIRE',1,'\0',NULL),(5290,'PSP','SOINS_COURANTS','Des centres de santé avec des spécialistes qui proposent des consultations sans dépassements d\'honoraires','COMMENTAIRE',1,'',NULL),(5300,'PSP','SOINS_COURANTS','Kalixia Ostéo : Bénéficiez d\'un accès privilégié à nos ostéopathes partenaires, référencés pour la qualité de leur pratique professionnelle avec des honoraires encadrés, conformes aux pratiques du marché et la possibilité de prendre rendez-vous en ligne','COMMENTAIRE',1,'\0',NULL),(5310,'PSP','SOINS_COURANTS','2ème avis médical : Un service en ligne qui permet en cas de problèmes de santé sérieux (opération lourde, cancer etc.), d’obtenir un second avis médical en moins de 7 jours ouvrables auprès d’un médecin expert de la maladie.','COMMENTAIRE',1,'',NULL),(5320,'PSP','SOINS_COURANTS','Téléconsultation (consultation par téléphone)','COMMENTAIRE',1,'',NULL),(6000,'PSP','BIEN_ETRE','Bien-être (Plafond global annuel)','POSTE',0,'\0',NULL),(6010,'PSP','BIEN_ETRE','Cure thermales en France remboursée par la Sécurité sociale','TITRE',0,'\0',NULL),(6020,'PSP','BIEN_ETRE','Supplément cure thermales (Forfait global incluant honoraires, traitement thermal, hébergement et transport)','GARANTIE',0,'',NULL),(6030,'PSP','BIEN_ETRE','Médecine additionnelle','TITRE',0,'\0',NULL),(6040,'PSP','BIEN_ETRE','Médicaments prescrits non remboursés par la Sécurité sociale dont homéopathie et médication officinale','GARANTIE',0,'\0',NULL),(6050,'PSP','BIEN_ETRE','Renfort ostéopathe, homéopathe, étiopathe, mésothérapeute, acupuncteur - maximum 25 € / séance','GARANTIE',0,'',NULL),(6060,'PSP','BIEN_ETRE','Renfort pédicure-podologue - maximum 25 € / séance','GARANTIE',0,'',NULL),(6070,'PSP','BIEN_ETRE','Pratiques complémentaires à la médecine (hypnose, sophrologie, réflexologie, shiatsu) - maximum 25 € / séance','GARANTIE',0,'\0',NULL),(6080,'PSP','BIEN_ETRE','Prévention','TITRE',0,'\0',NULL),(6090,'PSP','BIEN_ETRE','Vaccins non remboursés par la Sécurité sociale','GARANTIE',0,'\0',NULL),(6100,'PSP','BIEN_ETRE','Diététicien','GARANTIE',0,'\0',NULL),(6110,'PSP','BIEN_ETRE','Abonnements annuels aux clubs de sport et licences sportives (23)','GARANTIE',0,'',NULL),(6120,'PSP','BIEN_ETRE','Avantages','TITRE',0,'\0',NULL),(6130,'PSP','BIEN_ETRE','Kalixia Ostéo : Bénéficiez d\'un accès privilégié à nos ostéopathes partenaires, référencés pour la qualité de leur pratique professionnelle avec des honoraires encadrés, conformes aux pratiques du marché et la possibilité de prendre rendez-vous en ligne','COMMENTAIRE',1,'',NULL),(6140,'PSP','BIEN_ETRE','Médecines douces : Pour mieux vous orienter, nous avons choisi le réseau de thérapeutes Médoucine, qui recense des praticiens professionnels, sélectionnés pour leur sérieux','COMMENTAIRE',1,'',NULL),(7000,'PSP','CONFORT','Confort (Plafond global annuel)','POSTE',0,'\0',NULL),(7010,'PSP','CONFORT','Maternité','TITRE',0,'\0',NULL),(7020,'PSP','CONFORT','Allocation maternité y compris adoption plénière (doublée en cas de naissance gémellaire), limité à la dépense engagée','GARANTIE',0,'\0',NULL),(7030,'PSP','CONFORT','Fécondation in vitro, effectuée en France','GARANTIE',0,'\0',NULL),(7040,'PSP','CONFORT','Dentaire','TITRE',0,'\0',NULL),(7050,'PSP','CONFORT','Renfort orthodontie remboursée par la Sécurité sociale','GARANTIE',0,'',NULL),(7060,'PSP','CONFORT','Orthodontie non remboursée par la Sécurité sociale, sur avis du chirurgien-dentiste consultant','GARANTIE',0,'\0',NULL),(7070,'PSP','CONFORT','Optique','TITRE',0,'\0',NULL),(7080,'PSP','CONFORT','Lentilles prescrites non remboursées','GARANTIE',0,'\0',NULL),(7090,'PSP','CONFORT','Opération de la myopie, de l’hypermétropie, de l’astigmatie et de la presbytie par laser (chirurgie réfractive) - par œil','GARANTIE',0,'\0',NULL),(7100,'PSP','CONFORT','Implants multifocaux non remboursée par la Sécurité sociale - par œil','GARANTIE',0,'\0',NULL),(7110,'PSP','CONFORT','Médecine additionnelle','TITRE',0,'\0',NULL),(7120,'PSP','CONFORT','Médicaments prescrits non remboursés par la Sécurité sociale dont homéopathie et médication officinale','GARANTIE',0,'\0',NULL),(7130,'PSP','CONFORT','Renfort ostéopathe, chiropracteur, homéopathe, étiopathe, mésothérapeute, acupuncteur - maximum 25 € / séance','GARANTIE',0,'',NULL),(7140,'PSP','CONFORT','Consultation psychologue, psychomotricien, pédopsychiatre - maximum 25 € / séance','GARANTIE',0,'',NULL),(7150,'PSP','CONFORT','Pratiques complémentaires à la médecine (hypnose, sophrologie, réflexologie, shiatsu) - maximum 25 € / séance','GARANTIE',0,'\0',NULL),(7160,'PSP','CONFORT','Prévention','TITRE',0,'\0',NULL),(7170,'PSP','CONFORT','Vaccins non remboursés par la Sécurité sociale','GARANTIE',0,'\0',NULL),(7180,'PSP','CONFORT','Diététicien','GARANTIE',0,'\0',NULL),(7190,'PSP','CONFORT','Forfait contraception non remboursée par la Sécurité sociale','GARANTIE',0,'\0',NULL),(7200,'PSP','CONFORT','Abonnements annuels aux clubs de sport et licences sportives','GARANTIE',0,'',NULL),(7210,'PSP','CONFORT','Avantages','TITRE',0,'\0',NULL),(7220,'PSP','CONFORT','Kalixia Ostéo : Bénéficiez d\'un accès privilégié à nos ostéopathes partenaires, référencés pour la qualité de leur pratique professionnelle avec des honoraires encadrés, conformes aux pratiques du marché et la possibilité de prendre rendez-vous en ligne','COMMENTAIRE',1,'',NULL),(7230,'PSP','CONFORT','Médecines douces : Pour mieux vous orienter, nous avons choisi le réseau de thérapeutes Médoucine, qui recense des praticiens professionnels, sélectionnés pour leur sérieux','COMMENTAIRE',1,'',NULL);
/*!40000 ALTER TABLE `garantie` ENABLE KEYS */;
UNLOCK TABLES;

--
-- Table structure for table `generation_tarif`
--

DROP TABLE IF EXISTS `generation_tarif`;
/*!40101 SET @saved_cs_client     = @@character_set_client */;
/*!40101 SET character_set_client = utf8 */;
CREATE TABLE `generation_tarif` (
  `id` bigint(20) NOT NULL AUTO_INCREMENT,
  `date_debut_validite` date NOT NULL,
  `date_fin_validite` date NOT NULL DEFAULT '2099-12-31',
  `date_creation` timestamp NOT NULL DEFAULT CURRENT_TIMESTAMP,
  `date_modification` timestamp NOT NULL DEFAULT CURRENT_TIMESTAMP,
  PRIMARY KEY (`id`)
) ENGINE=InnoDB AUTO_INCREMENT=3 DEFAULT CHARSET=latin1;
/*!40101 SET character_set_client = @saved_cs_client */;

--
-- Dumping data for table `generation_tarif`
--

LOCK TABLES `generation_tarif` WRITE;
/*!40000 ALTER TABLE `generation_tarif` DISABLE KEYS */;
INSERT INTO `generation_tarif` VALUES (1,'2020-01-01','2020-12-31','2020-09-07 12:33:09','2020-11-18 23:00:00'),(2,'2021-01-01','2021-12-31','2020-12-10 10:14:51','2020-12-10 10:14:51');
/*!40000 ALTER TABLE `generation_tarif` ENABLE KEYS */;
UNLOCK TABLES;

--
-- Table structure for table `information_complementaire`
--

DROP TABLE IF EXISTS `information_complementaire`;
/*!40101 SET @saved_cs_client     = @@character_set_client */;
/*!40101 SET character_set_client = utf8 */;
CREATE TABLE `information_complementaire` (
  `id` decimal(10,0) NOT NULL,
  `libelle` varchar(100) NOT NULL,
  `message` varchar(1000) NOT NULL,
  `produit` varchar(50) DEFAULT NULL,
  PRIMARY KEY (`id`),
  KEY `information_complementaire_a_produit_code_fk` (`produit`),
  CONSTRAINT `information_complementaire_a_produit_code_fk` FOREIGN KEY (`produit`) REFERENCES `produit` (`code`)
) ENGINE=InnoDB DEFAULT CHARSET=latin1;
/*!40101 SET character_set_client = @saved_cs_client */;

--
-- Dumping data for table `information_complementaire`
--

LOCK TABLES `information_complementaire` WRITE;
/*!40000 ALTER TABLE `information_complementaire` DISABLE KEYS */;
INSERT INTO `information_complementaire` VALUES (1,'Notion de département','Ce produit est éligible pour les entreprises situées en France métropolitaine et DOM-TOM, sauf la Réunion (974)','PSP');
/*!40000 ALTER TABLE `information_complementaire` ENABLE KEYS */;
UNLOCK TABLES;

--
-- Table structure for table `note_bas_page`
--

DROP TABLE IF EXISTS `note_bas_page`;
/*!40101 SET @saved_cs_client     = @@character_set_client */;
/*!40101 SET character_set_client = utf8 */;
CREATE TABLE `note_bas_page` (
  `id` decimal(10,0) NOT NULL,
  `libelle` varchar(1000) NOT NULL
) ENGINE=InnoDB DEFAULT CHARSET=latin1;
/*!40101 SET character_set_client = @saved_cs_client */;

--
-- Dumping data for table `note_bas_page`
--

LOCK TABLES `note_bas_page` WRITE;
/*!40000 ALTER TABLE `note_bas_page` DISABLE KEYS */;
INSERT INTO `note_bas_page` VALUES (1,'-');
/*!40000 ALTER TABLE `note_bas_page` ENABLE KEYS */;
UNLOCK TABLES;

--
-- Table structure for table `prestation`
--

DROP TABLE IF EXISTS `prestation`;
/*!40101 SET @saved_cs_client     = @@character_set_client */;
/*!40101 SET character_set_client = utf8 */;
CREATE TABLE `prestation` (
  `code_formule` varchar(50) NOT NULL,
  `num_ligne_id_garantie` decimal(10,0) NOT NULL,
  `produit` varchar(10) NOT NULL,
  `date_effet_min` date NOT NULL,
  `date_effet_max` date NOT NULL,
  `valeur_1` varchar(50) DEFAULT NULL,
  `unite_1` varchar(50) DEFAULT NULL,
  `valeur_2` varchar(50) DEFAULT NULL,
  `unite_2` varchar(50) DEFAULT NULL,
  `niveau_remb_partage` varchar(5) DEFAULT NULL,
  `niveau_etoile` tinyint(3) unsigned DEFAULT NULL,
  PRIMARY KEY (`code_formule`,`num_ligne_id_garantie`,`produit`,`date_effet_min`),
  KEY `prestation_a_produit_fk` (`produit`),
  KEY `prestation_a_unite_prestation_2_fk` (`unite_2`),
  KEY `prestation_a_unite_prestation_1_fk` (`unite_1`),
  KEY `prestation_a_garantie_fk` (`num_ligne_id_garantie`),
  CONSTRAINT `prestation_a_formule_fk` FOREIGN KEY (`code_formule`) REFERENCES `formule` (`co_formule`),
  CONSTRAINT `prestation_a_garantie_fk` FOREIGN KEY (`num_ligne_id_garantie`) REFERENCES `garantie` (`num_ligne_id`),
  CONSTRAINT `prestation_a_produit_fk` FOREIGN KEY (`produit`) REFERENCES `produit` (`code`),
  CONSTRAINT `prestation_a_unite_prestation_1_fk` FOREIGN KEY (`unite_1`) REFERENCES `unite_prestation` (`code`),
  CONSTRAINT `prestation_a_unite_prestation_2_fk` FOREIGN KEY (`unite_2`) REFERENCES `unite_prestation` (`code`)
) ENGINE=InnoDB DEFAULT CHARSET=latin1;
/*!40101 SET character_set_client = @saved_cs_client */;

--
-- Dumping data for table `prestation`
--

LOCK TABLES `prestation` WRITE;
/*!40000 ALTER TABLE `prestation` DISABLE KEYS */;
INSERT INTO `prestation` VALUES ('BIEN_ETRE',6000,'PSP','2019-12-01','2099-12-31','150','EURO','',NULL,'',8),('BIEN_ETRE',6010,'PSP','2019-12-01','2099-12-31','',NULL,'',NULL,'',NULL),('BIEN_ETRE',6020,'PSP','2019-12-01','2099-12-31','75','EURO','',NULL,'',NULL),('BIEN_ETRE',6030,'PSP','2019-12-01','2099-12-31','',NULL,'',NULL,'',NULL),('BIEN_ETRE',6040,'PSP','2019-12-01','2099-12-31','75','EURO','',NULL,'',NULL),('BIEN_ETRE',6050,'PSP','2019-12-01','2099-12-31','',NULL,'',NULL,'OUI',NULL),('BIEN_ETRE',6060,'PSP','2019-12-01','2099-12-31','',NULL,'',NULL,'OUI',NULL),('BIEN_ETRE',6070,'PSP','2019-12-01','2099-12-31','',NULL,'',NULL,'OUI',NULL),('BIEN_ETRE',6080,'PSP','2019-12-01','2099-12-31','',NULL,'',NULL,'',NULL),('BIEN_ETRE',6090,'PSP','2019-12-01','2099-12-31','75','EURO','',NULL,'',NULL),('BIEN_ETRE',6100,'PSP','2019-12-01','2099-12-31','',NULL,'',NULL,'OUI',NULL),('BIEN_ETRE',6110,'PSP','2019-12-01','2099-12-31','',NULL,'',NULL,'OUI',NULL),('BIEN_ETRE',6120,'PSP','2019-12-01','2099-12-31','',NULL,'',NULL,'',NULL),('BIEN_ETRE',6130,'PSP','2019-12-01','2099-12-31','OUI',NULL,'',NULL,'',NULL),('BIEN_ETRE',6140,'PSP','2019-12-01','2099-12-31','OUI',NULL,'',NULL,'',NULL),('CONFORT',7000,'PSP','2019-12-01','2099-12-31','150','EURO','',NULL,'',8),('CONFORT',7010,'PSP','2019-12-01','2099-12-31','',NULL,'',NULL,'',NULL),('CONFORT',7020,'PSP','2019-12-01','2099-12-31','75','EURO','',NULL,'',NULL),('CONFORT',7030,'PSP','2019-12-01','2099-12-31','',NULL,'',NULL,'OUI',NULL),('CONFORT',7040,'PSP','2019-12-01','2099-12-31','',NULL,'',NULL,'',NULL),('CONFORT',7050,'PSP','2019-12-01','2099-12-31','75','EURO','',NULL,'',NULL),('CONFORT',7060,'PSP','2019-12-01','2099-12-31','',NULL,'',NULL,'OUI',NULL),('CONFORT',7070,'PSP','2019-12-01','2099-12-31','',NULL,'',NULL,'',NULL),('CONFORT',7080,'PSP','2019-12-01','2099-12-31','75','EURO','',NULL,'',NULL),('CONFORT',7090,'PSP','2019-12-01','2099-12-31','',NULL,'',NULL,'OUI',NULL),('CONFORT',7100,'PSP','2019-12-01','2099-12-31','',NULL,'',NULL,'OUI',NULL),('CONFORT',7110,'PSP','2019-12-01','2099-12-31','',NULL,'',NULL,'',NULL),('CONFORT',7120,'PSP','2019-12-01','2099-12-31','75','EURO','',NULL,'',NULL),('CONFORT',7130,'PSP','2019-12-01','2099-12-31','',NULL,'',NULL,'OUI',NULL),('CONFORT',7140,'PSP','2019-12-01','2099-12-31','',NULL,'',NULL,'OUI',NULL),('CONFORT',7150,'PSP','2019-12-01','2099-12-31','',NULL,'',NULL,'OUI',NULL),('CONFORT',7160,'PSP','2019-12-01','2099-12-31','',NULL,'',NULL,'',NULL),('CONFORT',7170,'PSP','2019-12-01','2099-12-31','75','EURO','',NULL,'',NULL),('CONFORT',7180,'PSP','2019-12-01','2099-12-31','',NULL,'',NULL,'OUI',NULL),('CONFORT',7190,'PSP','2019-12-01','2099-12-31','',NULL,'',NULL,'OUI',NULL),('CONFORT',7200,'PSP','2019-12-01','2099-12-31','',NULL,'',NULL,'OUI',NULL),('CONFORT',7210,'PSP','2019-12-01','2099-12-31','',NULL,'',NULL,'',NULL),('CONFORT',7220,'PSP','2019-12-01','2099-12-31','OUI',NULL,'',NULL,'',NULL),('CONFORT',7230,'PSP','2019-12-01','2099-12-31','OUI',NULL,'',NULL,'',NULL),('ETENDU',1000,'PSP','2019-12-01','2099-12-31','',NULL,'',NULL,'',6),('ETENDU',1010,'PSP','2019-12-01','2099-12-31','',NULL,'',NULL,'',NULL),('ETENDU',1020,'PSP','2019-12-01','2099-12-31','100','POURCENT_DE','',NULL,'',NULL),('ETENDU',1030,'PSP','2019-12-01','2099-12-31','',NULL,'',NULL,'',NULL),('ETENDU',1040,'PSP','2019-12-01','2099-12-31','180','POURCENT_BRSS','',NULL,'',NULL),('ETENDU',1050,'PSP','2019-12-01','2099-12-31','150','POURCENT_BRSS','',NULL,'',NULL),('ETENDU',1060,'PSP','2019-12-01','2099-12-31','',NULL,'',NULL,'',NULL),('ETENDU',1070,'PSP','2019-12-01','2099-12-31','100','POURCENT_DE','',NULL,'',NULL),('ETENDU',1080,'PSP','2019-12-01','2099-12-31','',NULL,'',NULL,'',NULL),('ETENDU',1090,'PSP','2019-12-01','2099-12-31','75','EURO','',NULL,'',NULL),('ETENDU',1100,'PSP','2019-12-01','2099-12-31','30','EURO','',NULL,'',NULL),('ETENDU',1110,'PSP','2019-12-01','2099-12-31','',NULL,'',NULL,'',NULL),('ETENDU',1120,'PSP','2019-12-01','2099-12-31','15','EURO','',NULL,'',NULL),('ETENDU',1130,'PSP','2019-12-01','2099-12-31','',NULL,'',NULL,'',NULL),('ETENDU',1140,'PSP','2019-12-01','2099-12-31','100','POURCENT_BRSS','',NULL,'',NULL),('ETENDU',1150,'PSP','2019-12-01','2099-12-31','',NULL,'',NULL,'',NULL),('ETENDU',1160,'PSP','2019-12-01','2099-12-31','OUI',NULL,'',NULL,'',NULL),('ETENDU',1170,'PSP','2019-12-01','2099-12-31','OUI',NULL,'',NULL,'',NULL),('ETENDU',1180,'PSP','2019-12-01','2099-12-31','OUI',NULL,'',NULL,'',NULL),('ETENDU',1190,'PSP','2019-12-01','2099-12-31','OUI',NULL,'',NULL,'',NULL),('ETENDU',1200,'PSP','2019-12-01','2099-12-31','OUI',NULL,'',NULL,'',NULL),('ETENDU',2000,'PSP','2019-12-01','2099-12-31','',NULL,'',NULL,'',6),('ETENDU',2010,'PSP','2019-12-01','2099-12-31','',NULL,'',NULL,'',NULL),('ETENDU',2020,'PSP','2019-12-01','2099-12-31','Sans reste à payer',NULL,'',NULL,'',NULL),('ETENDU',2030,'PSP','2019-12-01','2099-12-31','',NULL,'',NULL,'',NULL),('ETENDU',2040,'PSP','2019-12-01','2099-12-31','100','POURCENT_BRSS','',NULL,'',NULL),('ETENDU',2050,'PSP','2019-12-01','2099-12-31','',NULL,'',NULL,'',NULL),('ETENDU',2060,'PSP','2019-12-01','2099-12-31','180','POURCENT_BRSS','180','EURO','',NULL),('ETENDU',2070,'PSP','2019-12-01','2099-12-31','180','EURO','',NULL,'',NULL),('ETENDU',2080,'PSP','2019-12-01','2099-12-31','150','EURO','',NULL,'',NULL),('ETENDU',2090,'PSP','2019-12-01','2099-12-31','300','EURO','',NULL,'',NULL),('ETENDU',2100,'PSP','2019-12-01','2099-12-31','',NULL,'',NULL,'',NULL),('ETENDU',2110,'PSP','2019-12-01','2099-12-31','150','POURCENT_BRSS','150','EURO','',NULL),('ETENDU',2120,'PSP','2019-12-01','2099-12-31','150','EURO','',NULL,'',NULL),('ETENDU',2130,'PSP','2019-12-01','2099-12-31','',NULL,'',NULL,'',NULL),('ETENDU',2140,'PSP','2019-12-01','2099-12-31','150','POURCENT_BRSS','150','EURO','',NULL),('ETENDU',2150,'PSP','2019-12-01','2099-12-31','+ 75','EURO','',NULL,'',NULL),('ETENDU',2160,'PSP','2019-12-01','2099-12-31','+ 150','EURO','',NULL,'',NULL),('ETENDU',2170,'PSP','2019-12-01','2099-12-31','',NULL,'',NULL,'',NULL),('ETENDU',2180,'PSP','2019-12-01','2099-12-31','OUI',NULL,'',NULL,'',NULL),('ETENDU',2190,'PSP','2019-12-01','2099-12-31','OUI',NULL,'',NULL,'',NULL),('ETENDU',3000,'PSP','2019-12-01','2099-12-31','',NULL,'',NULL,'',6),('ETENDU',3010,'PSP','2019-12-01','2099-12-31','',NULL,'',NULL,'',NULL),('ETENDU',3020,'PSP','2019-12-01','2099-12-31','Sans reste à payer',NULL,'',NULL,'',NULL),('ETENDU',3030,'PSP','2019-12-01','2099-12-31','',NULL,'',NULL,'',NULL),('ETENDU',3040,'PSP','2019-12-01','2099-12-31','90','EURO','',NULL,'',NULL),('ETENDU',3050,'PSP','2019-12-01','2099-12-31','15','EURO','',NULL,'',NULL),('ETENDU',3060,'PSP','2019-12-01','2099-12-31','75','EURO','',NULL,'',NULL),('ETENDU',3070,'PSP','2019-12-01','2099-12-31','100 € ou l\'offre <<Malin Prim\'>>',NULL,'',NULL,'',NULL),('ETENDU',3080,'PSP','2019-12-01','2099-12-31','100','EURO','',NULL,'',NULL),('ETENDU',3090,'PSP','2019-12-01','2099-12-31','200 € ou l\'offre <<Malin Prim\'>>',NULL,'',NULL,'',NULL),('ETENDU',3100,'PSP','2019-12-01','2099-12-31','150','EURO','',NULL,'',NULL),('ETENDU',3110,'PSP','2019-12-01','2099-12-31','100','POURCENT_BRSS','',NULL,'',NULL),('ETENDU',3120,'PSP','2019-12-01','2099-12-31','',NULL,'',NULL,'',NULL),('ETENDU',3130,'PSP','2019-12-01','2099-12-31','180','EURO','',NULL,'',NULL),('ETENDU',3140,'PSP','2019-12-01','2099-12-31','150','EURO','',NULL,'',NULL),('ETENDU',3150,'PSP','2019-12-01','2099-12-31','150','EURO','',NULL,'',NULL),('ETENDU',3160,'PSP','2019-12-01','2099-12-31','+ 30','EURO','',NULL,'',NULL),('ETENDU',3170,'PSP','2019-12-01','2099-12-31','+ 40','EURO','',NULL,'',NULL),('ETENDU',3180,'PSP','2019-12-01','2099-12-31','',NULL,'',NULL,'',NULL),('ETENDU',3190,'PSP','2019-12-01','2099-12-31','OUI',NULL,'',NULL,'',NULL),('ETENDU',3200,'PSP','2019-12-01','2099-12-31','OUI',NULL,'',NULL,'',NULL),('ETENDU',3210,'PSP','2019-12-01','2099-12-31','OUI',NULL,'',NULL,'',NULL),('ETENDU',3220,'PSP','2019-12-01','2099-12-31','OUI',NULL,'',NULL,'',NULL),('ETENDU',4000,'PSP','2019-12-01','2099-12-31','',NULL,'',NULL,'',6),('ETENDU',4010,'PSP','2019-12-01','2099-12-31','',NULL,'',NULL,'',NULL),('ETENDU',4020,'PSP','2019-12-01','2099-12-31','Sans reste à payer',NULL,'',NULL,'',NULL),('ETENDU',4030,'PSP','2019-12-01','2099-12-31','',NULL,'',NULL,'',NULL),('ETENDU',4040,'PSP','2019-12-01','2099-12-31','180','POURCENT_BRSS','180','EURO','',NULL),('ETENDU',4050,'PSP','2019-12-01','2099-12-31','150','POURCENT_BRSS','150','EURO','',NULL),('ETENDU',4060,'PSP','2019-12-01','2099-12-31','',NULL,'',NULL,'',NULL),('ETENDU',4070,'PSP','2019-12-01','2099-12-31','100','POURCENT_BRSS','',NULL,'',NULL),('ETENDU',4080,'PSP','2019-12-01','2099-12-31','+ 75','EURO','',NULL,'',NULL),('ETENDU',4090,'PSP','2019-12-01','2099-12-31','+ 150','EURO','',NULL,'',NULL),('ETENDU',4100,'PSP','2019-12-01','2099-12-31','',NULL,'',NULL,'',NULL),('ETENDU',4110,'PSP','2019-12-01','2099-12-31','OUI',NULL,'',NULL,'',NULL),('ETENDU',4120,'PSP','2019-12-01','2099-12-31','OUI',NULL,'',NULL,'',NULL),('ETENDU',5000,'PSP','2019-12-01','2099-12-31','',NULL,'',NULL,'',6),('ETENDU',5010,'PSP','2019-12-01','2099-12-31','',NULL,'',NULL,'',NULL),('ETENDU',5020,'PSP','2019-12-01','2099-12-31','180','POURCENT_BRSS','',NULL,'',NULL),('ETENDU',5030,'PSP','2019-12-01','2099-12-31','150','POURCENT_BRSS','',NULL,'',NULL),('ETENDU',5040,'PSP','2019-12-01','2099-12-31','180','POURCENT_BRSS','',NULL,'',NULL),('ETENDU',5050,'PSP','2019-12-01','2099-12-31','150','POURCENT_BRSS','',NULL,'',NULL),('ETENDU',5060,'PSP','2019-12-01','2099-12-31','',NULL,'',NULL,'',NULL),('ETENDU',5070,'PSP','2019-12-01','2099-12-31','150','POURCENT_BRSS','',NULL,'',NULL),('ETENDU',5080,'PSP','2019-12-01','2099-12-31','15','EURO','',NULL,'',NULL),('ETENDU',5090,'PSP','2019-12-01','2099-12-31','',NULL,'',NULL,'',NULL),('ETENDU',5100,'PSP','2019-12-01','2099-12-31','100','POURCENT_BRSS','',NULL,'',NULL),('ETENDU',5110,'PSP','2019-12-01','2099-12-31','',NULL,'',NULL,'',NULL),('ETENDU',5120,'PSP','2019-12-01','2099-12-31','100','POURCENT_DE','',NULL,'',NULL),('ETENDU',5130,'PSP','2019-12-01','2099-12-31','100','POURCENT_DE','',NULL,'',NULL),('ETENDU',5140,'PSP','2019-12-01','2099-12-31','100','POURCENT_DE','',NULL,'',NULL),('ETENDU',5150,'PSP','2019-12-01','2099-12-31','100','POURCENT_BRSS','',NULL,'',NULL),('ETENDU',5160,'PSP','2019-12-01','2099-12-31','',NULL,'',NULL,'',NULL),('ETENDU',5170,'PSP','2019-12-01','2099-12-31','100','POURCENT_BRSS','',NULL,'',NULL),('ETENDU',5180,'PSP','2019-12-01','2099-12-31','',NULL,'',NULL,'',NULL),('ETENDU',5190,'PSP','2019-12-01','2099-12-31','150','POURCENT_BRSS','150','EURO','',NULL),('ETENDU',5200,'PSP','2019-12-01','2099-12-31','',NULL,'',NULL,'',NULL),('ETENDU',5210,'PSP','2019-12-01','2099-12-31','150','EURO','',NULL,'',NULL),('ETENDU',5220,'PSP','2019-12-01','2099-12-31','',NULL,'',NULL,'',NULL),('ETENDU',5230,'PSP','2019-12-01','2099-12-31','15','EURO','',NULL,'',NULL),('ETENDU',5240,'PSP','2019-12-01','2099-12-31','',NULL,'',NULL,'',NULL),('ETENDU',5250,'PSP','2019-12-01','2099-12-31','100','POURCENT_BRSS','',NULL,'',NULL),('ETENDU',5260,'PSP','2019-12-01','2099-12-31','',NULL,'',NULL,'',NULL),('ETENDU',5270,'PSP','2019-12-01','2099-12-31','OUI',NULL,'',NULL,'',NULL),('ETENDU',5280,'PSP','2019-12-01','2099-12-31','500','EURO','',NULL,'',NULL),('ETENDU',5290,'PSP','2019-12-01','2099-12-31','OUI',NULL,'',NULL,'',NULL),('ETENDU',5300,'PSP','2019-12-01','2099-12-31','OUI',NULL,'',NULL,'',NULL),('ETENDU',5310,'PSP','2019-12-01','2099-12-31','OUI',NULL,'',NULL,'',NULL),('ETENDU',5320,'PSP','2019-12-01','2099-12-31','OUI',NULL,'',NULL,'',NULL),('ETENDU_ECO_DENT',1000,'PSP','2019-12-01','2099-12-31','',NULL,'',NULL,'',6),('ETENDU_ECO_DENT',1010,'PSP','2019-12-01','2099-12-31','',NULL,'',NULL,'',NULL),('ETENDU_ECO_DENT',1020,'PSP','2019-12-01','2099-12-31','100','POURCENT_DE','',NULL,'',NULL),('ETENDU_ECO_DENT',1030,'PSP','2019-12-01','2099-12-31','',NULL,'',NULL,'',NULL),('ETENDU_ECO_DENT',1040,'PSP','2019-12-01','2099-12-31','180','POURCENT_BRSS','',NULL,'',NULL),('ETENDU_ECO_DENT',1050,'PSP','2019-12-01','2099-12-31','150','POURCENT_BRSS','',NULL,'',NULL),('ETENDU_ECO_DENT',1060,'PSP','2019-12-01','2099-12-31','',NULL,'',NULL,'',NULL),('ETENDU_ECO_DENT',1070,'PSP','2019-12-01','2099-12-31','100','POURCENT_DE','',NULL,'',NULL),('ETENDU_ECO_DENT',1080,'PSP','2019-12-01','2099-12-31','',NULL,'',NULL,'',NULL),('ETENDU_ECO_DENT',1090,'PSP','2019-12-01','2099-12-31','75','EURO','',NULL,'',NULL),('ETENDU_ECO_DENT',1100,'PSP','2019-12-01','2099-12-31','30','EURO','',NULL,'',NULL),('ETENDU_ECO_DENT',1110,'PSP','2019-12-01','2099-12-31','',NULL,'',NULL,'',NULL),('ETENDU_ECO_DENT',1120,'PSP','2019-12-01','2099-12-31','15','EURO','',NULL,'',NULL),('ETENDU_ECO_DENT',1130,'PSP','2019-12-01','2099-12-31','',NULL,'',NULL,'',NULL),('ETENDU_ECO_DENT',1140,'PSP','2019-12-01','2099-12-31','100','POURCENT_BRSS','',NULL,'',NULL),('ETENDU_ECO_DENT',1150,'PSP','2019-12-01','2099-12-31','',NULL,'',NULL,'',NULL),('ETENDU_ECO_DENT',1160,'PSP','2019-12-01','2099-12-31','OUI',NULL,'',NULL,'',NULL),('ETENDU_ECO_DENT',1170,'PSP','2019-12-01','2099-12-31','OUI',NULL,'',NULL,'',NULL),('ETENDU_ECO_DENT',1180,'PSP','2019-12-01','2099-12-31','OUI',NULL,'',NULL,'',NULL),('ETENDU_ECO_DENT',1190,'PSP','2019-12-01','2099-12-31','OUI',NULL,'',NULL,'',NULL),('ETENDU_ECO_DENT',1200,'PSP','2019-12-01','2099-12-31','OUI',NULL,'',NULL,'',NULL),('ETENDU_ECO_DENT',2000,'PSP','2019-12-01','2099-12-31','',NULL,'',NULL,'',5),('ETENDU_ECO_DENT',2010,'PSP','2019-12-01','2099-12-31','',NULL,'',NULL,'',NULL),('ETENDU_ECO_DENT',2020,'PSP','2019-12-01','2099-12-31','Sans reste à payer',NULL,'',NULL,'',NULL),('ETENDU_ECO_DENT',2030,'PSP','2019-12-01','2099-12-31','',NULL,'',NULL,'',NULL),('ETENDU_ECO_DENT',2040,'PSP','2019-12-01','2099-12-31','100','POURCENT_BRSS','',NULL,'',NULL),('ETENDU_ECO_DENT',2050,'PSP','2019-12-01','2099-12-31','',NULL,'',NULL,'',NULL),('ETENDU_ECO_DENT',2060,'PSP','2019-12-01','2099-12-31','180','POURCENT_BRSS','',NULL,'',NULL),('ETENDU_ECO_DENT',2070,'PSP','2019-12-01','2099-12-31','Non remboursé',NULL,'',NULL,'',NULL),('ETENDU_ECO_DENT',2080,'PSP','2019-12-01','2099-12-31','75','EURO','',NULL,'',NULL),('ETENDU_ECO_DENT',2090,'PSP','2019-12-01','2099-12-31','150','EURO','',NULL,'',NULL),('ETENDU_ECO_DENT',2100,'PSP','2019-12-01','2099-12-31','',NULL,'',NULL,'',NULL),('ETENDU_ECO_DENT',2110,'PSP','2019-12-01','2099-12-31','100','POURCENT_BRSS','',NULL,'',NULL),('ETENDU_ECO_DENT',2120,'PSP','2019-12-01','2099-12-31','Non remboursé',NULL,'',NULL,'',NULL),('ETENDU_ECO_DENT',2130,'PSP','2019-12-01','2099-12-31','',NULL,'',NULL,'',NULL),('ETENDU_ECO_DENT',2140,'PSP','2019-12-01','2099-12-31','100','POURCENT_BRSS','',NULL,'',NULL),('ETENDU_ECO_DENT',2150,'PSP','2019-12-01','2099-12-31','+ 37,50','EURO','',NULL,'',NULL),('ETENDU_ECO_DENT',2160,'PSP','2019-12-01','2099-12-31','+ 75','EURO','',NULL,'',NULL),('ETENDU_ECO_DENT',2170,'PSP','2019-12-01','2099-12-31','',NULL,'',NULL,'',NULL),('ETENDU_ECO_DENT',2180,'PSP','2019-12-01','2099-12-31','OUI',NULL,'',NULL,'',NULL),('ETENDU_ECO_DENT',2190,'PSP','2019-12-01','2099-12-31','OUI',NULL,'',NULL,'',NULL),('ETENDU_ECO_DENT',3000,'PSP','2019-12-01','2099-12-31','',NULL,'',NULL,'',6),('ETENDU_ECO_DENT',3010,'PSP','2019-12-01','2099-12-31','',NULL,'',NULL,'',NULL),('ETENDU_ECO_DENT',3020,'PSP','2019-12-01','2099-12-31','Sans reste à payer',NULL,'',NULL,'',NULL),('ETENDU_ECO_DENT',3030,'PSP','2019-12-01','2099-12-31','',NULL,'',NULL,'',NULL),('ETENDU_ECO_DENT',3040,'PSP','2019-12-01','2099-12-31','90','EURO','',NULL,'',NULL),('ETENDU_ECO_DENT',3050,'PSP','2019-12-01','2099-12-31','15','EURO','',NULL,'',NULL),('ETENDU_ECO_DENT',3060,'PSP','2019-12-01','2099-12-31','75','EURO','',NULL,'',NULL),('ETENDU_ECO_DENT',3070,'PSP','2019-12-01','2099-12-31','100 € ou l\'offre <<Malin Prim\'>>',NULL,'',NULL,'',NULL),('ETENDU_ECO_DENT',3080,'PSP','2019-12-01','2099-12-31','75','EURO','',NULL,'',NULL),('ETENDU_ECO_DENT',3090,'PSP','2019-12-01','2099-12-31','200 € ou l\'offre <<Malin Prim\'>>',NULL,'',NULL,'',NULL),('ETENDU_ECO_DENT',3100,'PSP','2019-12-01','2099-12-31','150','EURO','',NULL,'',NULL),('ETENDU_ECO_DENT',3110,'PSP','2019-12-01','2099-12-31','100','POURCENT_BRSS','',NULL,'',NULL),('ETENDU_ECO_DENT',3120,'PSP','2019-12-01','2099-12-31','',NULL,'',NULL,'',NULL),('ETENDU_ECO_DENT',3130,'PSP','2019-12-01','2099-12-31','180','EURO','',NULL,'',NULL),('ETENDU_ECO_DENT',3140,'PSP','2019-12-01','2099-12-31','150','EURO','',NULL,'',NULL),('ETENDU_ECO_DENT',3150,'PSP','2019-12-01','2099-12-31','150','EURO','',NULL,'',NULL),('ETENDU_ECO_DENT',3160,'PSP','2019-12-01','2099-12-31','+ 30','EURO','',NULL,'',NULL),('ETENDU_ECO_DENT',3170,'PSP','2019-12-01','2099-12-31','+ 40','EURO','',NULL,'',NULL),('ETENDU_ECO_DENT',3180,'PSP','2019-12-01','2099-12-31','',NULL,'',NULL,'',NULL),('ETENDU_ECO_DENT',3190,'PSP','2019-12-01','2099-12-31','OUI',NULL,'',NULL,'',NULL),('ETENDU_ECO_DENT',3200,'PSP','2019-12-01','2099-12-31','OUI',NULL,'',NULL,'',NULL),('ETENDU_ECO_DENT',3210,'PSP','2019-12-01','2099-12-31','OUI',NULL,'',NULL,'',NULL),('ETENDU_ECO_DENT',3220,'PSP','2019-12-01','2099-12-31','OUI',NULL,'',NULL,'',NULL),('ETENDU_ECO_DENT',4000,'PSP','2019-12-01','2099-12-31','',NULL,'',NULL,'',6),('ETENDU_ECO_DENT',4010,'PSP','2019-12-01','2099-12-31','',NULL,'',NULL,'',NULL),('ETENDU_ECO_DENT',4020,'PSP','2019-12-01','2099-12-31','Sans reste à payer',NULL,'',NULL,'',NULL),('ETENDU_ECO_DENT',4030,'PSP','2019-12-01','2099-12-31','',NULL,'',NULL,'',NULL),('ETENDU_ECO_DENT',4040,'PSP','2019-12-01','2099-12-31','180','POURCENT_BRSS','180','EURO','',NULL),('ETENDU_ECO_DENT',4050,'PSP','2019-12-01','2099-12-31','150','POURCENT_BRSS','150','EURO','',NULL),('ETENDU_ECO_DENT',4060,'PSP','2019-12-01','2099-12-31','',NULL,'',NULL,'',NULL),('ETENDU_ECO_DENT',4070,'PSP','2019-12-01','2099-12-31','100','POURCENT_BRSS','',NULL,'',NULL),('ETENDU_ECO_DENT',4080,'PSP','2019-12-01','2099-12-31','+ 75','EURO','',NULL,'',NULL),('ETENDU_ECO_DENT',4090,'PSP','2019-12-01','2099-12-31','+ 150','EURO','',NULL,'',NULL),('ETENDU_ECO_DENT',4100,'PSP','2019-12-01','2099-12-31','',NULL,'',NULL,'',NULL),('ETENDU_ECO_DENT',4110,'PSP','2019-12-01','2099-12-31','OUI',NULL,'',NULL,'',NULL),('ETENDU_ECO_DENT',4120,'PSP','2019-12-01','2099-12-31','OUI',NULL,'',NULL,'',NULL),('ETENDU_ECO_DENT',5000,'PSP','2019-12-01','2099-12-31','',NULL,'',NULL,'',6),('ETENDU_ECO_DENT',5010,'PSP','2019-12-01','2099-12-31','',NULL,'',NULL,'',NULL),('ETENDU_ECO_DENT',5020,'PSP','2019-12-01','2099-12-31','180','POURCENT_BRSS','',NULL,'',NULL),('ETENDU_ECO_DENT',5030,'PSP','2019-12-01','2099-12-31','150','POURCENT_BRSS','',NULL,'',NULL),('ETENDU_ECO_DENT',5040,'PSP','2019-12-01','2099-12-31','180','POURCENT_BRSS','',NULL,'',NULL),('ETENDU_ECO_DENT',5050,'PSP','2019-12-01','2099-12-31','150','POURCENT_BRSS','',NULL,'',NULL),('ETENDU_ECO_DENT',5060,'PSP','2019-12-01','2099-12-31','',NULL,'',NULL,'',NULL),('ETENDU_ECO_DENT',5070,'PSP','2019-12-01','2099-12-31','150','POURCENT_BRSS','',NULL,'',NULL),('ETENDU_ECO_DENT',5080,'PSP','2019-12-01','2099-12-31','15','EURO','',NULL,'',NULL),('ETENDU_ECO_DENT',5090,'PSP','2019-12-01','2099-12-31','',NULL,'',NULL,'',NULL),('ETENDU_ECO_DENT',5100,'PSP','2019-12-01','2099-12-31','100','POURCENT_BRSS','',NULL,'',NULL),('ETENDU_ECO_DENT',5110,'PSP','2019-12-01','2099-12-31','',NULL,'',NULL,'',NULL),('ETENDU_ECO_DENT',5120,'PSP','2019-12-01','2099-12-31','100','POURCENT_DE','',NULL,'',NULL),('ETENDU_ECO_DENT',5130,'PSP','2019-12-01','2099-12-31','100','POURCENT_DE','',NULL,'',NULL),('ETENDU_ECO_DENT',5140,'PSP','2019-12-01','2099-12-31','100','POURCENT_DE','',NULL,'',NULL),('ETENDU_ECO_DENT',5150,'PSP','2019-12-01','2099-12-31','100','POURCENT_BRSS','',NULL,'',NULL),('ETENDU_ECO_DENT',5160,'PSP','2019-12-01','2099-12-31','',NULL,'',NULL,'',NULL),('ETENDU_ECO_DENT',5170,'PSP','2019-12-01','2099-12-31','100','POURCENT_BRSS','',NULL,'',NULL),('ETENDU_ECO_DENT',5180,'PSP','2019-12-01','2099-12-31','',NULL,'',NULL,'',NULL),('ETENDU_ECO_DENT',5190,'PSP','2019-12-01','2099-12-31','150','POURCENT_BRSS','150','EURO','',NULL),('ETENDU_ECO_DENT',5200,'PSP','2019-12-01','2099-12-31','',NULL,'',NULL,'',NULL),('ETENDU_ECO_DENT',5210,'PSP','2019-12-01','2099-12-31','150','EURO','',NULL,'',NULL),('ETENDU_ECO_DENT',5220,'PSP','2019-12-01','2099-12-31','',NULL,'',NULL,'',NULL),('ETENDU_ECO_DENT',5230,'PSP','2019-12-01','2099-12-31','15','EURO','',NULL,'',NULL),('ETENDU_ECO_DENT',5240,'PSP','2019-12-01','2099-12-31','',NULL,'',NULL,'',NULL),('ETENDU_ECO_DENT',5250,'PSP','2019-12-01','2099-12-31','100','POURCENT_BRSS','',NULL,'',NULL),('ETENDU_ECO_DENT',5260,'PSP','2019-12-01','2099-12-31','',NULL,'',NULL,'',NULL),('ETENDU_ECO_DENT',5270,'PSP','2019-12-01','2099-12-31','OUI',NULL,'',NULL,'',NULL),('ETENDU_ECO_DENT',5280,'PSP','2019-12-01','2099-12-31','500','EURO','',NULL,'',NULL),('ETENDU_ECO_DENT',5290,'PSP','2019-12-01','2099-12-31','OUI',NULL,'',NULL,'',NULL),('ETENDU_ECO_DENT',5300,'PSP','2019-12-01','2099-12-31','OUI',NULL,'',NULL,'',NULL),('ETENDU_ECO_DENT',5310,'PSP','2019-12-01','2099-12-31','OUI',NULL,'',NULL,'',NULL),('ETENDU_ECO_DENT',5320,'PSP','2019-12-01','2099-12-31','OUI',NULL,'',NULL,'',NULL),('ETENDU_ECO_OPT',1000,'PSP','2019-12-01','2099-12-31','',NULL,'',NULL,'',6),('ETENDU_ECO_OPT',1010,'PSP','2019-12-01','2099-12-31','',NULL,'',NULL,'',NULL),('ETENDU_ECO_OPT',1020,'PSP','2019-12-01','2099-12-31','100','POURCENT_DE','',NULL,'',NULL),('ETENDU_ECO_OPT',1030,'PSP','2019-12-01','2099-12-31','',NULL,'',NULL,'',NULL),('ETENDU_ECO_OPT',1040,'PSP','2019-12-01','2099-12-31','180','POURCENT_BRSS','',NULL,'',NULL),('ETENDU_ECO_OPT',1050,'PSP','2019-12-01','2099-12-31','150','POURCENT_BRSS','',NULL,'',NULL),('ETENDU_ECO_OPT',1060,'PSP','2019-12-01','2099-12-31','',NULL,'',NULL,'',NULL),('ETENDU_ECO_OPT',1070,'PSP','2019-12-01','2099-12-31','100','POURCENT_DE','',NULL,'',NULL),('ETENDU_ECO_OPT',1080,'PSP','2019-12-01','2099-12-31','',NULL,'',NULL,'',NULL),('ETENDU_ECO_OPT',1090,'PSP','2019-12-01','2099-12-31','75','EURO','',NULL,'',NULL),('ETENDU_ECO_OPT',1100,'PSP','2019-12-01','2099-12-31','30','EURO','',NULL,'',NULL),('ETENDU_ECO_OPT',1110,'PSP','2019-12-01','2099-12-31','',NULL,'',NULL,'',NULL),('ETENDU_ECO_OPT',1120,'PSP','2019-12-01','2099-12-31','15','EURO','',NULL,'',NULL),('ETENDU_ECO_OPT',1130,'PSP','2019-12-01','2099-12-31','',NULL,'',NULL,'',NULL),('ETENDU_ECO_OPT',1140,'PSP','2019-12-01','2099-12-31','100','POURCENT_BRSS','',NULL,'',NULL),('ETENDU_ECO_OPT',1150,'PSP','2019-12-01','2099-12-31','',NULL,'',NULL,'',NULL),('ETENDU_ECO_OPT',1160,'PSP','2019-12-01','2099-12-31','OUI',NULL,'',NULL,'',NULL),('ETENDU_ECO_OPT',1170,'PSP','2019-12-01','2099-12-31','OUI',NULL,'',NULL,'',NULL),('ETENDU_ECO_OPT',1180,'PSP','2019-12-01','2099-12-31','OUI',NULL,'',NULL,'',NULL),('ETENDU_ECO_OPT',1190,'PSP','2019-12-01','2099-12-31','OUI',NULL,'',NULL,'',NULL),('ETENDU_ECO_OPT',1200,'PSP','2019-12-01','2099-12-31','OUI',NULL,'',NULL,'',NULL),('ETENDU_ECO_OPT',2000,'PSP','2019-12-01','2099-12-31','',NULL,'',NULL,'',6),('ETENDU_ECO_OPT',2010,'PSP','2019-12-01','2099-12-31','',NULL,'',NULL,'',NULL),('ETENDU_ECO_OPT',2020,'PSP','2019-12-01','2099-12-31','Sans reste à payer',NULL,'',NULL,'',NULL),('ETENDU_ECO_OPT',2030,'PSP','2019-12-01','2099-12-31','',NULL,'',NULL,'',NULL),('ETENDU_ECO_OPT',2040,'PSP','2019-12-01','2099-12-31','100','POURCENT_BRSS','',NULL,'',NULL),('ETENDU_ECO_OPT',2050,'PSP','2019-12-01','2099-12-31','',NULL,'',NULL,'',NULL),('ETENDU_ECO_OPT',2060,'PSP','2019-12-01','2099-12-31','180','POURCENT_BRSS','180','EURO','',NULL),('ETENDU_ECO_OPT',2070,'PSP','2019-12-01','2099-12-31','180','EURO','',NULL,'',NULL),('ETENDU_ECO_OPT',2080,'PSP','2019-12-01','2099-12-31','150','EURO','',NULL,'',NULL),('ETENDU_ECO_OPT',2090,'PSP','2019-12-01','2099-12-31','300','EURO','',NULL,'',NULL),('ETENDU_ECO_OPT',2100,'PSP','2019-12-01','2099-12-31','',NULL,'',NULL,'',NULL),('ETENDU_ECO_OPT',2110,'PSP','2019-12-01','2099-12-31','150','POURCENT_BRSS','150','EURO','',NULL),('ETENDU_ECO_OPT',2120,'PSP','2019-12-01','2099-12-31','150','EURO','',NULL,'',NULL),('ETENDU_ECO_OPT',2130,'PSP','2019-12-01','2099-12-31','',NULL,'',NULL,'',NULL),('ETENDU_ECO_OPT',2140,'PSP','2019-12-01','2099-12-31','150','POURCENT_BRSS','150','EURO','',NULL),('ETENDU_ECO_OPT',2150,'PSP','2019-12-01','2099-12-31','+ 75','EURO','',NULL,'',NULL),('ETENDU_ECO_OPT',2160,'PSP','2019-12-01','2099-12-31','+ 150','EURO','',NULL,'',NULL),('ETENDU_ECO_OPT',2170,'PSP','2019-12-01','2099-12-31','',NULL,'',NULL,'',NULL),('ETENDU_ECO_OPT',2180,'PSP','2019-12-01','2099-12-31','OUI',NULL,'',NULL,'',NULL),('ETENDU_ECO_OPT',2190,'PSP','2019-12-01','2099-12-31','OUI',NULL,'',NULL,'',NULL),('ETENDU_ECO_OPT',3000,'PSP','2019-12-01','2099-12-31','',NULL,'',NULL,'',3),('ETENDU_ECO_OPT',3010,'PSP','2019-12-01','2099-12-31','',NULL,'',NULL,'',NULL),('ETENDU_ECO_OPT',3020,'PSP','2019-12-01','2099-12-31','Sans reste à payer',NULL,'',NULL,'',NULL),('ETENDU_ECO_OPT',3030,'PSP','2019-12-01','2099-12-31','',NULL,'',NULL,'',NULL),('ETENDU_ECO_OPT',3040,'PSP','2019-12-01','2099-12-31','50','EURO','',NULL,'',NULL),('ETENDU_ECO_OPT',3050,'PSP','2019-12-01','2099-12-31','Non concerné',NULL,'',NULL,'',NULL),('ETENDU_ECO_OPT',3060,'PSP','2019-12-01','2099-12-31','50','EURO','',NULL,'',NULL),('ETENDU_ECO_OPT',3070,'PSP','2019-12-01','2099-12-31','25','EURO','',NULL,'',NULL),('ETENDU_ECO_OPT',3080,'PSP','2019-12-01','2099-12-31','25','EURO','',NULL,'',NULL),('ETENDU_ECO_OPT',3090,'PSP','2019-12-01','2099-12-31','75','EURO','',NULL,'',NULL),('ETENDU_ECO_OPT',3100,'PSP','2019-12-01','2099-12-31','75','EURO','',NULL,'',NULL),('ETENDU_ECO_OPT',3110,'PSP','2019-12-01','2099-12-31','100','POURCENT_BRSS','',NULL,'',NULL),('ETENDU_ECO_OPT',3120,'PSP','2019-12-01','2099-12-31','',NULL,'',NULL,'',NULL),('ETENDU_ECO_OPT',3130,'PSP','2019-12-01','2099-12-31','100','POURCENT_BRSS','',NULL,'',NULL),('ETENDU_ECO_OPT',3140,'PSP','2019-12-01','2099-12-31','100','POURCENT_BRSS','',NULL,'',NULL),('ETENDU_ECO_OPT',3150,'PSP','2019-12-01','2099-12-31','Non remboursé',NULL,'',NULL,'',NULL),('ETENDU_ECO_OPT',3160,'PSP','2019-12-01','2099-12-31','+ 15','EURO','',NULL,'',NULL),('ETENDU_ECO_OPT',3170,'PSP','2019-12-01','2099-12-31','+ 20','EURO','',NULL,'',NULL),('ETENDU_ECO_OPT',3180,'PSP','2019-12-01','2099-12-31','',NULL,'',NULL,'',NULL),('ETENDU_ECO_OPT',3190,'PSP','2019-12-01','2099-12-31','OUI',NULL,'',NULL,'',NULL),('ETENDU_ECO_OPT',3200,'PSP','2019-12-01','2099-12-31','OUI',NULL,'',NULL,'',NULL),('ETENDU_ECO_OPT',3210,'PSP','2019-12-01','2099-12-31','OUI',NULL,'',NULL,'',NULL),('ETENDU_ECO_OPT',3220,'PSP','2019-12-01','2099-12-31','OUI',NULL,'',NULL,'',NULL),('ETENDU_ECO_OPT',4000,'PSP','2019-12-01','2099-12-31','',NULL,'',NULL,'',6),('ETENDU_ECO_OPT',4010,'PSP','2019-12-01','2099-12-31','',NULL,'',NULL,'',NULL),('ETENDU_ECO_OPT',4020,'PSP','2019-12-01','2099-12-31','Sans reste à payer',NULL,'',NULL,'',NULL),('ETENDU_ECO_OPT',4030,'PSP','2019-12-01','2099-12-31','',NULL,'',NULL,'',NULL),('ETENDU_ECO_OPT',4040,'PSP','2019-12-01','2099-12-31','180','POURCENT_BRSS','180','EURO','',NULL),('ETENDU_ECO_OPT',4050,'PSP','2019-12-01','2099-12-31','150','POURCENT_BRSS','150','EURO','',NULL),('ETENDU_ECO_OPT',4060,'PSP','2019-12-01','2099-12-31','',NULL,'',NULL,'',NULL),('ETENDU_ECO_OPT',4070,'PSP','2019-12-01','2099-12-31','100','POURCENT_BRSS','',NULL,'',NULL),('ETENDU_ECO_OPT',4080,'PSP','2019-12-01','2099-12-31','+ 75','EURO','',NULL,'',NULL),('ETENDU_ECO_OPT',4090,'PSP','2019-12-01','2099-12-31','+ 150','EURO','',NULL,'',NULL),('ETENDU_ECO_OPT',4100,'PSP','2019-12-01','2099-12-31','',NULL,'',NULL,'',NULL),('ETENDU_ECO_OPT',4110,'PSP','2019-12-01','2099-12-31','OUI',NULL,'',NULL,'',NULL),('ETENDU_ECO_OPT',4120,'PSP','2019-12-01','2099-12-31','OUI',NULL,'',NULL,'',NULL),('ETENDU_ECO_OPT',5000,'PSP','2019-12-01','2099-12-31','',NULL,'',NULL,'',6),('ETENDU_ECO_OPT',5010,'PSP','2019-12-01','2099-12-31','',NULL,'',NULL,'',NULL),('ETENDU_ECO_OPT',5020,'PSP','2019-12-01','2099-12-31','180','POURCENT_BRSS','',NULL,'',NULL),('ETENDU_ECO_OPT',5030,'PSP','2019-12-01','2099-12-31','150','POURCENT_BRSS','',NULL,'',NULL),('ETENDU_ECO_OPT',5040,'PSP','2019-12-01','2099-12-31','180','POURCENT_BRSS','',NULL,'',NULL),('ETENDU_ECO_OPT',5050,'PSP','2019-12-01','2099-12-31','150','POURCENT_BRSS','',NULL,'',NULL),('ETENDU_ECO_OPT',5060,'PSP','2019-12-01','2099-12-31','',NULL,'',NULL,'',NULL),('ETENDU_ECO_OPT',5070,'PSP','2019-12-01','2099-12-31','150','POURCENT_BRSS','',NULL,'',NULL),('ETENDU_ECO_OPT',5080,'PSP','2019-12-01','2099-12-31','15','EURO','',NULL,'',NULL),('ETENDU_ECO_OPT',5090,'PSP','2019-12-01','2099-12-31','',NULL,'',NULL,'',NULL),('ETENDU_ECO_OPT',5100,'PSP','2019-12-01','2099-12-31','100','POURCENT_BRSS','',NULL,'',NULL),('ETENDU_ECO_OPT',5110,'PSP','2019-12-01','2099-12-31','',NULL,'',NULL,'',NULL),('ETENDU_ECO_OPT',5120,'PSP','2019-12-01','2099-12-31','100','POURCENT_DE','',NULL,'',NULL),('ETENDU_ECO_OPT',5130,'PSP','2019-12-01','2099-12-31','100','POURCENT_DE','',NULL,'',NULL),('ETENDU_ECO_OPT',5140,'PSP','2019-12-01','2099-12-31','100','POURCENT_DE','',NULL,'',NULL),('ETENDU_ECO_OPT',5150,'PSP','2019-12-01','2099-12-31','100','POURCENT_BRSS','',NULL,'',NULL),('ETENDU_ECO_OPT',5160,'PSP','2019-12-01','2099-12-31','',NULL,'',NULL,'',NULL),('ETENDU_ECO_OPT',5170,'PSP','2019-12-01','2099-12-31','100','POURCENT_BRSS','',NULL,'',NULL),('ETENDU_ECO_OPT',5180,'PSP','2019-12-01','2099-12-31','',NULL,'',NULL,'',NULL),('ETENDU_ECO_OPT',5190,'PSP','2019-12-01','2099-12-31','150','POURCENT_BRSS','150','EURO','',NULL),('ETENDU_ECO_OPT',5200,'PSP','2019-12-01','2099-12-31','',NULL,'',NULL,'',NULL),('ETENDU_ECO_OPT',5210,'PSP','2019-12-01','2099-12-31','150','EURO','',NULL,'',NULL),('ETENDU_ECO_OPT',5220,'PSP','2019-12-01','2099-12-31','',NULL,'',NULL,'',NULL),('ETENDU_ECO_OPT',5230,'PSP','2019-12-01','2099-12-31','15','EURO','',NULL,'',NULL),('ETENDU_ECO_OPT',5240,'PSP','2019-12-01','2099-12-31','',NULL,'',NULL,'',NULL),('ETENDU_ECO_OPT',5250,'PSP','2019-12-01','2099-12-31','100','POURCENT_BRSS','',NULL,'',NULL),('ETENDU_ECO_OPT',5260,'PSP','2019-12-01','2099-12-31','',NULL,'',NULL,'',NULL),('ETENDU_ECO_OPT',5270,'PSP','2019-12-01','2099-12-31','OUI',NULL,'',NULL,'',NULL),('ETENDU_ECO_OPT',5280,'PSP','2019-12-01','2099-12-31','500','EURO','',NULL,'',NULL),('ETENDU_ECO_OPT',5290,'PSP','2019-12-01','2099-12-31','OUI',NULL,'',NULL,'',NULL),('ETENDU_ECO_OPT',5300,'PSP','2019-12-01','2099-12-31','OUI',NULL,'',NULL,'',NULL),('ETENDU_ECO_OPT',5310,'PSP','2019-12-01','2099-12-31','OUI',NULL,'',NULL,'',NULL),('ETENDU_ECO_OPT',5320,'PSP','2019-12-01','2099-12-31','OUI',NULL,'',NULL,'',NULL),('ETENDU_ECO_OPT_DENT',1000,'PSP','2019-12-01','2099-12-31','',NULL,'',NULL,'',6),('ETENDU_ECO_OPT_DENT',1010,'PSP','2019-12-01','2099-12-31','',NULL,'',NULL,'',NULL),('ETENDU_ECO_OPT_DENT',1020,'PSP','2019-12-01','2099-12-31','100','POURCENT_DE','',NULL,'',NULL),('ETENDU_ECO_OPT_DENT',1030,'PSP','2019-12-01','2099-12-31','',NULL,'',NULL,'',NULL),('ETENDU_ECO_OPT_DENT',1040,'PSP','2019-12-01','2099-12-31','180','POURCENT_BRSS','',NULL,'',NULL),('ETENDU_ECO_OPT_DENT',1050,'PSP','2019-12-01','2099-12-31','150','POURCENT_BRSS','',NULL,'',NULL),('ETENDU_ECO_OPT_DENT',1060,'PSP','2019-12-01','2099-12-31','',NULL,'',NULL,'',NULL),('ETENDU_ECO_OPT_DENT',1070,'PSP','2019-12-01','2099-12-31','100','POURCENT_DE','',NULL,'',NULL),('ETENDU_ECO_OPT_DENT',1080,'PSP','2019-12-01','2099-12-31','',NULL,'',NULL,'',NULL),('ETENDU_ECO_OPT_DENT',1090,'PSP','2019-12-01','2099-12-31','75','EURO','',NULL,'',NULL),('ETENDU_ECO_OPT_DENT',1100,'PSP','2019-12-01','2099-12-31','30','EURO','',NULL,'',NULL),('ETENDU_ECO_OPT_DENT',1110,'PSP','2019-12-01','2099-12-31','',NULL,'',NULL,'',NULL),('ETENDU_ECO_OPT_DENT',1120,'PSP','2019-12-01','2099-12-31','15','EURO','',NULL,'',NULL),('ETENDU_ECO_OPT_DENT',1130,'PSP','2019-12-01','2099-12-31','',NULL,'',NULL,'',NULL),('ETENDU_ECO_OPT_DENT',1140,'PSP','2019-12-01','2099-12-31','100','POURCENT_BRSS','',NULL,'',NULL),('ETENDU_ECO_OPT_DENT',1150,'PSP','2019-12-01','2099-12-31','',NULL,'',NULL,'',NULL),('ETENDU_ECO_OPT_DENT',1160,'PSP','2019-12-01','2099-12-31','OUI',NULL,'',NULL,'',NULL),('ETENDU_ECO_OPT_DENT',1170,'PSP','2019-12-01','2099-12-31','OUI',NULL,'',NULL,'',NULL),('ETENDU_ECO_OPT_DENT',1180,'PSP','2019-12-01','2099-12-31','OUI',NULL,'',NULL,'',NULL),('ETENDU_ECO_OPT_DENT',1190,'PSP','2019-12-01','2099-12-31','OUI',NULL,'',NULL,'',NULL),('ETENDU_ECO_OPT_DENT',1200,'PSP','2019-12-01','2099-12-31','OUI',NULL,'',NULL,'',NULL),('ETENDU_ECO_OPT_DENT',2000,'PSP','2019-12-01','2099-12-31','',NULL,'',NULL,'',5),('ETENDU_ECO_OPT_DENT',2010,'PSP','2019-12-01','2099-12-31','',NULL,'',NULL,'',NULL),('ETENDU_ECO_OPT_DENT',2020,'PSP','2019-12-01','2099-12-31','Sans reste à payer',NULL,'',NULL,'',NULL),('ETENDU_ECO_OPT_DENT',2030,'PSP','2019-12-01','2099-12-31','',NULL,'',NULL,'',NULL),('ETENDU_ECO_OPT_DENT',2040,'PSP','2019-12-01','2099-12-31','100','POURCENT_BRSS','',NULL,'',NULL),('ETENDU_ECO_OPT_DENT',2050,'PSP','2019-12-01','2099-12-31','',NULL,'',NULL,'',NULL),('ETENDU_ECO_OPT_DENT',2060,'PSP','2019-12-01','2099-12-31','180','POURCENT_BRSS','',NULL,'',NULL),('ETENDU_ECO_OPT_DENT',2070,'PSP','2019-12-01','2099-12-31','Non remboursé',NULL,'',NULL,'',NULL),('ETENDU_ECO_OPT_DENT',2080,'PSP','2019-12-01','2099-12-31','75','EURO','',NULL,'',NULL),('ETENDU_ECO_OPT_DENT',2090,'PSP','2019-12-01','2099-12-31','150','EURO','',NULL,'',NULL),('ETENDU_ECO_OPT_DENT',2100,'PSP','2019-12-01','2099-12-31','',NULL,'',NULL,'',NULL),('ETENDU_ECO_OPT_DENT',2110,'PSP','2019-12-01','2099-12-31','100','POURCENT_BRSS','',NULL,'',NULL),('ETENDU_ECO_OPT_DENT',2120,'PSP','2019-12-01','2099-12-31','Non remboursé',NULL,'',NULL,'',NULL),('ETENDU_ECO_OPT_DENT',2130,'PSP','2019-12-01','2099-12-31','',NULL,'',NULL,'',NULL),('ETENDU_ECO_OPT_DENT',2140,'PSP','2019-12-01','2099-12-31','100','POURCENT_BRSS','',NULL,'',NULL),('ETENDU_ECO_OPT_DENT',2150,'PSP','2019-12-01','2099-12-31','+ 37,50','EURO','',NULL,'',NULL),('ETENDU_ECO_OPT_DENT',2160,'PSP','2019-12-01','2099-12-31','+ 75','EURO','',NULL,'',NULL),('ETENDU_ECO_OPT_DENT',2170,'PSP','2019-12-01','2099-12-31','',NULL,'',NULL,'',NULL),('ETENDU_ECO_OPT_DENT',2180,'PSP','2019-12-01','2099-12-31','OUI',NULL,'',NULL,'',NULL),('ETENDU_ECO_OPT_DENT',2190,'PSP','2019-12-01','2099-12-31','OUI',NULL,'',NULL,'',NULL),('ETENDU_ECO_OPT_DENT',3000,'PSP','2019-12-01','2099-12-31','',NULL,'',NULL,'',3),('ETENDU_ECO_OPT_DENT',3010,'PSP','2019-12-01','2099-12-31','',NULL,'',NULL,'',NULL),('ETENDU_ECO_OPT_DENT',3020,'PSP','2019-12-01','2099-12-31','Sans reste à payer',NULL,'',NULL,'',NULL),('ETENDU_ECO_OPT_DENT',3030,'PSP','2019-12-01','2099-12-31','',NULL,'',NULL,'',NULL),('ETENDU_ECO_OPT_DENT',3040,'PSP','2019-12-01','2099-12-31','50','EURO','',NULL,'',NULL),('ETENDU_ECO_OPT_DENT',3050,'PSP','2019-12-01','2099-12-31','Non concerné',NULL,'',NULL,'',NULL),('ETENDU_ECO_OPT_DENT',3060,'PSP','2019-12-01','2099-12-31','50','EURO','',NULL,'',NULL),('ETENDU_ECO_OPT_DENT',3070,'PSP','2019-12-01','2099-12-31','25','EURO','',NULL,'',NULL),('ETENDU_ECO_OPT_DENT',3080,'PSP','2019-12-01','2099-12-31','25','EURO','',NULL,'',NULL),('ETENDU_ECO_OPT_DENT',3090,'PSP','2019-12-01','2099-12-31','75','EURO','',NULL,'',NULL),('ETENDU_ECO_OPT_DENT',3100,'PSP','2019-12-01','2099-12-31','75','EURO','',NULL,'',NULL),('ETENDU_ECO_OPT_DENT',3110,'PSP','2019-12-01','2099-12-31','100','POURCENT_BRSS','',NULL,'',NULL),('ETENDU_ECO_OPT_DENT',3120,'PSP','2019-12-01','2099-12-31','',NULL,'',NULL,'',NULL),('ETENDU_ECO_OPT_DENT',3130,'PSP','2019-12-01','2099-12-31','100','POURCENT_BRSS','',NULL,'',NULL),('ETENDU_ECO_OPT_DENT',3140,'PSP','2019-12-01','2099-12-31','100','POURCENT_BRSS','',NULL,'',NULL),('ETENDU_ECO_OPT_DENT',3150,'PSP','2019-12-01','2099-12-31','Non remboursé',NULL,'',NULL,'',NULL),('ETENDU_ECO_OPT_DENT',3160,'PSP','2019-12-01','2099-12-31','+ 15','EURO','',NULL,'',NULL),('ETENDU_ECO_OPT_DENT',3170,'PSP','2019-12-01','2099-12-31','+ 20','EURO','',NULL,'',NULL),('ETENDU_ECO_OPT_DENT',3180,'PSP','2019-12-01','2099-12-31','',NULL,'',NULL,'',NULL),('ETENDU_ECO_OPT_DENT',3190,'PSP','2019-12-01','2099-12-31','OUI',NULL,'',NULL,'',NULL),('ETENDU_ECO_OPT_DENT',3200,'PSP','2019-12-01','2099-12-31','OUI',NULL,'',NULL,'',NULL),('ETENDU_ECO_OPT_DENT',3210,'PSP','2019-12-01','2099-12-31','OUI',NULL,'',NULL,'',NULL),('ETENDU_ECO_OPT_DENT',3220,'PSP','2019-12-01','2099-12-31','OUI',NULL,'',NULL,'',NULL),('ETENDU_ECO_OPT_DENT',4000,'PSP','2019-12-01','2099-12-31','',NULL,'',NULL,'',6),('ETENDU_ECO_OPT_DENT',4010,'PSP','2019-12-01','2099-12-31','',NULL,'',NULL,'',NULL),('ETENDU_ECO_OPT_DENT',4020,'PSP','2019-12-01','2099-12-31','Sans reste à payer',NULL,'',NULL,'',NULL),('ETENDU_ECO_OPT_DENT',4030,'PSP','2019-12-01','2099-12-31','',NULL,'',NULL,'',NULL),('ETENDU_ECO_OPT_DENT',4040,'PSP','2019-12-01','2099-12-31','180','POURCENT_BRSS','180','EURO','',NULL),('ETENDU_ECO_OPT_DENT',4050,'PSP','2019-12-01','2099-12-31','150','POURCENT_BRSS','150','EURO','',NULL),('ETENDU_ECO_OPT_DENT',4060,'PSP','2019-12-01','2099-12-31','',NULL,'',NULL,'',NULL),('ETENDU_ECO_OPT_DENT',4070,'PSP','2019-12-01','2099-12-31','100','POURCENT_BRSS','',NULL,'',NULL),('ETENDU_ECO_OPT_DENT',4080,'PSP','2019-12-01','2099-12-31','+ 75','EURO','',NULL,'',NULL),('ETENDU_ECO_OPT_DENT',4090,'PSP','2019-12-01','2099-12-31','+ 150','EURO','',NULL,'',NULL),('ETENDU_ECO_OPT_DENT',4100,'PSP','2019-12-01','2099-12-31','',NULL,'',NULL,'',NULL),('ETENDU_ECO_OPT_DENT',4110,'PSP','2019-12-01','2099-12-31','OUI',NULL,'',NULL,'',NULL),('ETENDU_ECO_OPT_DENT',4120,'PSP','2019-12-01','2099-12-31','OUI',NULL,'',NULL,'',NULL),('ETENDU_ECO_OPT_DENT',5000,'PSP','2019-12-01','2099-12-31','',NULL,'',NULL,'',6),('ETENDU_ECO_OPT_DENT',5010,'PSP','2019-12-01','2099-12-31','',NULL,'',NULL,'',NULL),('ETENDU_ECO_OPT_DENT',5020,'PSP','2019-12-01','2099-12-31','180','POURCENT_BRSS','',NULL,'',NULL),('ETENDU_ECO_OPT_DENT',5030,'PSP','2019-12-01','2099-12-31','150','POURCENT_BRSS','',NULL,'',NULL),('ETENDU_ECO_OPT_DENT',5040,'PSP','2019-12-01','2099-12-31','180','POURCENT_BRSS','',NULL,'',NULL),('ETENDU_ECO_OPT_DENT',5050,'PSP','2019-12-01','2099-12-31','150','POURCENT_BRSS','',NULL,'',NULL),('ETENDU_ECO_OPT_DENT',5060,'PSP','2019-12-01','2099-12-31','',NULL,'',NULL,'',NULL),('ETENDU_ECO_OPT_DENT',5070,'PSP','2019-12-01','2099-12-31','150','POURCENT_BRSS','',NULL,'',NULL),('ETENDU_ECO_OPT_DENT',5080,'PSP','2019-12-01','2099-12-31','15','EURO','',NULL,'',NULL),('ETENDU_ECO_OPT_DENT',5090,'PSP','2019-12-01','2099-12-31','',NULL,'',NULL,'',NULL),('ETENDU_ECO_OPT_DENT',5100,'PSP','2019-12-01','2099-12-31','100','POURCENT_BRSS','',NULL,'',NULL),('ETENDU_ECO_OPT_DENT',5110,'PSP','2019-12-01','2099-12-31','',NULL,'',NULL,'',NULL),('ETENDU_ECO_OPT_DENT',5120,'PSP','2019-12-01','2099-12-31','100','POURCENT_DE','',NULL,'',NULL),('ETENDU_ECO_OPT_DENT',5130,'PSP','2019-12-01','2099-12-31','100','POURCENT_DE','',NULL,'',NULL),('ETENDU_ECO_OPT_DENT',5140,'PSP','2019-12-01','2099-12-31','100','POURCENT_DE','',NULL,'',NULL),('ETENDU_ECO_OPT_DENT',5150,'PSP','2019-12-01','2099-12-31','100','POURCENT_BRSS','',NULL,'',NULL),('ETENDU_ECO_OPT_DENT',5160,'PSP','2019-12-01','2099-12-31','',NULL,'',NULL,'',NULL),('ETENDU_ECO_OPT_DENT',5170,'PSP','2019-12-01','2099-12-31','100','POURCENT_BRSS','',NULL,'',NULL),('ETENDU_ECO_OPT_DENT',5180,'PSP','2019-12-01','2099-12-31','',NULL,'',NULL,'',NULL),('ETENDU_ECO_OPT_DENT',5190,'PSP','2019-12-01','2099-12-31','150','POURCENT_BRSS','150','EURO','',NULL),('ETENDU_ECO_OPT_DENT',5200,'PSP','2019-12-01','2099-12-31','',NULL,'',NULL,'',NULL),('ETENDU_ECO_OPT_DENT',5210,'PSP','2019-12-01','2099-12-31','150','EURO','',NULL,'',NULL),('ETENDU_ECO_OPT_DENT',5220,'PSP','2019-12-01','2099-12-31','',NULL,'',NULL,'',NULL),('ETENDU_ECO_OPT_DENT',5230,'PSP','2019-12-01','2099-12-31','15','EURO','',NULL,'',NULL),('ETENDU_ECO_OPT_DENT',5240,'PSP','2019-12-01','2099-12-31','',NULL,'',NULL,'',NULL),('ETENDU_ECO_OPT_DENT',5250,'PSP','2019-12-01','2099-12-31','100','POURCENT_BRSS','',NULL,'',NULL),('ETENDU_ECO_OPT_DENT',5260,'PSP','2019-12-01','2099-12-31','',NULL,'',NULL,'',NULL),('ETENDU_ECO_OPT_DENT',5270,'PSP','2019-12-01','2099-12-31','OUI',NULL,'',NULL,'',NULL),('ETENDU_ECO_OPT_DENT',5280,'PSP','2019-12-01','2099-12-31','500','EURO','',NULL,'',NULL),('ETENDU_ECO_OPT_DENT',5290,'PSP','2019-12-01','2099-12-31','OUI',NULL,'',NULL,'',NULL),('ETENDU_ECO_OPT_DENT',5300,'PSP','2019-12-01','2099-12-31','OUI',NULL,'',NULL,'',NULL),('ETENDU_ECO_OPT_DENT',5310,'PSP','2019-12-01','2099-12-31','OUI',NULL,'',NULL,'',NULL),('ETENDU_ECO_OPT_DENT',5320,'PSP','2019-12-01','2099-12-31','OUI',NULL,'',NULL,'',NULL),('ETENDU_ECO_SOINS_COUR_AUDIO',1000,'PSP','2019-12-01','2099-12-31','',NULL,'',NULL,'',6),('ETENDU_ECO_SOINS_COUR_AUDIO',1010,'PSP','2019-12-01','2099-12-31','',NULL,'',NULL,'',NULL),('ETENDU_ECO_SOINS_COUR_AUDIO',1020,'PSP','2019-12-01','2099-12-31','100','POURCENT_DE','',NULL,'',NULL),('ETENDU_ECO_SOINS_COUR_AUDIO',1030,'PSP','2019-12-01','2099-12-31','',NULL,'',NULL,'',NULL),('ETENDU_ECO_SOINS_COUR_AUDIO',1040,'PSP','2019-12-01','2099-12-31','180','POURCENT_BRSS','',NULL,'',NULL),('ETENDU_ECO_SOINS_COUR_AUDIO',1050,'PSP','2019-12-01','2099-12-31','150','POURCENT_BRSS','',NULL,'',NULL),('ETENDU_ECO_SOINS_COUR_AUDIO',1060,'PSP','2019-12-01','2099-12-31','',NULL,'',NULL,'',NULL),('ETENDU_ECO_SOINS_COUR_AUDIO',1070,'PSP','2019-12-01','2099-12-31','100','POURCENT_DE','',NULL,'',NULL),('ETENDU_ECO_SOINS_COUR_AUDIO',1080,'PSP','2019-12-01','2099-12-31','',NULL,'',NULL,'',NULL),('ETENDU_ECO_SOINS_COUR_AUDIO',1090,'PSP','2019-12-01','2099-12-31','75','EURO','',NULL,'',NULL),('ETENDU_ECO_SOINS_COUR_AUDIO',1100,'PSP','2019-12-01','2099-12-31','30','EURO','',NULL,'',NULL),('ETENDU_ECO_SOINS_COUR_AUDIO',1110,'PSP','2019-12-01','2099-12-31','',NULL,'',NULL,'',NULL),('ETENDU_ECO_SOINS_COUR_AUDIO',1120,'PSP','2019-12-01','2099-12-31','15','EURO','',NULL,'',NULL),('ETENDU_ECO_SOINS_COUR_AUDIO',1130,'PSP','2019-12-01','2099-12-31','',NULL,'',NULL,'',NULL),('ETENDU_ECO_SOINS_COUR_AUDIO',1140,'PSP','2019-12-01','2099-12-31','100','POURCENT_BRSS','',NULL,'',NULL),('ETENDU_ECO_SOINS_COUR_AUDIO',1150,'PSP','2019-12-01','2099-12-31','',NULL,'',NULL,'',NULL),('ETENDU_ECO_SOINS_COUR_AUDIO',1160,'PSP','2019-12-01','2099-12-31','OUI',NULL,'',NULL,'',NULL),('ETENDU_ECO_SOINS_COUR_AUDIO',1170,'PSP','2019-12-01','2099-12-31','OUI',NULL,'',NULL,'',NULL),('ETENDU_ECO_SOINS_COUR_AUDIO',1180,'PSP','2019-12-01','2099-12-31','OUI',NULL,'',NULL,'',NULL),('ETENDU_ECO_SOINS_COUR_AUDIO',1190,'PSP','2019-12-01','2099-12-31','OUI',NULL,'',NULL,'',NULL),('ETENDU_ECO_SOINS_COUR_AUDIO',1200,'PSP','2019-12-01','2099-12-31','OUI',NULL,'',NULL,'',NULL),('ETENDU_ECO_SOINS_COUR_AUDIO',2000,'PSP','2019-12-01','2099-12-31','',NULL,'',NULL,'',6),('ETENDU_ECO_SOINS_COUR_AUDIO',2010,'PSP','2019-12-01','2099-12-31','',NULL,'',NULL,'',NULL),('ETENDU_ECO_SOINS_COUR_AUDIO',2020,'PSP','2019-12-01','2099-12-31','Sans reste à payer',NULL,'',NULL,'',NULL),('ETENDU_ECO_SOINS_COUR_AUDIO',2030,'PSP','2019-12-01','2099-12-31','',NULL,'',NULL,'',NULL),('ETENDU_ECO_SOINS_COUR_AUDIO',2040,'PSP','2019-12-01','2099-12-31','100','POURCENT_BRSS','',NULL,'',NULL),('ETENDU_ECO_SOINS_COUR_AUDIO',2050,'PSP','2019-12-01','2099-12-31','',NULL,'',NULL,'',NULL),('ETENDU_ECO_SOINS_COUR_AUDIO',2060,'PSP','2019-12-01','2099-12-31','180','POURCENT_BRSS','180','EURO','',NULL),('ETENDU_ECO_SOINS_COUR_AUDIO',2070,'PSP','2019-12-01','2099-12-31','180','EURO','',NULL,'',NULL),('ETENDU_ECO_SOINS_COUR_AUDIO',2080,'PSP','2019-12-01','2099-12-31','150','EURO','',NULL,'',NULL),('ETENDU_ECO_SOINS_COUR_AUDIO',2090,'PSP','2019-12-01','2099-12-31','300','EURO','',NULL,'',NULL),('ETENDU_ECO_SOINS_COUR_AUDIO',2100,'PSP','2019-12-01','2099-12-31','',NULL,'',NULL,'',NULL),('ETENDU_ECO_SOINS_COUR_AUDIO',2110,'PSP','2019-12-01','2099-12-31','150','POURCENT_BRSS','150','EURO','',NULL),('ETENDU_ECO_SOINS_COUR_AUDIO',2120,'PSP','2019-12-01','2099-12-31','150','EURO','',NULL,'',NULL),('ETENDU_ECO_SOINS_COUR_AUDIO',2130,'PSP','2019-12-01','2099-12-31','',NULL,'',NULL,'',NULL),('ETENDU_ECO_SOINS_COUR_AUDIO',2140,'PSP','2019-12-01','2099-12-31','150','POURCENT_BRSS','150','EURO','',NULL),('ETENDU_ECO_SOINS_COUR_AUDIO',2150,'PSP','2019-12-01','2099-12-31','+ 75','EURO','',NULL,'',NULL),('ETENDU_ECO_SOINS_COUR_AUDIO',2160,'PSP','2019-12-01','2099-12-31','+ 150','EURO','',NULL,'',NULL),('ETENDU_ECO_SOINS_COUR_AUDIO',2170,'PSP','2019-12-01','2099-12-31','',NULL,'',NULL,'',NULL),('ETENDU_ECO_SOINS_COUR_AUDIO',2180,'PSP','2019-12-01','2099-12-31','OUI',NULL,'',NULL,'',NULL),('ETENDU_ECO_SOINS_COUR_AUDIO',2190,'PSP','2019-12-01','2099-12-31','OUI',NULL,'',NULL,'',NULL),('ETENDU_ECO_SOINS_COUR_AUDIO',3000,'PSP','2019-12-01','2099-12-31','',NULL,'',NULL,'',6),('ETENDU_ECO_SOINS_COUR_AUDIO',3010,'PSP','2019-12-01','2099-12-31','',NULL,'',NULL,'',NULL),('ETENDU_ECO_SOINS_COUR_AUDIO',3020,'PSP','2019-12-01','2099-12-31','Sans reste à payer',NULL,'',NULL,'',NULL),('ETENDU_ECO_SOINS_COUR_AUDIO',3030,'PSP','2019-12-01','2099-12-31','',NULL,'',NULL,'',NULL),('ETENDU_ECO_SOINS_COUR_AUDIO',3040,'PSP','2019-12-01','2099-12-31','90','EURO','',NULL,'',NULL),('ETENDU_ECO_SOINS_COUR_AUDIO',3050,'PSP','2019-12-01','2099-12-31','15','EURO','',NULL,'',NULL),('ETENDU_ECO_SOINS_COUR_AUDIO',3060,'PSP','2019-12-01','2099-12-31','75','EURO','',NULL,'',NULL),('ETENDU_ECO_SOINS_COUR_AUDIO',3070,'PSP','2019-12-01','2099-12-31','100 € ou l\'offre <<Malin Prim\'>>',NULL,'',NULL,'',NULL),('ETENDU_ECO_SOINS_COUR_AUDIO',3080,'PSP','2019-12-01','2099-12-31','75','EURO','',NULL,'',NULL),('ETENDU_ECO_SOINS_COUR_AUDIO',3090,'PSP','2019-12-01','2099-12-31','200 € ou l\'offre <<Malin Prim\'>>',NULL,'',NULL,'',NULL),('ETENDU_ECO_SOINS_COUR_AUDIO',3100,'PSP','2019-12-01','2099-12-31','150','EURO','',NULL,'',NULL),('ETENDU_ECO_SOINS_COUR_AUDIO',3110,'PSP','2019-12-01','2099-12-31','100','POURCENT_BRSS','',NULL,'',NULL),('ETENDU_ECO_SOINS_COUR_AUDIO',3120,'PSP','2019-12-01','2099-12-31','',NULL,'',NULL,'',NULL),('ETENDU_ECO_SOINS_COUR_AUDIO',3130,'PSP','2019-12-01','2099-12-31','180','EURO','',NULL,'',NULL),('ETENDU_ECO_SOINS_COUR_AUDIO',3140,'PSP','2019-12-01','2099-12-31','150','EURO','',NULL,'',NULL),('ETENDU_ECO_SOINS_COUR_AUDIO',3150,'PSP','2019-12-01','2099-12-31','150','EURO','',NULL,'',NULL),('ETENDU_ECO_SOINS_COUR_AUDIO',3160,'PSP','2019-12-01','2099-12-31','+ 30','EURO','',NULL,'',NULL),('ETENDU_ECO_SOINS_COUR_AUDIO',3170,'PSP','2019-12-01','2099-12-31','+ 40','EURO','',NULL,'',NULL),('ETENDU_ECO_SOINS_COUR_AUDIO',3180,'PSP','2019-12-01','2099-12-31','',NULL,'',NULL,'',NULL),('ETENDU_ECO_SOINS_COUR_AUDIO',3190,'PSP','2019-12-01','2099-12-31','OUI',NULL,'',NULL,'',NULL),('ETENDU_ECO_SOINS_COUR_AUDIO',3200,'PSP','2019-12-01','2099-12-31','OUI',NULL,'',NULL,'',NULL),('ETENDU_ECO_SOINS_COUR_AUDIO',3210,'PSP','2019-12-01','2099-12-31','OUI',NULL,'',NULL,'',NULL),('ETENDU_ECO_SOINS_COUR_AUDIO',3220,'PSP','2019-12-01','2099-12-31','OUI',NULL,'',NULL,'',NULL),('ETENDU_ECO_SOINS_COUR_AUDIO',4000,'PSP','2019-12-01','2099-12-31','',NULL,'',NULL,'',5),('ETENDU_ECO_SOINS_COUR_AUDIO',4010,'PSP','2019-12-01','2099-12-31','',NULL,'',NULL,'',NULL),('ETENDU_ECO_SOINS_COUR_AUDIO',4020,'PSP','2019-12-01','2099-12-31','Sans reste à payer',NULL,'',NULL,'',NULL),('ETENDU_ECO_SOINS_COUR_AUDIO',4030,'PSP','2019-12-01','2099-12-31','',NULL,'',NULL,'',NULL),('ETENDU_ECO_SOINS_COUR_AUDIO',4040,'PSP','2019-12-01','2099-12-31','180','POURCENT_BRSS','',NULL,'',NULL),('ETENDU_ECO_SOINS_COUR_AUDIO',4050,'PSP','2019-12-01','2099-12-31','100','POURCENT_BRSS','',NULL,'',NULL),('ETENDU_ECO_SOINS_COUR_AUDIO',4060,'PSP','2019-12-01','2099-12-31','',NULL,'',NULL,'',NULL),('ETENDU_ECO_SOINS_COUR_AUDIO',4070,'PSP','2019-12-01','2099-12-31','100','POURCENT_BRSS','',NULL,'',NULL),('ETENDU_ECO_SOINS_COUR_AUDIO',4080,'PSP','2019-12-01','2099-12-31','+ 37,50','EURO','',NULL,'',NULL),('ETENDU_ECO_SOINS_COUR_AUDIO',4090,'PSP','2019-12-01','2099-12-31','+ 75','EURO','',NULL,'',NULL),('ETENDU_ECO_SOINS_COUR_AUDIO',4100,'PSP','2019-12-01','2099-12-31','',NULL,'',NULL,'',NULL),('ETENDU_ECO_SOINS_COUR_AUDIO',4110,'PSP','2019-12-01','2099-12-31','OUI',NULL,'',NULL,'',NULL),('ETENDU_ECO_SOINS_COUR_AUDIO',4120,'PSP','2019-12-01','2099-12-31','OUI',NULL,'',NULL,'',NULL),('ETENDU_ECO_SOINS_COUR_AUDIO',5000,'PSP','2019-12-01','2099-12-31','',NULL,'',NULL,'',5),('ETENDU_ECO_SOINS_COUR_AUDIO',5010,'PSP','2019-12-01','2099-12-31','',NULL,'',NULL,'',NULL),('ETENDU_ECO_SOINS_COUR_AUDIO',5020,'PSP','2019-12-01','2099-12-31','170','POURCENT_BRSS','',NULL,'',NULL),('ETENDU_ECO_SOINS_COUR_AUDIO',5030,'PSP','2019-12-01','2099-12-31','150','POURCENT_BRSS','',NULL,'',NULL),('ETENDU_ECO_SOINS_COUR_AUDIO',5040,'PSP','2019-12-01','2099-12-31','170','POURCENT_BRSS','',NULL,'',NULL),('ETENDU_ECO_SOINS_COUR_AUDIO',5050,'PSP','2019-12-01','2099-12-31','150','POURCENT_BRSS','',NULL,'',NULL),('ETENDU_ECO_SOINS_COUR_AUDIO',5060,'PSP','2019-12-01','2099-12-31','',NULL,'',NULL,'',NULL),('ETENDU_ECO_SOINS_COUR_AUDIO',5070,'PSP','2019-12-01','2099-12-31','100','POURCENT_BRSS','',NULL,'',NULL),('ETENDU_ECO_SOINS_COUR_AUDIO',5080,'PSP','2019-12-01','2099-12-31','Non remboursé',NULL,'',NULL,'',NULL),('ETENDU_ECO_SOINS_COUR_AUDIO',5090,'PSP','2019-12-01','2099-12-31','',NULL,'',NULL,'',NULL),('ETENDU_ECO_SOINS_COUR_AUDIO',5100,'PSP','2019-12-01','2099-12-31','100','POURCENT_BRSS','',NULL,'',NULL),('ETENDU_ECO_SOINS_COUR_AUDIO',5110,'PSP','2019-12-01','2099-12-31','',NULL,'',NULL,'',NULL),('ETENDU_ECO_SOINS_COUR_AUDIO',5120,'PSP','2019-12-01','2099-12-31','100','POURCENT_DE','',NULL,'',NULL),('ETENDU_ECO_SOINS_COUR_AUDIO',5130,'PSP','2019-12-01','2099-12-31','100','POURCENT_DE','',NULL,'',NULL),('ETENDU_ECO_SOINS_COUR_AUDIO',5140,'PSP','2019-12-01','2099-12-31','100','POURCENT_DE','',NULL,'',NULL),('ETENDU_ECO_SOINS_COUR_AUDIO',5150,'PSP','2019-12-01','2099-12-31','100','POURCENT_BRSS','',NULL,'',NULL),('ETENDU_ECO_SOINS_COUR_AUDIO',5160,'PSP','2019-12-01','2099-12-31','',NULL,'',NULL,'',NULL),('ETENDU_ECO_SOINS_COUR_AUDIO',5170,'PSP','2019-12-01','2099-12-31','100','POURCENT_BRSS','',NULL,'',NULL),('ETENDU_ECO_SOINS_COUR_AUDIO',5180,'PSP','2019-12-01','2099-12-31','',NULL,'',NULL,'',NULL),('ETENDU_ECO_SOINS_COUR_AUDIO',5190,'PSP','2019-12-01','2099-12-31','100','POURCENT_BRSS','',NULL,'',NULL),('ETENDU_ECO_SOINS_COUR_AUDIO',5200,'PSP','2019-12-01','2099-12-31','',NULL,'',NULL,'',NULL),('ETENDU_ECO_SOINS_COUR_AUDIO',5210,'PSP','2019-12-01','2099-12-31','Non remboursé',NULL,'',NULL,'',NULL),('ETENDU_ECO_SOINS_COUR_AUDIO',5220,'PSP','2019-12-01','2099-12-31','',NULL,'',NULL,'',NULL),('ETENDU_ECO_SOINS_COUR_AUDIO',5230,'PSP','2019-12-01','2099-12-31','Non remboursé',NULL,'',NULL,'',NULL),('ETENDU_ECO_SOINS_COUR_AUDIO',5240,'PSP','2019-12-01','2099-12-31','',NULL,'',NULL,'',NULL),('ETENDU_ECO_SOINS_COUR_AUDIO',5250,'PSP','2019-12-01','2099-12-31','100','POURCENT_BRSS','',NULL,'',NULL),('ETENDU_ECO_SOINS_COUR_AUDIO',5260,'PSP','2019-12-01','2099-12-31','',NULL,'',NULL,'',NULL),('ETENDU_ECO_SOINS_COUR_AUDIO',5270,'PSP','2019-12-01','2099-12-31','OUI',NULL,'',NULL,'',NULL),('ETENDU_ECO_SOINS_COUR_AUDIO',5280,'PSP','2019-12-01','2099-12-31','500','EURO','',NULL,'',NULL),('ETENDU_ECO_SOINS_COUR_AUDIO',5290,'PSP','2019-12-01','2099-12-31','OUI',NULL,'',NULL,'',NULL),('ETENDU_ECO_SOINS_COUR_AUDIO',5300,'PSP','2019-12-01','2099-12-31','OUI',NULL,'',NULL,'',NULL),('ETENDU_ECO_SOINS_COUR_AUDIO',5310,'PSP','2019-12-01','2099-12-31','OUI',NULL,'',NULL,'',NULL),('ETENDU_ECO_SOINS_COUR_AUDIO',5320,'PSP','2019-12-01','2099-12-31','OUI',NULL,'',NULL,'',NULL),('ETENDU_ECO_SOINS_COUR_AUDIO_DENT',1000,'PSP','2019-12-01','2099-12-31','',NULL,'',NULL,'',6),('ETENDU_ECO_SOINS_COUR_AUDIO_DENT',1010,'PSP','2019-12-01','2099-12-31','',NULL,'',NULL,'',NULL),('ETENDU_ECO_SOINS_COUR_AUDIO_DENT',1020,'PSP','2019-12-01','2099-12-31','100','POURCENT_DE','',NULL,'',NULL),('ETENDU_ECO_SOINS_COUR_AUDIO_DENT',1030,'PSP','2019-12-01','2099-12-31','',NULL,'',NULL,'',NULL),('ETENDU_ECO_SOINS_COUR_AUDIO_DENT',1040,'PSP','2019-12-01','2099-12-31','180','POURCENT_BRSS','',NULL,'',NULL),('ETENDU_ECO_SOINS_COUR_AUDIO_DENT',1050,'PSP','2019-12-01','2099-12-31','150','POURCENT_BRSS','',NULL,'',NULL),('ETENDU_ECO_SOINS_COUR_AUDIO_DENT',1060,'PSP','2019-12-01','2099-12-31','',NULL,'',NULL,'',NULL),('ETENDU_ECO_SOINS_COUR_AUDIO_DENT',1070,'PSP','2019-12-01','2099-12-31','100','POURCENT_DE','',NULL,'',NULL),('ETENDU_ECO_SOINS_COUR_AUDIO_DENT',1080,'PSP','2019-12-01','2099-12-31','',NULL,'',NULL,'',NULL),('ETENDU_ECO_SOINS_COUR_AUDIO_DENT',1090,'PSP','2019-12-01','2099-12-31','75','EURO','',NULL,'',NULL),('ETENDU_ECO_SOINS_COUR_AUDIO_DENT',1100,'PSP','2019-12-01','2099-12-31','30','EURO','',NULL,'',NULL),('ETENDU_ECO_SOINS_COUR_AUDIO_DENT',1110,'PSP','2019-12-01','2099-12-31','',NULL,'',NULL,'',NULL),('ETENDU_ECO_SOINS_COUR_AUDIO_DENT',1120,'PSP','2019-12-01','2099-12-31','15','EURO','',NULL,'',NULL),('ETENDU_ECO_SOINS_COUR_AUDIO_DENT',1130,'PSP','2019-12-01','2099-12-31','',NULL,'',NULL,'',NULL),('ETENDU_ECO_SOINS_COUR_AUDIO_DENT',1140,'PSP','2019-12-01','2099-12-31','100','POURCENT_BRSS','',NULL,'',NULL),('ETENDU_ECO_SOINS_COUR_AUDIO_DENT',1150,'PSP','2019-12-01','2099-12-31','',NULL,'',NULL,'',NULL),('ETENDU_ECO_SOINS_COUR_AUDIO_DENT',1160,'PSP','2019-12-01','2099-12-31','OUI',NULL,'',NULL,'',NULL),('ETENDU_ECO_SOINS_COUR_AUDIO_DENT',1170,'PSP','2019-12-01','2099-12-31','OUI',NULL,'',NULL,'',NULL),('ETENDU_ECO_SOINS_COUR_AUDIO_DENT',1180,'PSP','2019-12-01','2099-12-31','OUI',NULL,'',NULL,'',NULL),('ETENDU_ECO_SOINS_COUR_AUDIO_DENT',1190,'PSP','2019-12-01','2099-12-31','OUI',NULL,'',NULL,'',NULL),('ETENDU_ECO_SOINS_COUR_AUDIO_DENT',1200,'PSP','2019-12-01','2099-12-31','OUI',NULL,'',NULL,'',NULL),('ETENDU_ECO_SOINS_COUR_AUDIO_DENT',2000,'PSP','2019-12-01','2099-12-31','',NULL,'',NULL,'',5),('ETENDU_ECO_SOINS_COUR_AUDIO_DENT',2010,'PSP','2019-12-01','2099-12-31','',NULL,'',NULL,'',NULL),('ETENDU_ECO_SOINS_COUR_AUDIO_DENT',2020,'PSP','2019-12-01','2099-12-31','Sans reste à payer',NULL,'',NULL,'',NULL),('ETENDU_ECO_SOINS_COUR_AUDIO_DENT',2030,'PSP','2019-12-01','2099-12-31','',NULL,'',NULL,'',NULL),('ETENDU_ECO_SOINS_COUR_AUDIO_DENT',2040,'PSP','2019-12-01','2099-12-31','100','POURCENT_BRSS','',NULL,'',NULL),('ETENDU_ECO_SOINS_COUR_AUDIO_DENT',2050,'PSP','2019-12-01','2099-12-31','',NULL,'',NULL,'',NULL),('ETENDU_ECO_SOINS_COUR_AUDIO_DENT',2060,'PSP','2019-12-01','2099-12-31','180','POURCENT_BRSS','',NULL,'',NULL),('ETENDU_ECO_SOINS_COUR_AUDIO_DENT',2070,'PSP','2019-12-01','2099-12-31','Non remboursé',NULL,'',NULL,'',NULL),('ETENDU_ECO_SOINS_COUR_AUDIO_DENT',2080,'PSP','2019-12-01','2099-12-31','75','EURO','',NULL,'',NULL),('ETENDU_ECO_SOINS_COUR_AUDIO_DENT',2090,'PSP','2019-12-01','2099-12-31','150','EURO','',NULL,'',NULL),('ETENDU_ECO_SOINS_COUR_AUDIO_DENT',2100,'PSP','2019-12-01','2099-12-31','',NULL,'',NULL,'',NULL),('ETENDU_ECO_SOINS_COUR_AUDIO_DENT',2110,'PSP','2019-12-01','2099-12-31','100','POURCENT_BRSS','',NULL,'',NULL),('ETENDU_ECO_SOINS_COUR_AUDIO_DENT',2120,'PSP','2019-12-01','2099-12-31','Non remboursé',NULL,'',NULL,'',NULL),('ETENDU_ECO_SOINS_COUR_AUDIO_DENT',2130,'PSP','2019-12-01','2099-12-31','',NULL,'',NULL,'',NULL),('ETENDU_ECO_SOINS_COUR_AUDIO_DENT',2140,'PSP','2019-12-01','2099-12-31','100','POURCENT_BRSS','',NULL,'',NULL),('ETENDU_ECO_SOINS_COUR_AUDIO_DENT',2150,'PSP','2019-12-01','2099-12-31','+ 37,50','EURO','',NULL,'',NULL),('ETENDU_ECO_SOINS_COUR_AUDIO_DENT',2160,'PSP','2019-12-01','2099-12-31','+ 75','EURO','',NULL,'',NULL),('ETENDU_ECO_SOINS_COUR_AUDIO_DENT',2170,'PSP','2019-12-01','2099-12-31','',NULL,'',NULL,'',NULL),('ETENDU_ECO_SOINS_COUR_AUDIO_DENT',2180,'PSP','2019-12-01','2099-12-31','OUI',NULL,'',NULL,'',NULL),('ETENDU_ECO_SOINS_COUR_AUDIO_DENT',2190,'PSP','2019-12-01','2099-12-31','OUI',NULL,'',NULL,'',NULL),('ETENDU_ECO_SOINS_COUR_AUDIO_DENT',3000,'PSP','2019-12-01','2099-12-31','',NULL,'',NULL,'',6),('ETENDU_ECO_SOINS_COUR_AUDIO_DENT',3010,'PSP','2019-12-01','2099-12-31','',NULL,'',NULL,'',NULL),('ETENDU_ECO_SOINS_COUR_AUDIO_DENT',3020,'PSP','2019-12-01','2099-12-31','Sans reste à payer',NULL,'',NULL,'',NULL),('ETENDU_ECO_SOINS_COUR_AUDIO_DENT',3030,'PSP','2019-12-01','2099-12-31','',NULL,'',NULL,'',NULL),('ETENDU_ECO_SOINS_COUR_AUDIO_DENT',3040,'PSP','2019-12-01','2099-12-31','90','EURO','',NULL,'',NULL),('ETENDU_ECO_SOINS_COUR_AUDIO_DENT',3050,'PSP','2019-12-01','2099-12-31','15','EURO','',NULL,'',NULL),('ETENDU_ECO_SOINS_COUR_AUDIO_DENT',3060,'PSP','2019-12-01','2099-12-31','75','EURO','',NULL,'',NULL),('ETENDU_ECO_SOINS_COUR_AUDIO_DENT',3070,'PSP','2019-12-01','2099-12-31','100 € ou l\'offre <<Malin Prim\'>>',NULL,'',NULL,'',NULL),('ETENDU_ECO_SOINS_COUR_AUDIO_DENT',3080,'PSP','2019-12-01','2099-12-31','75','EURO','',NULL,'',NULL),('ETENDU_ECO_SOINS_COUR_AUDIO_DENT',3090,'PSP','2019-12-01','2099-12-31','200 € ou l\'offre <<Malin Prim\'>>',NULL,'',NULL,'',NULL),('ETENDU_ECO_SOINS_COUR_AUDIO_DENT',3100,'PSP','2019-12-01','2099-12-31','150','EURO','',NULL,'',NULL),('ETENDU_ECO_SOINS_COUR_AUDIO_DENT',3110,'PSP','2019-12-01','2099-12-31','100','POURCENT_BRSS','',NULL,'',NULL),('ETENDU_ECO_SOINS_COUR_AUDIO_DENT',3120,'PSP','2019-12-01','2099-12-31','',NULL,'',NULL,'',NULL),('ETENDU_ECO_SOINS_COUR_AUDIO_DENT',3130,'PSP','2019-12-01','2099-12-31','180','EURO','',NULL,'',NULL),('ETENDU_ECO_SOINS_COUR_AUDIO_DENT',3140,'PSP','2019-12-01','2099-12-31','150','EURO','',NULL,'',NULL),('ETENDU_ECO_SOINS_COUR_AUDIO_DENT',3150,'PSP','2019-12-01','2099-12-31','150','EURO','',NULL,'',NULL),('ETENDU_ECO_SOINS_COUR_AUDIO_DENT',3160,'PSP','2019-12-01','2099-12-31','+ 30','EURO','',NULL,'',NULL),('ETENDU_ECO_SOINS_COUR_AUDIO_DENT',3170,'PSP','2019-12-01','2099-12-31','+ 40','EURO','',NULL,'',NULL),('ETENDU_ECO_SOINS_COUR_AUDIO_DENT',3180,'PSP','2019-12-01','2099-12-31','',NULL,'',NULL,'',NULL),('ETENDU_ECO_SOINS_COUR_AUDIO_DENT',3190,'PSP','2019-12-01','2099-12-31','OUI',NULL,'',NULL,'',NULL),('ETENDU_ECO_SOINS_COUR_AUDIO_DENT',3200,'PSP','2019-12-01','2099-12-31','OUI',NULL,'',NULL,'',NULL),('ETENDU_ECO_SOINS_COUR_AUDIO_DENT',3210,'PSP','2019-12-01','2099-12-31','OUI',NULL,'',NULL,'',NULL),('ETENDU_ECO_SOINS_COUR_AUDIO_DENT',3220,'PSP','2019-12-01','2099-12-31','OUI',NULL,'',NULL,'',NULL),('ETENDU_ECO_SOINS_COUR_AUDIO_DENT',4000,'PSP','2019-12-01','2099-12-31','',NULL,'',NULL,'',5),('ETENDU_ECO_SOINS_COUR_AUDIO_DENT',4010,'PSP','2019-12-01','2099-12-31','',NULL,'',NULL,'',NULL),('ETENDU_ECO_SOINS_COUR_AUDIO_DENT',4020,'PSP','2019-12-01','2099-12-31','Sans reste à payer',NULL,'',NULL,'',NULL),('ETENDU_ECO_SOINS_COUR_AUDIO_DENT',4030,'PSP','2019-12-01','2099-12-31','',NULL,'',NULL,'',NULL),('ETENDU_ECO_SOINS_COUR_AUDIO_DENT',4040,'PSP','2019-12-01','2099-12-31','180','POURCENT_BRSS','',NULL,'',NULL),('ETENDU_ECO_SOINS_COUR_AUDIO_DENT',4050,'PSP','2019-12-01','2099-12-31','100','POURCENT_BRSS','',NULL,'',NULL),('ETENDU_ECO_SOINS_COUR_AUDIO_DENT',4060,'PSP','2019-12-01','2099-12-31','',NULL,'',NULL,'',NULL),('ETENDU_ECO_SOINS_COUR_AUDIO_DENT',4070,'PSP','2019-12-01','2099-12-31','100','POURCENT_BRSS','',NULL,'',NULL),('ETENDU_ECO_SOINS_COUR_AUDIO_DENT',4080,'PSP','2019-12-01','2099-12-31','+ 37,50','EURO','',NULL,'',NULL),('ETENDU_ECO_SOINS_COUR_AUDIO_DENT',4090,'PSP','2019-12-01','2099-12-31','+ 75','EURO','',NULL,'',NULL),('ETENDU_ECO_SOINS_COUR_AUDIO_DENT',4100,'PSP','2019-12-01','2099-12-31','',NULL,'',NULL,'',NULL),('ETENDU_ECO_SOINS_COUR_AUDIO_DENT',4110,'PSP','2019-12-01','2099-12-31','OUI',NULL,'',NULL,'',NULL),('ETENDU_ECO_SOINS_COUR_AUDIO_DENT',4120,'PSP','2019-12-01','2099-12-31','OUI',NULL,'',NULL,'',NULL),('ETENDU_ECO_SOINS_COUR_AUDIO_DENT',5000,'PSP','2019-12-01','2099-12-31','',NULL,'',NULL,'',5),('ETENDU_ECO_SOINS_COUR_AUDIO_DENT',5010,'PSP','2019-12-01','2099-12-31','',NULL,'',NULL,'',NULL),('ETENDU_ECO_SOINS_COUR_AUDIO_DENT',5020,'PSP','2019-12-01','2099-12-31','170','POURCENT_BRSS','',NULL,'',NULL),('ETENDU_ECO_SOINS_COUR_AUDIO_DENT',5030,'PSP','2019-12-01','2099-12-31','150','POURCENT_BRSS','',NULL,'',NULL),('ETENDU_ECO_SOINS_COUR_AUDIO_DENT',5040,'PSP','2019-12-01','2099-12-31','170','POURCENT_BRSS','',NULL,'',NULL),('ETENDU_ECO_SOINS_COUR_AUDIO_DENT',5050,'PSP','2019-12-01','2099-12-31','150','POURCENT_BRSS','',NULL,'',NULL),('ETENDU_ECO_SOINS_COUR_AUDIO_DENT',5060,'PSP','2019-12-01','2099-12-31','',NULL,'',NULL,'',NULL),('ETENDU_ECO_SOINS_COUR_AUDIO_DENT',5070,'PSP','2019-12-01','2099-12-31','100','POURCENT_BRSS','',NULL,'',NULL),('ETENDU_ECO_SOINS_COUR_AUDIO_DENT',5080,'PSP','2019-12-01','2099-12-31','Non remboursé',NULL,'',NULL,'',NULL),('ETENDU_ECO_SOINS_COUR_AUDIO_DENT',5090,'PSP','2019-12-01','2099-12-31','',NULL,'',NULL,'',NULL),('ETENDU_ECO_SOINS_COUR_AUDIO_DENT',5100,'PSP','2019-12-01','2099-12-31','100','POURCENT_BRSS','',NULL,'',NULL),('ETENDU_ECO_SOINS_COUR_AUDIO_DENT',5110,'PSP','2019-12-01','2099-12-31','',NULL,'',NULL,'',NULL),('ETENDU_ECO_SOINS_COUR_AUDIO_DENT',5120,'PSP','2019-12-01','2099-12-31','100','POURCENT_DE','',NULL,'',NULL),('ETENDU_ECO_SOINS_COUR_AUDIO_DENT',5130,'PSP','2019-12-01','2099-12-31','100','POURCENT_DE','',NULL,'',NULL),('ETENDU_ECO_SOINS_COUR_AUDIO_DENT',5140,'PSP','2019-12-01','2099-12-31','100','POURCENT_DE','',NULL,'',NULL),('ETENDU_ECO_SOINS_COUR_AUDIO_DENT',5150,'PSP','2019-12-01','2099-12-31','100','POURCENT_BRSS','',NULL,'',NULL),('ETENDU_ECO_SOINS_COUR_AUDIO_DENT',5160,'PSP','2019-12-01','2099-12-31','',NULL,'',NULL,'',NULL),('ETENDU_ECO_SOINS_COUR_AUDIO_DENT',5170,'PSP','2019-12-01','2099-12-31','100','POURCENT_BRSS','',NULL,'',NULL),('ETENDU_ECO_SOINS_COUR_AUDIO_DENT',5180,'PSP','2019-12-01','2099-12-31','',NULL,'',NULL,'',NULL),('ETENDU_ECO_SOINS_COUR_AUDIO_DENT',5190,'PSP','2019-12-01','2099-12-31','100','POURCENT_BRSS','',NULL,'',NULL),('ETENDU_ECO_SOINS_COUR_AUDIO_DENT',5200,'PSP','2019-12-01','2099-12-31','',NULL,'',NULL,'',NULL),('ETENDU_ECO_SOINS_COUR_AUDIO_DENT',5210,'PSP','2019-12-01','2099-12-31','Non remboursé',NULL,'',NULL,'',NULL),('ETENDU_ECO_SOINS_COUR_AUDIO_DENT',5220,'PSP','2019-12-01','2099-12-31','',NULL,'',NULL,'',NULL),('ETENDU_ECO_SOINS_COUR_AUDIO_DENT',5230,'PSP','2019-12-01','2099-12-31','Non remboursé',NULL,'',NULL,'',NULL),('ETENDU_ECO_SOINS_COUR_AUDIO_DENT',5240,'PSP','2019-12-01','2099-12-31','',NULL,'',NULL,'',NULL),('ETENDU_ECO_SOINS_COUR_AUDIO_DENT',5250,'PSP','2019-12-01','2099-12-31','100','POURCENT_BRSS','',NULL,'',NULL),('ETENDU_ECO_SOINS_COUR_AUDIO_DENT',5260,'PSP','2019-12-01','2099-12-31','',NULL,'',NULL,'',NULL),('ETENDU_ECO_SOINS_COUR_AUDIO_DENT',5270,'PSP','2019-12-01','2099-12-31','OUI',NULL,'',NULL,'',NULL),('ETENDU_ECO_SOINS_COUR_AUDIO_DENT',5280,'PSP','2019-12-01','2099-12-31','500','EURO','',NULL,'',NULL),('ETENDU_ECO_SOINS_COUR_AUDIO_DENT',5290,'PSP','2019-12-01','2099-12-31','OUI',NULL,'',NULL,'',NULL),('ETENDU_ECO_SOINS_COUR_AUDIO_DENT',5300,'PSP','2019-12-01','2099-12-31','OUI',NULL,'',NULL,'',NULL),('ETENDU_ECO_SOINS_COUR_AUDIO_DENT',5310,'PSP','2019-12-01','2099-12-31','OUI',NULL,'',NULL,'',NULL),('ETENDU_ECO_SOINS_COUR_AUDIO_DENT',5320,'PSP','2019-12-01','2099-12-31','OUI',NULL,'',NULL,'',NULL),('ETENDU_ECO_SOINS_COUR_AUDIO_OPT',1000,'PSP','2019-12-01','2099-12-31','',NULL,'',NULL,'',6),('ETENDU_ECO_SOINS_COUR_AUDIO_OPT',1010,'PSP','2019-12-01','2099-12-31','',NULL,'',NULL,'',NULL),('ETENDU_ECO_SOINS_COUR_AUDIO_OPT',1020,'PSP','2019-12-01','2099-12-31','100','POURCENT_DE','',NULL,'',NULL),('ETENDU_ECO_SOINS_COUR_AUDIO_OPT',1030,'PSP','2019-12-01','2099-12-31','',NULL,'',NULL,'',NULL),('ETENDU_ECO_SOINS_COUR_AUDIO_OPT',1040,'PSP','2019-12-01','2099-12-31','180','POURCENT_BRSS','',NULL,'',NULL),('ETENDU_ECO_SOINS_COUR_AUDIO_OPT',1050,'PSP','2019-12-01','2099-12-31','150','POURCENT_BRSS','',NULL,'',NULL),('ETENDU_ECO_SOINS_COUR_AUDIO_OPT',1060,'PSP','2019-12-01','2099-12-31','',NULL,'',NULL,'',NULL),('ETENDU_ECO_SOINS_COUR_AUDIO_OPT',1070,'PSP','2019-12-01','2099-12-31','100','POURCENT_DE','',NULL,'',NULL),('ETENDU_ECO_SOINS_COUR_AUDIO_OPT',1080,'PSP','2019-12-01','2099-12-31','',NULL,'',NULL,'',NULL),('ETENDU_ECO_SOINS_COUR_AUDIO_OPT',1090,'PSP','2019-12-01','2099-12-31','75','EURO','',NULL,'',NULL),('ETENDU_ECO_SOINS_COUR_AUDIO_OPT',1100,'PSP','2019-12-01','2099-12-31','30','EURO','',NULL,'',NULL),('ETENDU_ECO_SOINS_COUR_AUDIO_OPT',1110,'PSP','2019-12-01','2099-12-31','',NULL,'',NULL,'',NULL),('ETENDU_ECO_SOINS_COUR_AUDIO_OPT',1120,'PSP','2019-12-01','2099-12-31','15','EURO','',NULL,'',NULL),('ETENDU_ECO_SOINS_COUR_AUDIO_OPT',1130,'PSP','2019-12-01','2099-12-31','',NULL,'',NULL,'',NULL),('ETENDU_ECO_SOINS_COUR_AUDIO_OPT',1140,'PSP','2019-12-01','2099-12-31','100','POURCENT_BRSS','',NULL,'',NULL),('ETENDU_ECO_SOINS_COUR_AUDIO_OPT',1150,'PSP','2019-12-01','2099-12-31','',NULL,'',NULL,'',NULL),('ETENDU_ECO_SOINS_COUR_AUDIO_OPT',1160,'PSP','2019-12-01','2099-12-31','OUI',NULL,'',NULL,'',NULL),('ETENDU_ECO_SOINS_COUR_AUDIO_OPT',1170,'PSP','2019-12-01','2099-12-31','OUI',NULL,'',NULL,'',NULL),('ETENDU_ECO_SOINS_COUR_AUDIO_OPT',1180,'PSP','2019-12-01','2099-12-31','OUI',NULL,'',NULL,'',NULL),('ETENDU_ECO_SOINS_COUR_AUDIO_OPT',1190,'PSP','2019-12-01','2099-12-31','OUI',NULL,'',NULL,'',NULL),('ETENDU_ECO_SOINS_COUR_AUDIO_OPT',1200,'PSP','2019-12-01','2099-12-31','OUI',NULL,'',NULL,'',NULL),('ETENDU_ECO_SOINS_COUR_AUDIO_OPT',2000,'PSP','2019-12-01','2099-12-31','',NULL,'',NULL,'',6),('ETENDU_ECO_SOINS_COUR_AUDIO_OPT',2010,'PSP','2019-12-01','2099-12-31','',NULL,'',NULL,'',NULL),('ETENDU_ECO_SOINS_COUR_AUDIO_OPT',2020,'PSP','2019-12-01','2099-12-31','Sans reste à payer',NULL,'',NULL,'',NULL),('ETENDU_ECO_SOINS_COUR_AUDIO_OPT',2030,'PSP','2019-12-01','2099-12-31','',NULL,'',NULL,'',NULL),('ETENDU_ECO_SOINS_COUR_AUDIO_OPT',2040,'PSP','2019-12-01','2099-12-31','100','POURCENT_BRSS','',NULL,'',NULL),('ETENDU_ECO_SOINS_COUR_AUDIO_OPT',2050,'PSP','2019-12-01','2099-12-31','',NULL,'',NULL,'',NULL),('ETENDU_ECO_SOINS_COUR_AUDIO_OPT',2060,'PSP','2019-12-01','2099-12-31','180','POURCENT_BRSS','180','EURO','',NULL),('ETENDU_ECO_SOINS_COUR_AUDIO_OPT',2070,'PSP','2019-12-01','2099-12-31','180','EURO','',NULL,'',NULL),('ETENDU_ECO_SOINS_COUR_AUDIO_OPT',2080,'PSP','2019-12-01','2099-12-31','150','EURO','',NULL,'',NULL),('ETENDU_ECO_SOINS_COUR_AUDIO_OPT',2090,'PSP','2019-12-01','2099-12-31','300','EURO','',NULL,'',NULL),('ETENDU_ECO_SOINS_COUR_AUDIO_OPT',2100,'PSP','2019-12-01','2099-12-31','',NULL,'',NULL,'',NULL),('ETENDU_ECO_SOINS_COUR_AUDIO_OPT',2110,'PSP','2019-12-01','2099-12-31','150','POURCENT_BRSS','150','EURO','',NULL),('ETENDU_ECO_SOINS_COUR_AUDIO_OPT',2120,'PSP','2019-12-01','2099-12-31','150','EURO','',NULL,'',NULL),('ETENDU_ECO_SOINS_COUR_AUDIO_OPT',2130,'PSP','2019-12-01','2099-12-31','',NULL,'',NULL,'',NULL),('ETENDU_ECO_SOINS_COUR_AUDIO_OPT',2140,'PSP','2019-12-01','2099-12-31','150','POURCENT_BRSS','150','EURO','',NULL),('ETENDU_ECO_SOINS_COUR_AUDIO_OPT',2150,'PSP','2019-12-01','2099-12-31','+ 75','EURO','',NULL,'',NULL),('ETENDU_ECO_SOINS_COUR_AUDIO_OPT',2160,'PSP','2019-12-01','2099-12-31','+ 150','EURO','',NULL,'',NULL),('ETENDU_ECO_SOINS_COUR_AUDIO_OPT',2170,'PSP','2019-12-01','2099-12-31','',NULL,'',NULL,'',NULL),('ETENDU_ECO_SOINS_COUR_AUDIO_OPT',2180,'PSP','2019-12-01','2099-12-31','OUI',NULL,'',NULL,'',NULL),('ETENDU_ECO_SOINS_COUR_AUDIO_OPT',2190,'PSP','2019-12-01','2099-12-31','OUI',NULL,'',NULL,'',NULL),('ETENDU_ECO_SOINS_COUR_AUDIO_OPT',3000,'PSP','2019-12-01','2099-12-31','',NULL,'',NULL,'',3),('ETENDU_ECO_SOINS_COUR_AUDIO_OPT',3010,'PSP','2019-12-01','2099-12-31','',NULL,'',NULL,'',NULL),('ETENDU_ECO_SOINS_COUR_AUDIO_OPT',3020,'PSP','2019-12-01','2099-12-31','Sans reste à payer',NULL,'',NULL,'',NULL),('ETENDU_ECO_SOINS_COUR_AUDIO_OPT',3030,'PSP','2019-12-01','2099-12-31','',NULL,'',NULL,'',NULL),('ETENDU_ECO_SOINS_COUR_AUDIO_OPT',3040,'PSP','2019-12-01','2099-12-31','50','EURO','',NULL,'',NULL),('ETENDU_ECO_SOINS_COUR_AUDIO_OPT',3050,'PSP','2019-12-01','2099-12-31','Non concerné',NULL,'',NULL,'',NULL),('ETENDU_ECO_SOINS_COUR_AUDIO_OPT',3060,'PSP','2019-12-01','2099-12-31','50','EURO','',NULL,'',NULL),('ETENDU_ECO_SOINS_COUR_AUDIO_OPT',3070,'PSP','2019-12-01','2099-12-31','25','EURO','',NULL,'',NULL),('ETENDU_ECO_SOINS_COUR_AUDIO_OPT',3080,'PSP','2019-12-01','2099-12-31','25','EURO','',NULL,'',NULL),('ETENDU_ECO_SOINS_COUR_AUDIO_OPT',3090,'PSP','2019-12-01','2099-12-31','75','EURO','',NULL,'',NULL),('ETENDU_ECO_SOINS_COUR_AUDIO_OPT',3100,'PSP','2019-12-01','2099-12-31','75','EURO','',NULL,'',NULL),('ETENDU_ECO_SOINS_COUR_AUDIO_OPT',3110,'PSP','2019-12-01','2099-12-31','100','POURCENT_BRSS','',NULL,'',NULL),('ETENDU_ECO_SOINS_COUR_AUDIO_OPT',3120,'PSP','2019-12-01','2099-12-31','',NULL,'',NULL,'',NULL),('ETENDU_ECO_SOINS_COUR_AUDIO_OPT',3130,'PSP','2019-12-01','2099-12-31','100','POURCENT_BRSS','',NULL,'',NULL),('ETENDU_ECO_SOINS_COUR_AUDIO_OPT',3140,'PSP','2019-12-01','2099-12-31','100','POURCENT_BRSS','',NULL,'',NULL),('ETENDU_ECO_SOINS_COUR_AUDIO_OPT',3150,'PSP','2019-12-01','2099-12-31','Non remboursé',NULL,'',NULL,'',NULL),('ETENDU_ECO_SOINS_COUR_AUDIO_OPT',3160,'PSP','2019-12-01','2099-12-31','+ 15','EURO','',NULL,'',NULL),('ETENDU_ECO_SOINS_COUR_AUDIO_OPT',3170,'PSP','2019-12-01','2099-12-31','+ 20','EURO','',NULL,'',NULL),('ETENDU_ECO_SOINS_COUR_AUDIO_OPT',3180,'PSP','2019-12-01','2099-12-31','',NULL,'',NULL,'',NULL),('ETENDU_ECO_SOINS_COUR_AUDIO_OPT',3190,'PSP','2019-12-01','2099-12-31','OUI',NULL,'',NULL,'',NULL),('ETENDU_ECO_SOINS_COUR_AUDIO_OPT',3200,'PSP','2019-12-01','2099-12-31','OUI',NULL,'',NULL,'',NULL),('ETENDU_ECO_SOINS_COUR_AUDIO_OPT',3210,'PSP','2019-12-01','2099-12-31','OUI',NULL,'',NULL,'',NULL),('ETENDU_ECO_SOINS_COUR_AUDIO_OPT',3220,'PSP','2019-12-01','2099-12-31','OUI',NULL,'',NULL,'',NULL),('ETENDU_ECO_SOINS_COUR_AUDIO_OPT',4000,'PSP','2019-12-01','2099-12-31','',NULL,'',NULL,'',5),('ETENDU_ECO_SOINS_COUR_AUDIO_OPT',4010,'PSP','2019-12-01','2099-12-31','',NULL,'',NULL,'',NULL),('ETENDU_ECO_SOINS_COUR_AUDIO_OPT',4020,'PSP','2019-12-01','2099-12-31','Sans reste à payer',NULL,'',NULL,'',NULL),('ETENDU_ECO_SOINS_COUR_AUDIO_OPT',4030,'PSP','2019-12-01','2099-12-31','',NULL,'',NULL,'',NULL),('ETENDU_ECO_SOINS_COUR_AUDIO_OPT',4040,'PSP','2019-12-01','2099-12-31','180','POURCENT_BRSS','',NULL,'',NULL),('ETENDU_ECO_SOINS_COUR_AUDIO_OPT',4050,'PSP','2019-12-01','2099-12-31','100','POURCENT_BRSS','',NULL,'',NULL),('ETENDU_ECO_SOINS_COUR_AUDIO_OPT',4060,'PSP','2019-12-01','2099-12-31','',NULL,'',NULL,'',NULL),('ETENDU_ECO_SOINS_COUR_AUDIO_OPT',4070,'PSP','2019-12-01','2099-12-31','100','POURCENT_BRSS','',NULL,'',NULL),('ETENDU_ECO_SOINS_COUR_AUDIO_OPT',4080,'PSP','2019-12-01','2099-12-31','+ 37,50','EURO','',NULL,'',NULL),('ETENDU_ECO_SOINS_COUR_AUDIO_OPT',4090,'PSP','2019-12-01','2099-12-31','+ 75','EURO','',NULL,'',NULL),('ETENDU_ECO_SOINS_COUR_AUDIO_OPT',4100,'PSP','2019-12-01','2099-12-31','',NULL,'',NULL,'',NULL),('ETENDU_ECO_SOINS_COUR_AUDIO_OPT',4110,'PSP','2019-12-01','2099-12-31','OUI',NULL,'',NULL,'',NULL),('ETENDU_ECO_SOINS_COUR_AUDIO_OPT',4120,'PSP','2019-12-01','2099-12-31','OUI',NULL,'',NULL,'',NULL),('ETENDU_ECO_SOINS_COUR_AUDIO_OPT',5000,'PSP','2019-12-01','2099-12-31','',NULL,'',NULL,'',5),('ETENDU_ECO_SOINS_COUR_AUDIO_OPT',5010,'PSP','2019-12-01','2099-12-31','',NULL,'',NULL,'',NULL),('ETENDU_ECO_SOINS_COUR_AUDIO_OPT',5020,'PSP','2019-12-01','2099-12-31','170','POURCENT_BRSS','',NULL,'',NULL),('ETENDU_ECO_SOINS_COUR_AUDIO_OPT',5030,'PSP','2019-12-01','2099-12-31','150','POURCENT_BRSS','',NULL,'',NULL),('ETENDU_ECO_SOINS_COUR_AUDIO_OPT',5040,'PSP','2019-12-01','2099-12-31','170','POURCENT_BRSS','',NULL,'',NULL),('ETENDU_ECO_SOINS_COUR_AUDIO_OPT',5050,'PSP','2019-12-01','2099-12-31','150','POURCENT_BRSS','',NULL,'',NULL),('ETENDU_ECO_SOINS_COUR_AUDIO_OPT',5060,'PSP','2019-12-01','2099-12-31','',NULL,'',NULL,'',NULL),('ETENDU_ECO_SOINS_COUR_AUDIO_OPT',5070,'PSP','2019-12-01','2099-12-31','100','POURCENT_BRSS','',NULL,'',NULL),('ETENDU_ECO_SOINS_COUR_AUDIO_OPT',5080,'PSP','2019-12-01','2099-12-31','Non remboursé',NULL,'',NULL,'',NULL),('ETENDU_ECO_SOINS_COUR_AUDIO_OPT',5090,'PSP','2019-12-01','2099-12-31','',NULL,'',NULL,'',NULL),('ETENDU_ECO_SOINS_COUR_AUDIO_OPT',5100,'PSP','2019-12-01','2099-12-31','100','POURCENT_BRSS','',NULL,'',NULL),('ETENDU_ECO_SOINS_COUR_AUDIO_OPT',5110,'PSP','2019-12-01','2099-12-31','',NULL,'',NULL,'',NULL),('ETENDU_ECO_SOINS_COUR_AUDIO_OPT',5120,'PSP','2019-12-01','2099-12-31','100','POURCENT_DE','',NULL,'',NULL),('ETENDU_ECO_SOINS_COUR_AUDIO_OPT',5130,'PSP','2019-12-01','2099-12-31','100','POURCENT_DE','',NULL,'',NULL),('ETENDU_ECO_SOINS_COUR_AUDIO_OPT',5140,'PSP','2019-12-01','2099-12-31','100','POURCENT_DE','',NULL,'',NULL),('ETENDU_ECO_SOINS_COUR_AUDIO_OPT',5150,'PSP','2019-12-01','2099-12-31','100','POURCENT_BRSS','',NULL,'',NULL),('ETENDU_ECO_SOINS_COUR_AUDIO_OPT',5160,'PSP','2019-12-01','2099-12-31','',NULL,'',NULL,'',NULL),('ETENDU_ECO_SOINS_COUR_AUDIO_OPT',5170,'PSP','2019-12-01','2099-12-31','100','POURCENT_BRSS','',NULL,'',NULL),('ETENDU_ECO_SOINS_COUR_AUDIO_OPT',5180,'PSP','2019-12-01','2099-12-31','',NULL,'',NULL,'',NULL),('ETENDU_ECO_SOINS_COUR_AUDIO_OPT',5190,'PSP','2019-12-01','2099-12-31','100','POURCENT_BRSS','',NULL,'',NULL),('ETENDU_ECO_SOINS_COUR_AUDIO_OPT',5200,'PSP','2019-12-01','2099-12-31','',NULL,'',NULL,'',NULL),('ETENDU_ECO_SOINS_COUR_AUDIO_OPT',5210,'PSP','2019-12-01','2099-12-31','Non remboursé',NULL,'',NULL,'',NULL),('ETENDU_ECO_SOINS_COUR_AUDIO_OPT',5220,'PSP','2019-12-01','2099-12-31','',NULL,'',NULL,'',NULL),('ETENDU_ECO_SOINS_COUR_AUDIO_OPT',5230,'PSP','2019-12-01','2099-12-31','Non remboursé',NULL,'',NULL,'',NULL),('ETENDU_ECO_SOINS_COUR_AUDIO_OPT',5240,'PSP','2019-12-01','2099-12-31','',NULL,'',NULL,'',NULL),('ETENDU_ECO_SOINS_COUR_AUDIO_OPT',5250,'PSP','2019-12-01','2099-12-31','100','POURCENT_BRSS','',NULL,'',NULL),('ETENDU_ECO_SOINS_COUR_AUDIO_OPT',5260,'PSP','2019-12-01','2099-12-31','',NULL,'',NULL,'',NULL),('ETENDU_ECO_SOINS_COUR_AUDIO_OPT',5270,'PSP','2019-12-01','2099-12-31','OUI',NULL,'',NULL,'',NULL),('ETENDU_ECO_SOINS_COUR_AUDIO_OPT',5280,'PSP','2019-12-01','2099-12-31','500','EURO','',NULL,'',NULL),('ETENDU_ECO_SOINS_COUR_AUDIO_OPT',5290,'PSP','2019-12-01','2099-12-31','OUI',NULL,'',NULL,'',NULL),('ETENDU_ECO_SOINS_COUR_AUDIO_OPT',5300,'PSP','2019-12-01','2099-12-31','OUI',NULL,'',NULL,'',NULL),('ETENDU_ECO_SOINS_COUR_AUDIO_OPT',5310,'PSP','2019-12-01','2099-12-31','OUI',NULL,'',NULL,'',NULL),('ETENDU_ECO_SOINS_COUR_AUDIO_OPT',5320,'PSP','2019-12-01','2099-12-31','OUI',NULL,'',NULL,'',NULL),('HOSPI',1000,'PSP','2019-12-01','2099-12-31','',NULL,'',NULL,'',8),('HOSPI',1010,'PSP','2019-12-01','2099-12-31','',NULL,'',NULL,'',NULL),('HOSPI',1020,'PSP','2019-12-01','2099-12-31','100','POURCENT_DE','',NULL,'',NULL),('HOSPI',1030,'PSP','2019-12-01','2099-12-31','',NULL,'',NULL,'',NULL),('HOSPI',1040,'PSP','2019-12-01','2099-12-31','220','POURCENT_BRSS','',NULL,'',NULL),('HOSPI',1050,'PSP','2019-12-01','2099-12-31','220','POURCENT_BRSS','',NULL,'',NULL),('HOSPI',1060,'PSP','2019-12-01','2099-12-31','',NULL,'',NULL,'',NULL),('HOSPI',1070,'PSP','2019-12-01','2099-12-31','100','POURCENT_DE','',NULL,'',NULL),('HOSPI',1080,'PSP','2019-12-01','2099-12-31','',NULL,'',NULL,'',NULL),('HOSPI',1090,'PSP','2019-12-01','2099-12-31','85','EURO','',NULL,'',NULL),('HOSPI',1100,'PSP','2019-12-01','2099-12-31','35','EURO','',NULL,'',NULL),('HOSPI',1110,'PSP','2019-12-01','2099-12-31','',NULL,'',NULL,'',NULL),('HOSPI',1120,'PSP','2019-12-01','2099-12-31','20','EURO','',NULL,'',NULL),('HOSPI',1130,'PSP','2019-12-01','2099-12-31','',NULL,'',NULL,'',NULL),('HOSPI',1140,'PSP','2019-12-01','2099-12-31','100','POURCENT_BRSS','',NULL,'',NULL),('HOSPI',1150,'PSP','2019-12-01','2099-12-31','',NULL,'',NULL,'',NULL),('HOSPI',1160,'PSP','2019-12-01','2099-12-31','OUI',NULL,'',NULL,'',NULL),('HOSPI',1170,'PSP','2019-12-01','2099-12-31','OUI',NULL,'',NULL,'',NULL),('HOSPI',1180,'PSP','2019-12-01','2099-12-31','OUI',NULL,'',NULL,'',NULL),('HOSPI',1190,'PSP','2019-12-01','2099-12-31','OUI',NULL,'',NULL,'',NULL),('HOSPI',1200,'PSP','2019-12-01','2099-12-31','OUI',NULL,'',NULL,'',NULL),('HOSPI',2000,'PSP','2019-12-01','2099-12-31','',NULL,'',NULL,'',NULL),('HOSPI',2010,'PSP','2019-12-01','2099-12-31','',NULL,'',NULL,'',NULL),('HOSPI',2020,'PSP','2019-12-01','2099-12-31','Non remboursé',NULL,'',NULL,'',NULL),('HOSPI',2030,'PSP','2019-12-01','2099-12-31','',NULL,'',NULL,'',NULL),('HOSPI',2040,'PSP','2019-12-01','2099-12-31','Non remboursé',NULL,'',NULL,'',NULL),('HOSPI',2050,'PSP','2019-12-01','2099-12-31','',NULL,'',NULL,'',NULL),('HOSPI',2060,'PSP','2019-12-01','2099-12-31','Non remboursé',NULL,'',NULL,'',NULL),('HOSPI',2070,'PSP','2019-12-01','2099-12-31','Non remboursé',NULL,'',NULL,'',NULL),('HOSPI',2080,'PSP','2019-12-01','2099-12-31','Non concerné',NULL,'',NULL,'',NULL),('HOSPI',2090,'PSP','2019-12-01','2099-12-31','Non concerné',NULL,'',NULL,'',NULL),('HOSPI',2100,'PSP','2019-12-01','2099-12-31','',NULL,'',NULL,'',NULL),('HOSPI',2110,'PSP','2019-12-01','2099-12-31','Non remboursé',NULL,'',NULL,'',NULL),('HOSPI',2120,'PSP','2019-12-01','2099-12-31','Non remboursé',NULL,'',NULL,'',NULL),('HOSPI',2130,'PSP','2019-12-01','2099-12-31','',NULL,'',NULL,'',NULL),('HOSPI',2140,'PSP','2019-12-01','2099-12-31','Non remboursé',NULL,'',NULL,'',NULL),('HOSPI',2150,'PSP','2019-12-01','2099-12-31','Non concerné',NULL,'',NULL,'',NULL),('HOSPI',2160,'PSP','2019-12-01','2099-12-31','Non concerné',NULL,'',NULL,'',NULL),('HOSPI',2170,'PSP','2019-12-01','2099-12-31','',NULL,'',NULL,'',NULL),('HOSPI',2180,'PSP','2019-12-01','2099-12-31','NON',NULL,'',NULL,'',NULL),('HOSPI',2190,'PSP','2019-12-01','2099-12-31','NON',NULL,'',NULL,'',NULL),('HOSPI',3000,'PSP','2019-12-01','2099-12-31','',NULL,'',NULL,'',NULL),('HOSPI',3010,'PSP','2019-12-01','2099-12-31','',NULL,'',NULL,'',NULL),('HOSPI',3020,'PSP','2019-12-01','2099-12-31','Non remboursé',NULL,'',NULL,'',NULL),('HOSPI',3030,'PSP','2019-12-01','2099-12-31','',NULL,'',NULL,'',NULL),('HOSPI',3040,'PSP','2019-12-01','2099-12-31','Non remboursé',NULL,'',NULL,'',NULL),('HOSPI',3050,'PSP','2019-12-01','2099-12-31','Non concerné',NULL,'',NULL,'',NULL),('HOSPI',3060,'PSP','2019-12-01','2099-12-31','Non remboursé',NULL,'',NULL,'',NULL),('HOSPI',3070,'PSP','2019-12-01','2099-12-31','Non remboursé',NULL,'',NULL,'',NULL),('HOSPI',3080,'PSP','2019-12-01','2099-12-31','Non remboursé',NULL,'',NULL,'',NULL),('HOSPI',3090,'PSP','2019-12-01','2099-12-31','Non remboursé',NULL,'',NULL,'',NULL),('HOSPI',3100,'PSP','2019-12-01','2099-12-31','Non remboursé',NULL,'',NULL,'',NULL),('HOSPI',3110,'PSP','2019-12-01','2099-12-31','Non remboursé',NULL,'',NULL,'',NULL),('HOSPI',3120,'PSP','2019-12-01','2099-12-31','',NULL,'',NULL,'',NULL),('HOSPI',3130,'PSP','2019-12-01','2099-12-31','Non remboursé',NULL,'',NULL,'',NULL),('HOSPI',3140,'PSP','2019-12-01','2099-12-31','Non remboursé',NULL,'',NULL,'',NULL),('HOSPI',3150,'PSP','2019-12-01','2099-12-31','Non remboursé',NULL,'',NULL,'',NULL),('HOSPI',3160,'PSP','2019-12-01','2099-12-31','Non concerné',NULL,'',NULL,'',NULL),('HOSPI',3170,'PSP','2019-12-01','2099-12-31','Non concerné',NULL,'',NULL,'',NULL),('HOSPI',3180,'PSP','2019-12-01','2099-12-31','',NULL,'',NULL,'',NULL),('HOSPI',3190,'PSP','2019-12-01','2099-12-31','NON',NULL,'',NULL,'',NULL),('HOSPI',3200,'PSP','2019-12-01','2099-12-31','NON',NULL,'',NULL,'',NULL),('HOSPI',3210,'PSP','2019-12-01','2099-12-31','NON',NULL,'',NULL,'',NULL),('HOSPI',3220,'PSP','2019-12-01','2099-12-31','NON',NULL,'',NULL,'',NULL),('HOSPI',4000,'PSP','2019-12-01','2099-12-31','',NULL,'',NULL,'',NULL),('HOSPI',4010,'PSP','2019-12-01','2099-12-31','',NULL,'',NULL,'',NULL),('HOSPI',4020,'PSP','2019-12-01','2099-12-31','Non remboursé',NULL,'',NULL,'',NULL),('HOSPI',4030,'PSP','2019-12-01','2099-12-31','',NULL,'',NULL,'',NULL),('HOSPI',4040,'PSP','2019-12-01','2099-12-31','Non remboursé',NULL,'',NULL,'',NULL),('HOSPI',4050,'PSP','2019-12-01','2099-12-31','Non remboursé',NULL,'',NULL,'',NULL),('HOSPI',4060,'PSP','2019-12-01','2099-12-31','',NULL,'',NULL,'',NULL),('HOSPI',4070,'PSP','2019-12-01','2099-12-31','Non remboursé',NULL,'',NULL,'',NULL),('HOSPI',4080,'PSP','2019-12-01','2099-12-31','Non concerné',NULL,'',NULL,'',NULL),('HOSPI',4090,'PSP','2019-12-01','2099-12-31','Non concerné',NULL,'',NULL,'',NULL),('HOSPI',4100,'PSP','2019-12-01','2099-12-31','',NULL,'',NULL,'',NULL),('HOSPI',4110,'PSP','2019-12-01','2099-12-31','NON',NULL,'',NULL,'',NULL),('HOSPI',4120,'PSP','2019-12-01','2099-12-31','NON',NULL,'',NULL,'',NULL),('HOSPI',5000,'PSP','2019-12-01','2099-12-31','',NULL,'',NULL,'',NULL),('HOSPI',5010,'PSP','2019-12-01','2099-12-31','',NULL,'',NULL,'',NULL),('HOSPI',5020,'PSP','2019-12-01','2099-12-31','Non remboursé',NULL,'',NULL,'',NULL),('HOSPI',5030,'PSP','2019-12-01','2099-12-31','Non remboursé',NULL,'',NULL,'',NULL),('HOSPI',5040,'PSP','2019-12-01','2099-12-31','Non remboursé',NULL,'',NULL,'',NULL),('HOSPI',5050,'PSP','2019-12-01','2099-12-31','Non remboursé',NULL,'',NULL,'',NULL),('HOSPI',5060,'PSP','2019-12-01','2099-12-31','',NULL,'',NULL,'',NULL),('HOSPI',5070,'PSP','2019-12-01','2099-12-31','Non remboursé',NULL,'',NULL,'',NULL),('HOSPI',5080,'PSP','2019-12-01','2099-12-31','Non remboursé',NULL,'',NULL,'',NULL),('HOSPI',5090,'PSP','2019-12-01','2099-12-31','',NULL,'',NULL,'',NULL),('HOSPI',5100,'PSP','2019-12-01','2099-12-31','Non remboursé',NULL,'',NULL,'',NULL),('HOSPI',5110,'PSP','2019-12-01','2099-12-31','',NULL,'',NULL,'',NULL),('HOSPI',5120,'PSP','2019-12-01','2099-12-31','Non remboursé',NULL,'',NULL,'',NULL),('HOSPI',5130,'PSP','2019-12-01','2099-12-31','Non remboursé',NULL,'',NULL,'',NULL),('HOSPI',5140,'PSP','2019-12-01','2099-12-31','Non remboursé',NULL,'',NULL,'',NULL),('HOSPI',5150,'PSP','2019-12-01','2099-12-31','Non remboursé',NULL,'',NULL,'',NULL),('HOSPI',5160,'PSP','2019-12-01','2099-12-31','',NULL,'',NULL,'',NULL),('HOSPI',5170,'PSP','2019-12-01','2099-12-31','Non remboursé',NULL,'',NULL,'',NULL),('HOSPI',5180,'PSP','2019-12-01','2099-12-31','',NULL,'',NULL,'',NULL),('HOSPI',5190,'PSP','2019-12-01','2099-12-31','Non remboursé',NULL,'',NULL,'',NULL),('HOSPI',5200,'PSP','2019-12-01','2099-12-31','',NULL,'',NULL,'',NULL),('HOSPI',5210,'PSP','2019-12-01','2099-12-31','Non remboursé',NULL,'',NULL,'',NULL),('HOSPI',5220,'PSP','2019-12-01','2099-12-31','',NULL,'',NULL,'',NULL),('HOSPI',5230,'PSP','2019-12-01','2099-12-31','Non remboursé',NULL,'',NULL,'',NULL),('HOSPI',5240,'PSP','2019-12-01','2099-12-31','',NULL,'',NULL,'',NULL),('HOSPI',5250,'PSP','2019-12-01','2099-12-31','Non remboursé',NULL,'',NULL,'',NULL),('HOSPI',5260,'PSP','2019-12-01','2099-12-31','',NULL,'',NULL,'',NULL),('HOSPI',5270,'PSP','2019-12-01','2099-12-31','NON',NULL,'',NULL,'',NULL),('HOSPI',5280,'PSP','2019-12-01','2099-12-31','500','EURO','',NULL,'',NULL),('HOSPI',5290,'PSP','2019-12-01','2099-12-31','NON',NULL,'',NULL,'',NULL),('HOSPI',5300,'PSP','2019-12-01','2099-12-31','NON',NULL,'',NULL,'',NULL),('HOSPI',5310,'PSP','2019-12-01','2099-12-31','NON',NULL,'',NULL,'',NULL),('HOSPI',5320,'PSP','2019-12-01','2099-12-31','NON',NULL,'',NULL,'',NULL),('INITIAL',1000,'PSP','2019-12-01','2099-12-31','',NULL,'',NULL,'',2),('INITIAL',1010,'PSP','2019-12-01','2099-12-31','',NULL,'',NULL,'',NULL),('INITIAL',1020,'PSP','2019-12-01','2099-12-31','100','POURCENT_DE','',NULL,'',NULL),('INITIAL',1030,'PSP','2019-12-01','2099-12-31','',NULL,'',NULL,'',NULL),('INITIAL',1040,'PSP','2019-12-01','2099-12-31','100','POURCENT_BRSS','',NULL,'',NULL),('INITIAL',1050,'PSP','2019-12-01','2099-12-31','100','POURCENT_BRSS','',NULL,'',NULL),('INITIAL',1060,'PSP','2019-12-01','2099-12-31','',NULL,'',NULL,'',NULL),('INITIAL',1070,'PSP','2019-12-01','2099-12-31','100','POURCENT_DE','',NULL,'',NULL),('INITIAL',1080,'PSP','2019-12-01','2099-12-31','',NULL,'',NULL,'',NULL),('INITIAL',1090,'PSP','2019-12-01','2099-12-31','Non remboursé',NULL,'',NULL,'',NULL),('INITIAL',1100,'PSP','2019-12-01','2099-12-31','Non remboursé',NULL,'',NULL,'',NULL),('INITIAL',1110,'PSP','2019-12-01','2099-12-31','',NULL,'',NULL,'',NULL),('INITIAL',1120,'PSP','2019-12-01','2099-12-31','Non remboursé',NULL,'',NULL,'',NULL),('INITIAL',1130,'PSP','2019-12-01','2099-12-31','',NULL,'',NULL,'',NULL),('INITIAL',1140,'PSP','2019-12-01','2099-12-31','100','POURCENT_BRSS','',NULL,'',NULL),('INITIAL',1150,'PSP','2019-12-01','2099-12-31','',NULL,'',NULL,'',NULL),('INITIAL',1160,'PSP','2019-12-01','2099-12-31','OUI',NULL,'',NULL,'',NULL),('INITIAL',1170,'PSP','2019-12-01','2099-12-31','OUI',NULL,'',NULL,'',NULL),('INITIAL',1180,'PSP','2019-12-01','2099-12-31','OUI',NULL,'',NULL,'',NULL),('INITIAL',1190,'PSP','2019-12-01','2099-12-31','OUI',NULL,'',NULL,'',NULL),('INITIAL',1200,'PSP','2019-12-01','2099-12-31','OUI',NULL,'',NULL,'',NULL),('INITIAL',2000,'PSP','2019-12-01','2099-12-31','',NULL,'',NULL,'',2),('INITIAL',2010,'PSP','2019-12-01','2099-12-31','',NULL,'',NULL,'',NULL),('INITIAL',2020,'PSP','2019-12-01','2099-12-31','Sans reste à payer',NULL,'',NULL,'',NULL),('INITIAL',2030,'PSP','2019-12-01','2099-12-31','',NULL,'',NULL,'',NULL),('INITIAL',2040,'PSP','2019-12-01','2099-12-31','100','POURCENT_BRSS','',NULL,'',NULL),('INITIAL',2050,'PSP','2019-12-01','2099-12-31','',NULL,'',NULL,'',NULL),('INITIAL',2060,'PSP','2019-12-01','2099-12-31','100','POURCENT_BRSS','',NULL,'',NULL),('INITIAL',2070,'PSP','2019-12-01','2099-12-31','Non remboursé',NULL,'',NULL,'',NULL),('INITIAL',2080,'PSP','2019-12-01','2099-12-31','Non concerné',NULL,'',NULL,'',NULL),('INITIAL',2090,'PSP','2019-12-01','2099-12-31','Non concerné',NULL,'',NULL,'',NULL),('INITIAL',2100,'PSP','2019-12-01','2099-12-31','',NULL,'',NULL,'',NULL),('INITIAL',2110,'PSP','2019-12-01','2099-12-31','100','POURCENT_BRSS','',NULL,'',NULL),('INITIAL',2120,'PSP','2019-12-01','2099-12-31','Non remboursé',NULL,'',NULL,'',NULL),('INITIAL',2130,'PSP','2019-12-01','2099-12-31','',NULL,'',NULL,'',NULL),('INITIAL',2140,'PSP','2019-12-01','2099-12-31','100','POURCENT_BRSS','',NULL,'',NULL),('INITIAL',2150,'PSP','2019-12-01','2099-12-31','Non concerné',NULL,'',NULL,'',NULL),('INITIAL',2160,'PSP','2019-12-01','2099-12-31','Non concerné',NULL,'',NULL,'',NULL),('INITIAL',2170,'PSP','2019-12-01','2099-12-31','',NULL,'',NULL,'',NULL),('INITIAL',2180,'PSP','2019-12-01','2099-12-31','OUI',NULL,'',NULL,'',NULL),('INITIAL',2190,'PSP','2019-12-01','2099-12-31','OUI',NULL,'',NULL,'',NULL),('INITIAL',3000,'PSP','2019-12-01','2099-12-31','',NULL,'',NULL,'',2),('INITIAL',3010,'PSP','2019-12-01','2099-12-31','',NULL,'',NULL,'',NULL),('INITIAL',3020,'PSP','2019-12-01','2099-12-31','Sans reste à payer',NULL,'',NULL,'',NULL),('INITIAL',3030,'PSP','2019-12-01','2099-12-31','',NULL,'',NULL,'',NULL),('INITIAL',3040,'PSP','2019-12-01','2099-12-31','100','POURCENT_BRSS','',NULL,'',NULL),('INITIAL',3050,'PSP','2019-12-01','2099-12-31','Non concerné',NULL,'',NULL,'',NULL),('INITIAL',3060,'PSP','2019-12-01','2099-12-31','100','POURCENT_BRSS','',NULL,'',NULL),('INITIAL',3070,'PSP','2019-12-01','2099-12-31','100','POURCENT_BRSS','',NULL,'',NULL),('INITIAL',3080,'PSP','2019-12-01','2099-12-31','100','POURCENT_BRSS','',NULL,'',NULL),('INITIAL',3090,'PSP','2019-12-01','2099-12-31','100','POURCENT_BRSS','',NULL,'',NULL),('INITIAL',3100,'PSP','2019-12-01','2099-12-31','100','POURCENT_BRSS','',NULL,'',NULL),('INITIAL',3110,'PSP','2019-12-01','2099-12-31','100','POURCENT_BRSS','',NULL,'',NULL),('INITIAL',3120,'PSP','2019-12-01','2099-12-31','',NULL,'',NULL,'',NULL),('INITIAL',3130,'PSP','2019-12-01','2099-12-31','100','POURCENT_BRSS','',NULL,'',NULL),('INITIAL',3140,'PSP','2019-12-01','2099-12-31','100','POURCENT_BRSS','',NULL,'',NULL),('INITIAL',3150,'PSP','2019-12-01','2099-12-31','Non remboursé',NULL,'',NULL,'',NULL),('INITIAL',3160,'PSP','2019-12-01','2099-12-31','Non concerné',NULL,'',NULL,'',NULL),('INITIAL',3170,'PSP','2019-12-01','2099-12-31','Non concerné',NULL,'',NULL,'',NULL),('INITIAL',3180,'PSP','2019-12-01','2099-12-31','',NULL,'',NULL,'',NULL),('INITIAL',3190,'PSP','2019-12-01','2099-12-31','OUI',NULL,'',NULL,'',NULL),('INITIAL',3200,'PSP','2019-12-01','2099-12-31','OUI',NULL,'',NULL,'',NULL),('INITIAL',3210,'PSP','2019-12-01','2099-12-31','OUI',NULL,'',NULL,'',NULL),('INITIAL',3220,'PSP','2019-12-01','2099-12-31','OUI',NULL,'',NULL,'',NULL),('INITIAL',4000,'PSP','2019-12-01','2099-12-31','',NULL,'',NULL,'',2),('INITIAL',4010,'PSP','2019-12-01','2099-12-31','',NULL,'',NULL,'',NULL),('INITIAL',4020,'PSP','2019-12-01','2099-12-31','Sans reste à payer',NULL,'',NULL,'',NULL),('INITIAL',4030,'PSP','2019-12-01','2099-12-31','',NULL,'',NULL,'',NULL),('INITIAL',4040,'PSP','2019-12-01','2099-12-31','100','POURCENT_BRSS','',NULL,'',NULL),('INITIAL',4050,'PSP','2019-12-01','2099-12-31','100','POURCENT_BRSS','',NULL,'',NULL),('INITIAL',4060,'PSP','2019-12-01','2099-12-31','',NULL,'',NULL,'',NULL),('INITIAL',4070,'PSP','2019-12-01','2099-12-31','100','POURCENT_BRSS','',NULL,'',NULL),('INITIAL',4080,'PSP','2019-12-01','2099-12-31','Non concerné',NULL,'',NULL,'',NULL),('INITIAL',4090,'PSP','2019-12-01','2099-12-31','Non concerné',NULL,'',NULL,'',NULL),('INITIAL',4100,'PSP','2019-12-01','2099-12-31','',NULL,'',NULL,'',NULL),('INITIAL',4110,'PSP','2019-12-01','2099-12-31','OUI',NULL,'',NULL,'',NULL),('INITIAL',4120,'PSP','2019-12-01','2099-12-31','OUI',NULL,'',NULL,'',NULL),('INITIAL',5000,'PSP','2019-12-01','2099-12-31','',NULL,'',NULL,'',2),('INITIAL',5010,'PSP','2019-12-01','2099-12-31','',NULL,'',NULL,'',NULL),('INITIAL',5020,'PSP','2019-12-01','2099-12-31','100','POURCENT_BRSS','',NULL,'',NULL),('INITIAL',5030,'PSP','2019-12-01','2099-12-31','100','POURCENT_BRSS','',NULL,'',NULL),('INITIAL',5040,'PSP','2019-12-01','2099-12-31','100','POURCENT_BRSS','',NULL,'',NULL),('INITIAL',5050,'PSP','2019-12-01','2099-12-31','100','POURCENT_BRSS','',NULL,'',NULL),('INITIAL',5060,'PSP','2019-12-01','2099-12-31','',NULL,'',NULL,'',NULL),('INITIAL',5070,'PSP','2019-12-01','2099-12-31','100','POURCENT_BRSS','',NULL,'',NULL),('INITIAL',5080,'PSP','2019-12-01','2099-12-31','Non remboursé',NULL,'',NULL,'',NULL),('INITIAL',5090,'PSP','2019-12-01','2099-12-31','',NULL,'',NULL,'',NULL),('INITIAL',5100,'PSP','2019-12-01','2099-12-31','100','POURCENT_BRSS','',NULL,'',NULL),('INITIAL',5110,'PSP','2019-12-01','2099-12-31','',NULL,'',NULL,'',NULL),('INITIAL',5120,'PSP','2019-12-01','2099-12-31','100','POURCENT_DE','',NULL,'',NULL),('INITIAL',5130,'PSP','2019-12-01','2099-12-31','100','POURCENT_DE','',NULL,'',NULL),('INITIAL',5140,'PSP','2019-12-01','2099-12-31','100','POURCENT_DE','',NULL,'',NULL),('INITIAL',5150,'PSP','2019-12-01','2099-12-31','100','POURCENT_BRSS','',NULL,'',NULL),('INITIAL',5160,'PSP','2019-12-01','2099-12-31','',NULL,'',NULL,'',NULL),('INITIAL',5170,'PSP','2019-12-01','2099-12-31','100','POURCENT_BRSS','',NULL,'',NULL),('INITIAL',5180,'PSP','2019-12-01','2099-12-31','',NULL,'',NULL,'',NULL),('INITIAL',5190,'PSP','2019-12-01','2099-12-31','100','POURCENT_BRSS','',NULL,'',NULL),('INITIAL',5200,'PSP','2019-12-01','2099-12-31','',NULL,'',NULL,'',NULL),('INITIAL',5210,'PSP','2019-12-01','2099-12-31','Non remboursé',NULL,'',NULL,'',NULL),('INITIAL',5220,'PSP','2019-12-01','2099-12-31','',NULL,'',NULL,'',NULL),('INITIAL',5230,'PSP','2019-12-01','2099-12-31','Non remboursé',NULL,'',NULL,'',NULL),('INITIAL',5240,'PSP','2019-12-01','2099-12-31','',NULL,'',NULL,'',NULL),('INITIAL',5250,'PSP','2019-12-01','2099-12-31','100','POURCENT_BRSS','',NULL,'',NULL),('INITIAL',5260,'PSP','2019-12-01','2099-12-31','',NULL,'',NULL,'',NULL),('INITIAL',5270,'PSP','2019-12-01','2099-12-31','OUI',NULL,'',NULL,'',NULL),('INITIAL',5280,'PSP','2019-12-01','2099-12-31','500','EURO','',NULL,'',NULL),('INITIAL',5290,'PSP','2019-12-01','2099-12-31','OUI',NULL,'',NULL,'',NULL),('INITIAL',5300,'PSP','2019-12-01','2099-12-31','OUI',NULL,'',NULL,'',NULL),('INITIAL',5310,'PSP','2019-12-01','2099-12-31','OUI',NULL,'',NULL,'',NULL),('INITIAL',5320,'PSP','2019-12-01','2099-12-31','OUI',NULL,'',NULL,'',NULL),('INTEGRAL',1000,'PSP','2019-12-01','2099-12-31','',NULL,'',NULL,'',8),('INTEGRAL',1010,'PSP','2019-12-01','2099-12-31','',NULL,'',NULL,'',NULL),('INTEGRAL',1020,'PSP','2019-12-01','2099-12-31','100','POURCENT_DE','',NULL,'',NULL),('INTEGRAL',1030,'PSP','2019-12-01','2099-12-31','',NULL,'',NULL,'',NULL),('INTEGRAL',1040,'PSP','2019-12-01','2099-12-31','240','POURCENT_BRSS','',NULL,'',NULL),('INTEGRAL',1050,'PSP','2019-12-01','2099-12-31','200','POURCENT_BRSS','',NULL,'',NULL),('INTEGRAL',1060,'PSP','2019-12-01','2099-12-31','',NULL,'',NULL,'',NULL),('INTEGRAL',1070,'PSP','2019-12-01','2099-12-31','100','POURCENT_DE','',NULL,'',NULL),('INTEGRAL',1080,'PSP','2019-12-01','2099-12-31','',NULL,'',NULL,'',NULL),('INTEGRAL',1090,'PSP','2019-12-01','2099-12-31','100','EURO','',NULL,'',NULL),('INTEGRAL',1100,'PSP','2019-12-01','2099-12-31','40','EURO','',NULL,'',NULL),('INTEGRAL',1110,'PSP','2019-12-01','2099-12-31','',NULL,'',NULL,'',NULL),('INTEGRAL',1120,'PSP','2019-12-01','2099-12-31','20','EURO','',NULL,'',NULL),('INTEGRAL',1130,'PSP','2019-12-01','2099-12-31','',NULL,'',NULL,'',NULL),('INTEGRAL',1140,'PSP','2019-12-01','2099-12-31','100','POURCENT_BRSS','',NULL,'',NULL),('INTEGRAL',1150,'PSP','2019-12-01','2099-12-31','',NULL,'',NULL,'',NULL),('INTEGRAL',1160,'PSP','2019-12-01','2099-12-31','OUI',NULL,'',NULL,'',NULL),('INTEGRAL',1170,'PSP','2019-12-01','2099-12-31','OUI',NULL,'',NULL,'',NULL),('INTEGRAL',1180,'PSP','2019-12-01','2099-12-31','OUI',NULL,'',NULL,'',NULL),('INTEGRAL',1190,'PSP','2019-12-01','2099-12-31','OUI',NULL,'',NULL,'',NULL),('INTEGRAL',1200,'PSP','2019-12-01','2099-12-31','OUI',NULL,'',NULL,'',NULL),('INTEGRAL',2000,'PSP','2019-12-01','2099-12-31','',NULL,'',NULL,'',8),('INTEGRAL',2010,'PSP','2019-12-01','2099-12-31','',NULL,'',NULL,'',NULL),('INTEGRAL',2020,'PSP','2019-12-01','2099-12-31','Sans reste à payer',NULL,'',NULL,'',NULL),('INTEGRAL',2030,'PSP','2019-12-01','2099-12-31','',NULL,'',NULL,'',NULL),('INTEGRAL',2040,'PSP','2019-12-01','2099-12-31','100','POURCENT_BRSS','',NULL,'',NULL),('INTEGRAL',2050,'PSP','2019-12-01','2099-12-31','',NULL,'',NULL,'',NULL),('INTEGRAL',2060,'PSP','2019-12-01','2099-12-31','240','POURCENT_BRSS','240','EURO','',NULL),('INTEGRAL',2070,'PSP','2019-12-01','2099-12-31','240','EURO','',NULL,'',NULL),('INTEGRAL',2080,'PSP','2019-12-01','2099-12-31','200','EURO','',NULL,'',NULL),('INTEGRAL',2090,'PSP','2019-12-01','2099-12-31','400','EURO','',NULL,'',NULL),('INTEGRAL',2100,'PSP','2019-12-01','2099-12-31','',NULL,'',NULL,'',NULL),('INTEGRAL',2110,'PSP','2019-12-01','2099-12-31','200','POURCENT_BRSS','200','EURO','',NULL),('INTEGRAL',2120,'PSP','2019-12-01','2099-12-31','200','EURO','',NULL,'',NULL),('INTEGRAL',2130,'PSP','2019-12-01','2099-12-31','',NULL,'',NULL,'',NULL),('INTEGRAL',2140,'PSP','2019-12-01','2099-12-31','200','POURCENT_BRSS','200','EURO','',NULL),('INTEGRAL',2150,'PSP','2019-12-01','2099-12-31','+ 100','EURO','',NULL,'',NULL),('INTEGRAL',2160,'PSP','2019-12-01','2099-12-31','+ 200','EURO','',NULL,'',NULL),('INTEGRAL',2170,'PSP','2019-12-01','2099-12-31','',NULL,'',NULL,'',NULL),('INTEGRAL',2180,'PSP','2019-12-01','2099-12-31','OUI',NULL,'',NULL,'',NULL),('INTEGRAL',2190,'PSP','2019-12-01','2099-12-31','OUI',NULL,'',NULL,'',NULL),('INTEGRAL',3000,'PSP','2019-12-01','2099-12-31','',NULL,'',NULL,'',8),('INTEGRAL',3010,'PSP','2019-12-01','2099-12-31','',NULL,'',NULL,'',NULL),('INTEGRAL',3020,'PSP','2019-12-01','2099-12-31','Sans reste à payer',NULL,'',NULL,'',NULL),('INTEGRAL',3030,'PSP','2019-12-01','2099-12-31','',NULL,'',NULL,'',NULL),('INTEGRAL',3040,'PSP','2019-12-01','2099-12-31','100','EURO','',NULL,'',NULL),('INTEGRAL',3050,'PSP','2019-12-01','2099-12-31','Non concerné',NULL,'',NULL,'',NULL),('INTEGRAL',3060,'PSP','2019-12-01','2099-12-31','100','EURO','',NULL,'',NULL),('INTEGRAL',3070,'PSP','2019-12-01','2099-12-31','100','POURCENT_DE','',NULL,'',NULL),('INTEGRAL',3080,'PSP','2019-12-01','2099-12-31','100','EURO','',NULL,'',NULL),('INTEGRAL',3090,'PSP','2019-12-01','2099-12-31','100','POURCENT_DE','',NULL,'',NULL),('INTEGRAL',3100,'PSP','2019-12-01','2099-12-31','200','EURO','',NULL,'',NULL),('INTEGRAL',3110,'PSP','2019-12-01','2099-12-31','100','POURCENT_BRSS','',NULL,'',NULL),('INTEGRAL',3120,'PSP','2019-12-01','2099-12-31','',NULL,'',NULL,'',NULL),('INTEGRAL',3130,'PSP','2019-12-01','2099-12-31','240','EURO','',NULL,'',NULL),('INTEGRAL',3140,'PSP','2019-12-01','2099-12-31','200','EURO','',NULL,'',NULL),('INTEGRAL',3150,'PSP','2019-12-01','2099-12-31','200','EURO','',NULL,'',NULL),('INTEGRAL',3160,'PSP','2019-12-01','2099-12-31','+ 40','EURO','',NULL,'',NULL),('INTEGRAL',3170,'PSP','2019-12-01','2099-12-31','+ 50','EURO','',NULL,'',NULL),('INTEGRAL',3180,'PSP','2019-12-01','2099-12-31','',NULL,'',NULL,'',NULL),('INTEGRAL',3190,'PSP','2019-12-01','2099-12-31','OUI',NULL,'',NULL,'',NULL),('INTEGRAL',3200,'PSP','2019-12-01','2099-12-31','OUI',NULL,'',NULL,'',NULL),('INTEGRAL',3210,'PSP','2019-12-01','2099-12-31','OUI',NULL,'',NULL,'',NULL),('INTEGRAL',3220,'PSP','2019-12-01','2099-12-31','OUI',NULL,'',NULL,'',NULL),('INTEGRAL',4000,'PSP','2019-12-01','2099-12-31','',NULL,'',NULL,'',8),('INTEGRAL',4010,'PSP','2019-12-01','2099-12-31','',NULL,'',NULL,'',NULL),('INTEGRAL',4020,'PSP','2019-12-01','2099-12-31','Sans reste à payer',NULL,'',NULL,'',NULL),('INTEGRAL',4030,'PSP','2019-12-01','2099-12-31','',NULL,'',NULL,'',NULL),('INTEGRAL',4040,'PSP','2019-12-01','2099-12-31','240','POURCENT_BRSS','240','EURO','',NULL),('INTEGRAL',4050,'PSP','2019-12-01','2099-12-31','200','POURCENT_BRSS','200','EURO','',NULL),('INTEGRAL',4060,'PSP','2019-12-01','2099-12-31','',NULL,'',NULL,'',NULL),('INTEGRAL',4070,'PSP','2019-12-01','2099-12-31','100','POURCENT_BRSS','',NULL,'',NULL),('INTEGRAL',4080,'PSP','2019-12-01','2099-12-31','+ 100','EURO','',NULL,'',NULL),('INTEGRAL',4090,'PSP','2019-12-01','2099-12-31','+ 200','EURO','',NULL,'',NULL),('INTEGRAL',4100,'PSP','2019-12-01','2099-12-31','',NULL,'',NULL,'',NULL),('INTEGRAL',4110,'PSP','2019-12-01','2099-12-31','OUI',NULL,'',NULL,'',NULL),('INTEGRAL',4120,'PSP','2019-12-01','2099-12-31','OUI',NULL,'',NULL,'',NULL),('INTEGRAL',5000,'PSP','2019-12-01','2099-12-31','',NULL,'',NULL,'',8),('INTEGRAL',5010,'PSP','2019-12-01','2099-12-31','',NULL,'',NULL,'',NULL),('INTEGRAL',5020,'PSP','2019-12-01','2099-12-31','240','POURCENT_BRSS','',NULL,'',NULL),('INTEGRAL',5030,'PSP','2019-12-01','2099-12-31','200','POURCENT_BRSS','',NULL,'',NULL),('INTEGRAL',5040,'PSP','2019-12-01','2099-12-31','240','POURCENT_BRSS','',NULL,'',NULL),('INTEGRAL',5050,'PSP','2019-12-01','2099-12-31','200','POURCENT_BRSS','',NULL,'',NULL),('INTEGRAL',5060,'PSP','2019-12-01','2099-12-31','',NULL,'',NULL,'',NULL),('INTEGRAL',5070,'PSP','2019-12-01','2099-12-31','200','POURCENT_BRSS','',NULL,'',NULL),('INTEGRAL',5080,'PSP','2019-12-01','2099-12-31','20','EURO','',NULL,'',NULL),('INTEGRAL',5090,'PSP','2019-12-01','2099-12-31','',NULL,'',NULL,'',NULL),('INTEGRAL',5100,'PSP','2019-12-01','2099-12-31','100','POURCENT_BRSS','',NULL,'',NULL),('INTEGRAL',5110,'PSP','2019-12-01','2099-12-31','',NULL,'',NULL,'',NULL),('INTEGRAL',5120,'PSP','2019-12-01','2099-12-31','100','POURCENT_DE','',NULL,'',NULL),('INTEGRAL',5130,'PSP','2019-12-01','2099-12-31','100','POURCENT_DE','',NULL,'',NULL),('INTEGRAL',5140,'PSP','2019-12-01','2099-12-31','100','POURCENT_DE','',NULL,'',NULL),('INTEGRAL',5150,'PSP','2019-12-01','2099-12-31','100','POURCENT_BRSS','',NULL,'',NULL),('INTEGRAL',5160,'PSP','2019-12-01','2099-12-31','',NULL,'',NULL,'',NULL),('INTEGRAL',5170,'PSP','2019-12-01','2099-12-31','100','POURCENT_BRSS','',NULL,'',NULL),('INTEGRAL',5180,'PSP','2019-12-01','2099-12-31','',NULL,'',NULL,'',NULL),('INTEGRAL',5190,'PSP','2019-12-01','2099-12-31','200','POURCENT_BRSS','200','EURO','',NULL),('INTEGRAL',5200,'PSP','2019-12-01','2099-12-31','',NULL,'',NULL,'',NULL),('INTEGRAL',5210,'PSP','2019-12-01','2099-12-31','200','EURO','',NULL,'',NULL),('INTEGRAL',5220,'PSP','2019-12-01','2099-12-31','',NULL,'',NULL,'',NULL),('INTEGRAL',5230,'PSP','2019-12-01','2099-12-31','20','EURO','',NULL,'',NULL),('INTEGRAL',5240,'PSP','2019-12-01','2099-12-31','',NULL,'',NULL,'',NULL),('INTEGRAL',5250,'PSP','2019-12-01','2099-12-31','100','POURCENT_BRSS','',NULL,'',NULL),('INTEGRAL',5260,'PSP','2019-12-01','2099-12-31','',NULL,'',NULL,'',NULL),('INTEGRAL',5270,'PSP','2019-12-01','2099-12-31','OUI',NULL,'',NULL,'',NULL),('INTEGRAL',5280,'PSP','2019-12-01','2099-12-31','500','EURO','',NULL,'',NULL),('INTEGRAL',5290,'PSP','2019-12-01','2099-12-31','OUI',NULL,'',NULL,'',NULL),('INTEGRAL',5300,'PSP','2019-12-01','2099-12-31','OUI',NULL,'',NULL,'',NULL),('INTEGRAL',5310,'PSP','2019-12-01','2099-12-31','OUI',NULL,'',NULL,'',NULL),('INTEGRAL',5320,'PSP','2019-12-01','2099-12-31','OUI',NULL,'',NULL,'',NULL),('INTEGRAL_ECO_DENT',1000,'PSP','2019-12-01','2099-12-31','',NULL,'',NULL,'',8),('INTEGRAL_ECO_DENT',1010,'PSP','2019-12-01','2099-12-31','',NULL,'',NULL,'',NULL),('INTEGRAL_ECO_DENT',1020,'PSP','2019-12-01','2099-12-31','100','POURCENT_DE','',NULL,'',NULL),('INTEGRAL_ECO_DENT',1030,'PSP','2019-12-01','2099-12-31','',NULL,'',NULL,'',NULL),('INTEGRAL_ECO_DENT',1040,'PSP','2019-12-01','2099-12-31','240','POURCENT_BRSS','',NULL,'',NULL),('INTEGRAL_ECO_DENT',1050,'PSP','2019-12-01','2099-12-31','200','POURCENT_BRSS','',NULL,'',NULL),('INTEGRAL_ECO_DENT',1060,'PSP','2019-12-01','2099-12-31','',NULL,'',NULL,'',NULL),('INTEGRAL_ECO_DENT',1070,'PSP','2019-12-01','2099-12-31','100','POURCENT_DE','',NULL,'',NULL),('INTEGRAL_ECO_DENT',1080,'PSP','2019-12-01','2099-12-31','',NULL,'',NULL,'',NULL),('INTEGRAL_ECO_DENT',1090,'PSP','2019-12-01','2099-12-31','100','EURO','',NULL,'',NULL),('INTEGRAL_ECO_DENT',1100,'PSP','2019-12-01','2099-12-31','40','EURO','',NULL,'',NULL),('INTEGRAL_ECO_DENT',1110,'PSP','2019-12-01','2099-12-31','',NULL,'',NULL,'',NULL),('INTEGRAL_ECO_DENT',1120,'PSP','2019-12-01','2099-12-31','20','EURO','',NULL,'',NULL),('INTEGRAL_ECO_DENT',1130,'PSP','2019-12-01','2099-12-31','',NULL,'',NULL,'',NULL),('INTEGRAL_ECO_DENT',1140,'PSP','2019-12-01','2099-12-31','100','POURCENT_BRSS','',NULL,'',NULL),('INTEGRAL_ECO_DENT',1150,'PSP','2019-12-01','2099-12-31','',NULL,'',NULL,'',NULL),('INTEGRAL_ECO_DENT',1160,'PSP','2019-12-01','2099-12-31','OUI',NULL,'',NULL,'',NULL),('INTEGRAL_ECO_DENT',1170,'PSP','2019-12-01','2099-12-31','OUI',NULL,'',NULL,'',NULL),('INTEGRAL_ECO_DENT',1180,'PSP','2019-12-01','2099-12-31','OUI',NULL,'',NULL,'',NULL),('INTEGRAL_ECO_DENT',1190,'PSP','2019-12-01','2099-12-31','OUI',NULL,'',NULL,'',NULL),('INTEGRAL_ECO_DENT',1200,'PSP','2019-12-01','2099-12-31','OUI',NULL,'',NULL,'',NULL),('INTEGRAL_ECO_DENT',2000,'PSP','2019-12-01','2099-12-31','',NULL,'',NULL,'',7),('INTEGRAL_ECO_DENT',2010,'PSP','2019-12-01','2099-12-31','',NULL,'',NULL,'',NULL),('INTEGRAL_ECO_DENT',2020,'PSP','2019-12-01','2099-12-31','Sans reste à payer',NULL,'',NULL,'',NULL),('INTEGRAL_ECO_DENT',2030,'PSP','2019-12-01','2099-12-31','',NULL,'',NULL,'',NULL),('INTEGRAL_ECO_DENT',2040,'PSP','2019-12-01','2099-12-31','100','POURCENT_BRSS','',NULL,'',NULL),('INTEGRAL_ECO_DENT',2050,'PSP','2019-12-01','2099-12-31','',NULL,'',NULL,'',NULL),('INTEGRAL_ECO_DENT',2060,'PSP','2019-12-01','2099-12-31','240','POURCENT_BRSS','',NULL,'',NULL),('INTEGRAL_ECO_DENT',2070,'PSP','2019-12-01','2099-12-31','Non remboursé',NULL,'',NULL,'',NULL),('INTEGRAL_ECO_DENT',2080,'PSP','2019-12-01','2099-12-31','100','EURO','',NULL,'',NULL),('INTEGRAL_ECO_DENT',2090,'PSP','2019-12-01','2099-12-31','200','EURO','',NULL,'',NULL),('INTEGRAL_ECO_DENT',2100,'PSP','2019-12-01','2099-12-31','',NULL,'',NULL,'',NULL),('INTEGRAL_ECO_DENT',2110,'PSP','2019-12-01','2099-12-31','100','POURCENT_BRSS','',NULL,'',NULL),('INTEGRAL_ECO_DENT',2120,'PSP','2019-12-01','2099-12-31','Non remboursé',NULL,'',NULL,'',NULL),('INTEGRAL_ECO_DENT',2130,'PSP','2019-12-01','2099-12-31','',NULL,'',NULL,'',NULL),('INTEGRAL_ECO_DENT',2140,'PSP','2019-12-01','2099-12-31','100','POURCENT_BRSS','',NULL,'',NULL),('INTEGRAL_ECO_DENT',2150,'PSP','2019-12-01','2099-12-31','+ 50','EURO','',NULL,'',NULL),('INTEGRAL_ECO_DENT',2160,'PSP','2019-12-01','2099-12-31','+ 100','EURO','',NULL,'',NULL),('INTEGRAL_ECO_DENT',2170,'PSP','2019-12-01','2099-12-31','',NULL,'',NULL,'',NULL),('INTEGRAL_ECO_DENT',2180,'PSP','2019-12-01','2099-12-31','OUI',NULL,'',NULL,'',NULL),('INTEGRAL_ECO_DENT',2190,'PSP','2019-12-01','2099-12-31','OUI',NULL,'',NULL,'',NULL),('INTEGRAL_ECO_DENT',3000,'PSP','2019-12-01','2099-12-31','',NULL,'',NULL,'',8),('INTEGRAL_ECO_DENT',3010,'PSP','2019-12-01','2099-12-31','',NULL,'',NULL,'',NULL),('INTEGRAL_ECO_DENT',3020,'PSP','2019-12-01','2099-12-31','Sans reste à payer',NULL,'',NULL,'',NULL),('INTEGRAL_ECO_DENT',3030,'PSP','2019-12-01','2099-12-31','',NULL,'',NULL,'',NULL),('INTEGRAL_ECO_DENT',3040,'PSP','2019-12-01','2099-12-31','100','EURO','',NULL,'',NULL),('INTEGRAL_ECO_DENT',3050,'PSP','2019-12-01','2099-12-31','Non concerné',NULL,'',NULL,'',NULL),('INTEGRAL_ECO_DENT',3060,'PSP','2019-12-01','2099-12-31','100','EURO','',NULL,'',NULL),('INTEGRAL_ECO_DENT',3070,'PSP','2019-12-01','2099-12-31','100','POURCENT_DE','',NULL,'',NULL),('INTEGRAL_ECO_DENT',3080,'PSP','2019-12-01','2099-12-31','100','EURO','',NULL,'',NULL),('INTEGRAL_ECO_DENT',3090,'PSP','2019-12-01','2099-12-31','100','POURCENT_DE','',NULL,'',NULL),('INTEGRAL_ECO_DENT',3100,'PSP','2019-12-01','2099-12-31','200','EURO','',NULL,'',NULL),('INTEGRAL_ECO_DENT',3110,'PSP','2019-12-01','2099-12-31','100','POURCENT_BRSS','',NULL,'',NULL),('INTEGRAL_ECO_DENT',3120,'PSP','2019-12-01','2099-12-31','',NULL,'',NULL,'',NULL),('INTEGRAL_ECO_DENT',3130,'PSP','2019-12-01','2099-12-31','240','EURO','',NULL,'',NULL),('INTEGRAL_ECO_DENT',3140,'PSP','2019-12-01','2099-12-31','200','EURO','',NULL,'',NULL),('INTEGRAL_ECO_DENT',3150,'PSP','2019-12-01','2099-12-31','200','EURO','',NULL,'',NULL),('INTEGRAL_ECO_DENT',3160,'PSP','2019-12-01','2099-12-31','+ 40','EURO','',NULL,'',NULL),('INTEGRAL_ECO_DENT',3170,'PSP','2019-12-01','2099-12-31','+ 50','EURO','',NULL,'',NULL),('INTEGRAL_ECO_DENT',3180,'PSP','2019-12-01','2099-12-31','',NULL,'',NULL,'',NULL),('INTEGRAL_ECO_DENT',3190,'PSP','2019-12-01','2099-12-31','OUI',NULL,'',NULL,'',NULL),('INTEGRAL_ECO_DENT',3200,'PSP','2019-12-01','2099-12-31','OUI',NULL,'',NULL,'',NULL),('INTEGRAL_ECO_DENT',3210,'PSP','2019-12-01','2099-12-31','OUI',NULL,'',NULL,'',NULL),('INTEGRAL_ECO_DENT',3220,'PSP','2019-12-01','2099-12-31','OUI',NULL,'',NULL,'',NULL),('INTEGRAL_ECO_DENT',4000,'PSP','2019-12-01','2099-12-31','',NULL,'',NULL,'',8),('INTEGRAL_ECO_DENT',4010,'PSP','2019-12-01','2099-12-31','',NULL,'',NULL,'',NULL),('INTEGRAL_ECO_DENT',4020,'PSP','2019-12-01','2099-12-31','Sans reste à payer',NULL,'',NULL,'',NULL),('INTEGRAL_ECO_DENT',4030,'PSP','2019-12-01','2099-12-31','',NULL,'',NULL,'',NULL),('INTEGRAL_ECO_DENT',4040,'PSP','2019-12-01','2099-12-31','240','POURCENT_BRSS','240','EURO','',NULL),('INTEGRAL_ECO_DENT',4050,'PSP','2019-12-01','2099-12-31','200','POURCENT_BRSS','200','EURO','',NULL),('INTEGRAL_ECO_DENT',4060,'PSP','2019-12-01','2099-12-31','',NULL,'',NULL,'',NULL),('INTEGRAL_ECO_DENT',4070,'PSP','2019-12-01','2099-12-31','100','POURCENT_BRSS','',NULL,'',NULL),('INTEGRAL_ECO_DENT',4080,'PSP','2019-12-01','2099-12-31','+ 100','EURO','',NULL,'',NULL),('INTEGRAL_ECO_DENT',4090,'PSP','2019-12-01','2099-12-31','+ 200','EURO','',NULL,'',NULL),('INTEGRAL_ECO_DENT',4100,'PSP','2019-12-01','2099-12-31','',NULL,'',NULL,'',NULL),('INTEGRAL_ECO_DENT',4110,'PSP','2019-12-01','2099-12-31','OUI',NULL,'',NULL,'',NULL),('INTEGRAL_ECO_DENT',4120,'PSP','2019-12-01','2099-12-31','OUI',NULL,'',NULL,'',NULL),('INTEGRAL_ECO_DENT',5000,'PSP','2019-12-01','2099-12-31','',NULL,'',NULL,'',8),('INTEGRAL_ECO_DENT',5010,'PSP','2019-12-01','2099-12-31','',NULL,'',NULL,'',NULL),('INTEGRAL_ECO_DENT',5020,'PSP','2019-12-01','2099-12-31','240','POURCENT_BRSS','',NULL,'',NULL),('INTEGRAL_ECO_DENT',5030,'PSP','2019-12-01','2099-12-31','200','POURCENT_BRSS','',NULL,'',NULL),('INTEGRAL_ECO_DENT',5040,'PSP','2019-12-01','2099-12-31','240','POURCENT_BRSS','',NULL,'',NULL),('INTEGRAL_ECO_DENT',5050,'PSP','2019-12-01','2099-12-31','200','POURCENT_BRSS','',NULL,'',NULL),('INTEGRAL_ECO_DENT',5060,'PSP','2019-12-01','2099-12-31','',NULL,'',NULL,'',NULL),('INTEGRAL_ECO_DENT',5070,'PSP','2019-12-01','2099-12-31','200','POURCENT_BRSS','',NULL,'',NULL),('INTEGRAL_ECO_DENT',5080,'PSP','2019-12-01','2099-12-31','20','EURO','',NULL,'',NULL),('INTEGRAL_ECO_DENT',5090,'PSP','2019-12-01','2099-12-31','',NULL,'',NULL,'',NULL),('INTEGRAL_ECO_DENT',5100,'PSP','2019-12-01','2099-12-31','100','POURCENT_BRSS','',NULL,'',NULL),('INTEGRAL_ECO_DENT',5110,'PSP','2019-12-01','2099-12-31','',NULL,'',NULL,'',NULL),('INTEGRAL_ECO_DENT',5120,'PSP','2019-12-01','2099-12-31','100','POURCENT_DE','',NULL,'',NULL),('INTEGRAL_ECO_DENT',5130,'PSP','2019-12-01','2099-12-31','100','POURCENT_DE','',NULL,'',NULL),('INTEGRAL_ECO_DENT',5140,'PSP','2019-12-01','2099-12-31','100','POURCENT_DE','',NULL,'',NULL),('INTEGRAL_ECO_DENT',5150,'PSP','2019-12-01','2099-12-31','100','POURCENT_BRSS','',NULL,'',NULL),('INTEGRAL_ECO_DENT',5160,'PSP','2019-12-01','2099-12-31','',NULL,'',NULL,'',NULL),('INTEGRAL_ECO_DENT',5170,'PSP','2019-12-01','2099-12-31','100','POURCENT_BRSS','',NULL,'',NULL),('INTEGRAL_ECO_DENT',5180,'PSP','2019-12-01','2099-12-31','',NULL,'',NULL,'',NULL),('INTEGRAL_ECO_DENT',5190,'PSP','2019-12-01','2099-12-31','200','POURCENT_BRSS','200','EURO','',NULL),('INTEGRAL_ECO_DENT',5200,'PSP','2019-12-01','2099-12-31','',NULL,'',NULL,'',NULL),('INTEGRAL_ECO_DENT',5210,'PSP','2019-12-01','2099-12-31','200','EURO','',NULL,'',NULL),('INTEGRAL_ECO_DENT',5220,'PSP','2019-12-01','2099-12-31','',NULL,'',NULL,'',NULL),('INTEGRAL_ECO_DENT',5230,'PSP','2019-12-01','2099-12-31','20','EURO','',NULL,'',NULL),('INTEGRAL_ECO_DENT',5240,'PSP','2019-12-01','2099-12-31','',NULL,'',NULL,'',NULL),('INTEGRAL_ECO_DENT',5250,'PSP','2019-12-01','2099-12-31','100','POURCENT_BRSS','',NULL,'',NULL),('INTEGRAL_ECO_DENT',5260,'PSP','2019-12-01','2099-12-31','',NULL,'',NULL,'',NULL),('INTEGRAL_ECO_DENT',5270,'PSP','2019-12-01','2099-12-31','OUI',NULL,'',NULL,'',NULL),('INTEGRAL_ECO_DENT',5280,'PSP','2019-12-01','2099-12-31','500','EURO','',NULL,'',NULL),('INTEGRAL_ECO_DENT',5290,'PSP','2019-12-01','2099-12-31','OUI',NULL,'',NULL,'',NULL),('INTEGRAL_ECO_DENT',5300,'PSP','2019-12-01','2099-12-31','OUI',NULL,'',NULL,'',NULL),('INTEGRAL_ECO_DENT',5310,'PSP','2019-12-01','2099-12-31','OUI',NULL,'',NULL,'',NULL),('INTEGRAL_ECO_DENT',5320,'PSP','2019-12-01','2099-12-31','OUI',NULL,'',NULL,'',NULL),('INTEGRAL_ECO_OPT',1000,'PSP','2019-12-01','2099-12-31','',NULL,'',NULL,'',8),('INTEGRAL_ECO_OPT',1010,'PSP','2019-12-01','2099-12-31','',NULL,'',NULL,'',NULL),('INTEGRAL_ECO_OPT',1020,'PSP','2019-12-01','2099-12-31','100','POURCENT_DE','',NULL,'',NULL),('INTEGRAL_ECO_OPT',1030,'PSP','2019-12-01','2099-12-31','',NULL,'',NULL,'',NULL),('INTEGRAL_ECO_OPT',1040,'PSP','2019-12-01','2099-12-31','240','POURCENT_BRSS','',NULL,'',NULL),('INTEGRAL_ECO_OPT',1050,'PSP','2019-12-01','2099-12-31','200','POURCENT_BRSS','',NULL,'',NULL),('INTEGRAL_ECO_OPT',1060,'PSP','2019-12-01','2099-12-31','',NULL,'',NULL,'',NULL),('INTEGRAL_ECO_OPT',1070,'PSP','2019-12-01','2099-12-31','100','POURCENT_DE','',NULL,'',NULL),('INTEGRAL_ECO_OPT',1080,'PSP','2019-12-01','2099-12-31','',NULL,'',NULL,'',NULL),('INTEGRAL_ECO_OPT',1090,'PSP','2019-12-01','2099-12-31','100','EURO','',NULL,'',NULL),('INTEGRAL_ECO_OPT',1100,'PSP','2019-12-01','2099-12-31','40','EURO','',NULL,'',NULL),('INTEGRAL_ECO_OPT',1110,'PSP','2019-12-01','2099-12-31','',NULL,'',NULL,'',NULL),('INTEGRAL_ECO_OPT',1120,'PSP','2019-12-01','2099-12-31','20','EURO','',NULL,'',NULL),('INTEGRAL_ECO_OPT',1130,'PSP','2019-12-01','2099-12-31','',NULL,'',NULL,'',NULL),('INTEGRAL_ECO_OPT',1140,'PSP','2019-12-01','2099-12-31','100','POURCENT_BRSS','',NULL,'',NULL),('INTEGRAL_ECO_OPT',1150,'PSP','2019-12-01','2099-12-31','',NULL,'',NULL,'',NULL),('INTEGRAL_ECO_OPT',1160,'PSP','2019-12-01','2099-12-31','OUI',NULL,'',NULL,'',NULL),('INTEGRAL_ECO_OPT',1170,'PSP','2019-12-01','2099-12-31','OUI',NULL,'',NULL,'',NULL),('INTEGRAL_ECO_OPT',1180,'PSP','2019-12-01','2099-12-31','OUI',NULL,'',NULL,'',NULL),('INTEGRAL_ECO_OPT',1190,'PSP','2019-12-01','2099-12-31','OUI',NULL,'',NULL,'',NULL),('INTEGRAL_ECO_OPT',1200,'PSP','2019-12-01','2099-12-31','OUI',NULL,'',NULL,'',NULL),('INTEGRAL_ECO_OPT',2000,'PSP','2019-12-01','2099-12-31','',NULL,'',NULL,'',8),('INTEGRAL_ECO_OPT',2010,'PSP','2019-12-01','2099-12-31','',NULL,'',NULL,'',NULL),('INTEGRAL_ECO_OPT',2020,'PSP','2019-12-01','2099-12-31','Sans reste à payer',NULL,'',NULL,'',NULL),('INTEGRAL_ECO_OPT',2030,'PSP','2019-12-01','2099-12-31','',NULL,'',NULL,'',NULL),('INTEGRAL_ECO_OPT',2040,'PSP','2019-12-01','2099-12-31','100','POURCENT_BRSS','',NULL,'',NULL),('INTEGRAL_ECO_OPT',2050,'PSP','2019-12-01','2099-12-31','',NULL,'',NULL,'',NULL),('INTEGRAL_ECO_OPT',2060,'PSP','2019-12-01','2099-12-31','240','POURCENT_BRSS','240','EURO','',NULL),('INTEGRAL_ECO_OPT',2070,'PSP','2019-12-01','2099-12-31','240','EURO','',NULL,'',NULL),('INTEGRAL_ECO_OPT',2080,'PSP','2019-12-01','2099-12-31','200','EURO','',NULL,'',NULL),('INTEGRAL_ECO_OPT',2090,'PSP','2019-12-01','2099-12-31','400','EURO','',NULL,'',NULL),('INTEGRAL_ECO_OPT',2100,'PSP','2019-12-01','2099-12-31','',NULL,'',NULL,'',NULL),('INTEGRAL_ECO_OPT',2110,'PSP','2019-12-01','2099-12-31','200','POURCENT_BRSS','200','EURO','',NULL),('INTEGRAL_ECO_OPT',2120,'PSP','2019-12-01','2099-12-31','200','EURO','',NULL,'',NULL),('INTEGRAL_ECO_OPT',2130,'PSP','2019-12-01','2099-12-31','',NULL,'',NULL,'',NULL),('INTEGRAL_ECO_OPT',2140,'PSP','2019-12-01','2099-12-31','200','POURCENT_BRSS','200','EURO','',NULL),('INTEGRAL_ECO_OPT',2150,'PSP','2019-12-01','2099-12-31','+ 100','EURO','',NULL,'',NULL),('INTEGRAL_ECO_OPT',2160,'PSP','2019-12-01','2099-12-31','+ 200','EURO','',NULL,'',NULL),('INTEGRAL_ECO_OPT',2170,'PSP','2019-12-01','2099-12-31','',NULL,'',NULL,'',NULL),('INTEGRAL_ECO_OPT',2180,'PSP','2019-12-01','2099-12-31','OUI',NULL,'',NULL,'',NULL),('INTEGRAL_ECO_OPT',2190,'PSP','2019-12-01','2099-12-31','OUI',NULL,'',NULL,'',NULL),('INTEGRAL_ECO_OPT',3000,'PSP','2019-12-01','2099-12-31','',NULL,'',NULL,'',3),('INTEGRAL_ECO_OPT',3010,'PSP','2019-12-01','2099-12-31','',NULL,'',NULL,'',NULL),('INTEGRAL_ECO_OPT',3020,'PSP','2019-12-01','2099-12-31','Sans reste à payer',NULL,'',NULL,'',NULL),('INTEGRAL_ECO_OPT',3030,'PSP','2019-12-01','2099-12-31','',NULL,'',NULL,'',NULL),('INTEGRAL_ECO_OPT',3040,'PSP','2019-12-01','2099-12-31','50','EURO','',NULL,'',NULL),('INTEGRAL_ECO_OPT',3050,'PSP','2019-12-01','2099-12-31','Non concerné',NULL,'',NULL,'',NULL),('INTEGRAL_ECO_OPT',3060,'PSP','2019-12-01','2099-12-31','50','EURO','',NULL,'',NULL),('INTEGRAL_ECO_OPT',3070,'PSP','2019-12-01','2099-12-31','25','EURO','',NULL,'',NULL),('INTEGRAL_ECO_OPT',3080,'PSP','2019-12-01','2099-12-31','25','EURO','',NULL,'',NULL),('INTEGRAL_ECO_OPT',3090,'PSP','2019-12-01','2099-12-31','75','EURO','',NULL,'',NULL),('INTEGRAL_ECO_OPT',3100,'PSP','2019-12-01','2099-12-31','75','EURO','',NULL,'',NULL),('INTEGRAL_ECO_OPT',3110,'PSP','2019-12-01','2099-12-31','100','POURCENT_BRSS','',NULL,'',NULL),('INTEGRAL_ECO_OPT',3120,'PSP','2019-12-01','2099-12-31','',NULL,'',NULL,'',NULL),('INTEGRAL_ECO_OPT',3130,'PSP','2019-12-01','2099-12-31','100','POURCENT_BRSS','',NULL,'',NULL),('INTEGRAL_ECO_OPT',3140,'PSP','2019-12-01','2099-12-31','100','POURCENT_BRSS','',NULL,'',NULL),('INTEGRAL_ECO_OPT',3150,'PSP','2019-12-01','2099-12-31','Non remboursé',NULL,'',NULL,'',NULL),('INTEGRAL_ECO_OPT',3160,'PSP','2019-12-01','2099-12-31','+ 20','EURO','',NULL,'',NULL),('INTEGRAL_ECO_OPT',3170,'PSP','2019-12-01','2099-12-31','+ 25','EURO','',NULL,'',NULL),('INTEGRAL_ECO_OPT',3180,'PSP','2019-12-01','2099-12-31','',NULL,'',NULL,'',NULL),('INTEGRAL_ECO_OPT',3190,'PSP','2019-12-01','2099-12-31','OUI',NULL,'',NULL,'',NULL),('INTEGRAL_ECO_OPT',3200,'PSP','2019-12-01','2099-12-31','OUI',NULL,'',NULL,'',NULL),('INTEGRAL_ECO_OPT',3210,'PSP','2019-12-01','2099-12-31','OUI',NULL,'',NULL,'',NULL),('INTEGRAL_ECO_OPT',3220,'PSP','2019-12-01','2099-12-31','OUI',NULL,'',NULL,'',NULL),('INTEGRAL_ECO_OPT',4000,'PSP','2019-12-01','2099-12-31','',NULL,'',NULL,'',8),('INTEGRAL_ECO_OPT',4010,'PSP','2019-12-01','2099-12-31','',NULL,'',NULL,'',NULL),('INTEGRAL_ECO_OPT',4020,'PSP','2019-12-01','2099-12-31','Sans reste à payer',NULL,'',NULL,'',NULL),('INTEGRAL_ECO_OPT',4030,'PSP','2019-12-01','2099-12-31','',NULL,'',NULL,'',NULL),('INTEGRAL_ECO_OPT',4040,'PSP','2019-12-01','2099-12-31','240','POURCENT_BRSS','240','EURO','',NULL),('INTEGRAL_ECO_OPT',4050,'PSP','2019-12-01','2099-12-31','200','POURCENT_BRSS','200','EURO','',NULL),('INTEGRAL_ECO_OPT',4060,'PSP','2019-12-01','2099-12-31','',NULL,'',NULL,'',NULL),('INTEGRAL_ECO_OPT',4070,'PSP','2019-12-01','2099-12-31','100','POURCENT_BRSS','',NULL,'',NULL),('INTEGRAL_ECO_OPT',4080,'PSP','2019-12-01','2099-12-31','+ 100','EURO','',NULL,'',NULL),('INTEGRAL_ECO_OPT',4090,'PSP','2019-12-01','2099-12-31','+ 200','EURO','',NULL,'',NULL),('INTEGRAL_ECO_OPT',4100,'PSP','2019-12-01','2099-12-31','',NULL,'',NULL,'',NULL),('INTEGRAL_ECO_OPT',4110,'PSP','2019-12-01','2099-12-31','OUI',NULL,'',NULL,'',NULL),('INTEGRAL_ECO_OPT',4120,'PSP','2019-12-01','2099-12-31','OUI',NULL,'',NULL,'',NULL),('INTEGRAL_ECO_OPT',5000,'PSP','2019-12-01','2099-12-31','',NULL,'',NULL,'',8),('INTEGRAL_ECO_OPT',5010,'PSP','2019-12-01','2099-12-31','',NULL,'',NULL,'',NULL),('INTEGRAL_ECO_OPT',5020,'PSP','2019-12-01','2099-12-31','240','POURCENT_BRSS','',NULL,'',NULL),('INTEGRAL_ECO_OPT',5030,'PSP','2019-12-01','2099-12-31','200','POURCENT_BRSS','',NULL,'',NULL),('INTEGRAL_ECO_OPT',5040,'PSP','2019-12-01','2099-12-31','240','POURCENT_BRSS','',NULL,'',NULL),('INTEGRAL_ECO_OPT',5050,'PSP','2019-12-01','2099-12-31','200','POURCENT_BRSS','',NULL,'',NULL),('INTEGRAL_ECO_OPT',5060,'PSP','2019-12-01','2099-12-31','',NULL,'',NULL,'',NULL),('INTEGRAL_ECO_OPT',5070,'PSP','2019-12-01','2099-12-31','200','POURCENT_BRSS','',NULL,'',NULL),('INTEGRAL_ECO_OPT',5080,'PSP','2019-12-01','2099-12-31','20','EURO','',NULL,'',NULL),('INTEGRAL_ECO_OPT',5090,'PSP','2019-12-01','2099-12-31','',NULL,'',NULL,'',NULL),('INTEGRAL_ECO_OPT',5100,'PSP','2019-12-01','2099-12-31','100','POURCENT_BRSS','',NULL,'',NULL),('INTEGRAL_ECO_OPT',5110,'PSP','2019-12-01','2099-12-31','',NULL,'',NULL,'',NULL),('INTEGRAL_ECO_OPT',5120,'PSP','2019-12-01','2099-12-31','100','POURCENT_DE','',NULL,'',NULL),('INTEGRAL_ECO_OPT',5130,'PSP','2019-12-01','2099-12-31','100','POURCENT_DE','',NULL,'',NULL),('INTEGRAL_ECO_OPT',5140,'PSP','2019-12-01','2099-12-31','100','POURCENT_DE','',NULL,'',NULL),('INTEGRAL_ECO_OPT',5150,'PSP','2019-12-01','2099-12-31','100','POURCENT_BRSS','',NULL,'',NULL),('INTEGRAL_ECO_OPT',5160,'PSP','2019-12-01','2099-12-31','',NULL,'',NULL,'',NULL),('INTEGRAL_ECO_OPT',5170,'PSP','2019-12-01','2099-12-31','100','POURCENT_BRSS','',NULL,'',NULL),('INTEGRAL_ECO_OPT',5180,'PSP','2019-12-01','2099-12-31','',NULL,'',NULL,'',NULL),('INTEGRAL_ECO_OPT',5190,'PSP','2019-12-01','2099-12-31','200','POURCENT_BRSS','200','EURO','',NULL),('INTEGRAL_ECO_OPT',5200,'PSP','2019-12-01','2099-12-31','',NULL,'',NULL,'',NULL),('INTEGRAL_ECO_OPT',5210,'PSP','2019-12-01','2099-12-31','200','EURO','',NULL,'',NULL),('INTEGRAL_ECO_OPT',5220,'PSP','2019-12-01','2099-12-31','',NULL,'',NULL,'',NULL),('INTEGRAL_ECO_OPT',5230,'PSP','2019-12-01','2099-12-31','20','EURO','',NULL,'',NULL),('INTEGRAL_ECO_OPT',5240,'PSP','2019-12-01','2099-12-31','',NULL,'',NULL,'',NULL),('INTEGRAL_ECO_OPT',5250,'PSP','2019-12-01','2099-12-31','100','POURCENT_BRSS','',NULL,'',NULL),('INTEGRAL_ECO_OPT',5260,'PSP','2019-12-01','2099-12-31','',NULL,'',NULL,'',NULL),('INTEGRAL_ECO_OPT',5270,'PSP','2019-12-01','2099-12-31','OUI',NULL,'',NULL,'',NULL),('INTEGRAL_ECO_OPT',5280,'PSP','2019-12-01','2099-12-31','500','EURO','',NULL,'',NULL),('INTEGRAL_ECO_OPT',5290,'PSP','2019-12-01','2099-12-31','OUI',NULL,'',NULL,'',NULL),('INTEGRAL_ECO_OPT',5300,'PSP','2019-12-01','2099-12-31','OUI',NULL,'',NULL,'',NULL),('INTEGRAL_ECO_OPT',5310,'PSP','2019-12-01','2099-12-31','OUI',NULL,'',NULL,'',NULL),('INTEGRAL_ECO_OPT',5320,'PSP','2019-12-01','2099-12-31','OUI',NULL,'',NULL,'',NULL),('INTEGRAL_ECO_OPT_DENT',1000,'PSP','2019-12-01','2099-12-31','',NULL,'',NULL,'',8),('INTEGRAL_ECO_OPT_DENT',1010,'PSP','2019-12-01','2099-12-31','',NULL,'',NULL,'',NULL),('INTEGRAL_ECO_OPT_DENT',1020,'PSP','2019-12-01','2099-12-31','100','POURCENT_DE','',NULL,'',NULL),('INTEGRAL_ECO_OPT_DENT',1030,'PSP','2019-12-01','2099-12-31','',NULL,'',NULL,'',NULL),('INTEGRAL_ECO_OPT_DENT',1040,'PSP','2019-12-01','2099-12-31','240','POURCENT_BRSS','',NULL,'',NULL),('INTEGRAL_ECO_OPT_DENT',1050,'PSP','2019-12-01','2099-12-31','200','POURCENT_BRSS','',NULL,'',NULL),('INTEGRAL_ECO_OPT_DENT',1060,'PSP','2019-12-01','2099-12-31','',NULL,'',NULL,'',NULL),('INTEGRAL_ECO_OPT_DENT',1070,'PSP','2019-12-01','2099-12-31','100','POURCENT_DE','',NULL,'',NULL),('INTEGRAL_ECO_OPT_DENT',1080,'PSP','2019-12-01','2099-12-31','',NULL,'',NULL,'',NULL),('INTEGRAL_ECO_OPT_DENT',1090,'PSP','2019-12-01','2099-12-31','100','EURO','',NULL,'',NULL),('INTEGRAL_ECO_OPT_DENT',1100,'PSP','2019-12-01','2099-12-31','40','EURO','',NULL,'',NULL),('INTEGRAL_ECO_OPT_DENT',1110,'PSP','2019-12-01','2099-12-31','',NULL,'',NULL,'',NULL),('INTEGRAL_ECO_OPT_DENT',1120,'PSP','2019-12-01','2099-12-31','20','EURO','',NULL,'',NULL),('INTEGRAL_ECO_OPT_DENT',1130,'PSP','2019-12-01','2099-12-31','',NULL,'',NULL,'',NULL),('INTEGRAL_ECO_OPT_DENT',1140,'PSP','2019-12-01','2099-12-31','100','POURCENT_BRSS','',NULL,'',NULL),('INTEGRAL_ECO_OPT_DENT',1150,'PSP','2019-12-01','2099-12-31','',NULL,'',NULL,'',NULL),('INTEGRAL_ECO_OPT_DENT',1160,'PSP','2019-12-01','2099-12-31','OUI',NULL,'',NULL,'',NULL),('INTEGRAL_ECO_OPT_DENT',1170,'PSP','2019-12-01','2099-12-31','OUI',NULL,'',NULL,'',NULL),('INTEGRAL_ECO_OPT_DENT',1180,'PSP','2019-12-01','2099-12-31','OUI',NULL,'',NULL,'',NULL),('INTEGRAL_ECO_OPT_DENT',1190,'PSP','2019-12-01','2099-12-31','OUI',NULL,'',NULL,'',NULL),('INTEGRAL_ECO_OPT_DENT',1200,'PSP','2019-12-01','2099-12-31','OUI',NULL,'',NULL,'',NULL),('INTEGRAL_ECO_OPT_DENT',2000,'PSP','2019-12-01','2099-12-31','',NULL,'',NULL,'',7),('INTEGRAL_ECO_OPT_DENT',2010,'PSP','2019-12-01','2099-12-31','',NULL,'',NULL,'',NULL),('INTEGRAL_ECO_OPT_DENT',2020,'PSP','2019-12-01','2099-12-31','Sans reste à payer',NULL,'',NULL,'',NULL),('INTEGRAL_ECO_OPT_DENT',2030,'PSP','2019-12-01','2099-12-31','',NULL,'',NULL,'',NULL),('INTEGRAL_ECO_OPT_DENT',2040,'PSP','2019-12-01','2099-12-31','100','POURCENT_BRSS','',NULL,'',NULL),('INTEGRAL_ECO_OPT_DENT',2050,'PSP','2019-12-01','2099-12-31','',NULL,'',NULL,'',NULL),('INTEGRAL_ECO_OPT_DENT',2060,'PSP','2019-12-01','2099-12-31','240','POURCENT_BRSS','',NULL,'',NULL),('INTEGRAL_ECO_OPT_DENT',2070,'PSP','2019-12-01','2099-12-31','Non remboursé',NULL,'',NULL,'',NULL),('INTEGRAL_ECO_OPT_DENT',2080,'PSP','2019-12-01','2099-12-31','100','EURO','',NULL,'',NULL),('INTEGRAL_ECO_OPT_DENT',2090,'PSP','2019-12-01','2099-12-31','200','EURO','',NULL,'',NULL),('INTEGRAL_ECO_OPT_DENT',2100,'PSP','2019-12-01','2099-12-31','',NULL,'',NULL,'',NULL),('INTEGRAL_ECO_OPT_DENT',2110,'PSP','2019-12-01','2099-12-31','100','POURCENT_BRSS','',NULL,'',NULL),('INTEGRAL_ECO_OPT_DENT',2120,'PSP','2019-12-01','2099-12-31','Non remboursé',NULL,'',NULL,'',NULL),('INTEGRAL_ECO_OPT_DENT',2130,'PSP','2019-12-01','2099-12-31','',NULL,'',NULL,'',NULL),('INTEGRAL_ECO_OPT_DENT',2140,'PSP','2019-12-01','2099-12-31','100','POURCENT_BRSS','',NULL,'',NULL),('INTEGRAL_ECO_OPT_DENT',2150,'PSP','2019-12-01','2099-12-31','+ 50','EURO','',NULL,'',NULL),('INTEGRAL_ECO_OPT_DENT',2160,'PSP','2019-12-01','2099-12-31','+ 100','EURO','',NULL,'',NULL),('INTEGRAL_ECO_OPT_DENT',2170,'PSP','2019-12-01','2099-12-31','',NULL,'',NULL,'',NULL),('INTEGRAL_ECO_OPT_DENT',2180,'PSP','2019-12-01','2099-12-31','OUI',NULL,'',NULL,'',NULL),('INTEGRAL_ECO_OPT_DENT',2190,'PSP','2019-12-01','2099-12-31','OUI',NULL,'',NULL,'',NULL),('INTEGRAL_ECO_OPT_DENT',3000,'PSP','2019-12-01','2099-12-31','',NULL,'',NULL,'',3),('INTEGRAL_ECO_OPT_DENT',3010,'PSP','2019-12-01','2099-12-31','',NULL,'',NULL,'',NULL),('INTEGRAL_ECO_OPT_DENT',3020,'PSP','2019-12-01','2099-12-31','Sans reste à payer',NULL,'',NULL,'',NULL),('INTEGRAL_ECO_OPT_DENT',3030,'PSP','2019-12-01','2099-12-31','',NULL,'',NULL,'',NULL),('INTEGRAL_ECO_OPT_DENT',3040,'PSP','2019-12-01','2099-12-31','50','EURO','',NULL,'',NULL),('INTEGRAL_ECO_OPT_DENT',3050,'PSP','2019-12-01','2099-12-31','Non concerné',NULL,'',NULL,'',NULL),('INTEGRAL_ECO_OPT_DENT',3060,'PSP','2019-12-01','2099-12-31','50','EURO','',NULL,'',NULL),('INTEGRAL_ECO_OPT_DENT',3070,'PSP','2019-12-01','2099-12-31','25','EURO','',NULL,'',NULL),('INTEGRAL_ECO_OPT_DENT',3080,'PSP','2019-12-01','2099-12-31','25','EURO','',NULL,'',NULL),('INTEGRAL_ECO_OPT_DENT',3090,'PSP','2019-12-01','2099-12-31','75','EURO','',NULL,'',NULL),('INTEGRAL_ECO_OPT_DENT',3100,'PSP','2019-12-01','2099-12-31','75','EURO','',NULL,'',NULL),('INTEGRAL_ECO_OPT_DENT',3110,'PSP','2019-12-01','2099-12-31','100','POURCENT_BRSS','',NULL,'',NULL),('INTEGRAL_ECO_OPT_DENT',3120,'PSP','2019-12-01','2099-12-31','',NULL,'',NULL,'',NULL),('INTEGRAL_ECO_OPT_DENT',3130,'PSP','2019-12-01','2099-12-31','100','POURCENT_BRSS','',NULL,'',NULL),('INTEGRAL_ECO_OPT_DENT',3140,'PSP','2019-12-01','2099-12-31','100','POURCENT_BRSS','',NULL,'',NULL),('INTEGRAL_ECO_OPT_DENT',3150,'PSP','2019-12-01','2099-12-31','Non remboursé',NULL,'',NULL,'',NULL),('INTEGRAL_ECO_OPT_DENT',3160,'PSP','2019-12-01','2099-12-31','+ 20','EURO','',NULL,'',NULL),('INTEGRAL_ECO_OPT_DENT',3170,'PSP','2019-12-01','2099-12-31','+ 25','EURO','',NULL,'',NULL),('INTEGRAL_ECO_OPT_DENT',3180,'PSP','2019-12-01','2099-12-31','',NULL,'',NULL,'',NULL),('INTEGRAL_ECO_OPT_DENT',3190,'PSP','2019-12-01','2099-12-31','OUI',NULL,'',NULL,'',NULL),('INTEGRAL_ECO_OPT_DENT',3200,'PSP','2019-12-01','2099-12-31','OUI',NULL,'',NULL,'',NULL),('INTEGRAL_ECO_OPT_DENT',3210,'PSP','2019-12-01','2099-12-31','OUI',NULL,'',NULL,'',NULL),('INTEGRAL_ECO_OPT_DENT',3220,'PSP','2019-12-01','2099-12-31','OUI',NULL,'',NULL,'',NULL),('INTEGRAL_ECO_OPT_DENT',4000,'PSP','2019-12-01','2099-12-31','',NULL,'',NULL,'',8),('INTEGRAL_ECO_OPT_DENT',4010,'PSP','2019-12-01','2099-12-31','',NULL,'',NULL,'',NULL),('INTEGRAL_ECO_OPT_DENT',4020,'PSP','2019-12-01','2099-12-31','Sans reste à payer',NULL,'',NULL,'',NULL),('INTEGRAL_ECO_OPT_DENT',4030,'PSP','2019-12-01','2099-12-31','',NULL,'',NULL,'',NULL),('INTEGRAL_ECO_OPT_DENT',4040,'PSP','2019-12-01','2099-12-31','240','POURCENT_BRSS','240','EURO','',NULL),('INTEGRAL_ECO_OPT_DENT',4050,'PSP','2019-12-01','2099-12-31','200','POURCENT_BRSS','200','EURO','',NULL),('INTEGRAL_ECO_OPT_DENT',4060,'PSP','2019-12-01','2099-12-31','',NULL,'',NULL,'',NULL),('INTEGRAL_ECO_OPT_DENT',4070,'PSP','2019-12-01','2099-12-31','100','POURCENT_BRSS','',NULL,'',NULL),('INTEGRAL_ECO_OPT_DENT',4080,'PSP','2019-12-01','2099-12-31','+ 100','EURO','',NULL,'',NULL),('INTEGRAL_ECO_OPT_DENT',4090,'PSP','2019-12-01','2099-12-31','+ 200','EURO','',NULL,'',NULL),('INTEGRAL_ECO_OPT_DENT',4100,'PSP','2019-12-01','2099-12-31','',NULL,'',NULL,'',NULL),('INTEGRAL_ECO_OPT_DENT',4110,'PSP','2019-12-01','2099-12-31','OUI',NULL,'',NULL,'',NULL),('INTEGRAL_ECO_OPT_DENT',4120,'PSP','2019-12-01','2099-12-31','OUI',NULL,'',NULL,'',NULL),('INTEGRAL_ECO_OPT_DENT',5000,'PSP','2019-12-01','2099-12-31','',NULL,'',NULL,'',8),('INTEGRAL_ECO_OPT_DENT',5010,'PSP','2019-12-01','2099-12-31','',NULL,'',NULL,'',NULL),('INTEGRAL_ECO_OPT_DENT',5020,'PSP','2019-12-01','2099-12-31','240','POURCENT_BRSS','',NULL,'',NULL),('INTEGRAL_ECO_OPT_DENT',5030,'PSP','2019-12-01','2099-12-31','200','POURCENT_BRSS','',NULL,'',NULL),('INTEGRAL_ECO_OPT_DENT',5040,'PSP','2019-12-01','2099-12-31','240','POURCENT_BRSS','',NULL,'',NULL),('INTEGRAL_ECO_OPT_DENT',5050,'PSP','2019-12-01','2099-12-31','200','POURCENT_BRSS','',NULL,'',NULL),('INTEGRAL_ECO_OPT_DENT',5060,'PSP','2019-12-01','2099-12-31','',NULL,'',NULL,'',NULL),('INTEGRAL_ECO_OPT_DENT',5070,'PSP','2019-12-01','2099-12-31','200','POURCENT_BRSS','',NULL,'',NULL),('INTEGRAL_ECO_OPT_DENT',5080,'PSP','2019-12-01','2099-12-31','20','EURO','',NULL,'',NULL),('INTEGRAL_ECO_OPT_DENT',5090,'PSP','2019-12-01','2099-12-31','',NULL,'',NULL,'',NULL),('INTEGRAL_ECO_OPT_DENT',5100,'PSP','2019-12-01','2099-12-31','100','POURCENT_BRSS','',NULL,'',NULL),('INTEGRAL_ECO_OPT_DENT',5110,'PSP','2019-12-01','2099-12-31','',NULL,'',NULL,'',NULL),('INTEGRAL_ECO_OPT_DENT',5120,'PSP','2019-12-01','2099-12-31','100','POURCENT_DE','',NULL,'',NULL),('INTEGRAL_ECO_OPT_DENT',5130,'PSP','2019-12-01','2099-12-31','100','POURCENT_DE','',NULL,'',NULL),('INTEGRAL_ECO_OPT_DENT',5140,'PSP','2019-12-01','2099-12-31','100','POURCENT_DE','',NULL,'',NULL),('INTEGRAL_ECO_OPT_DENT',5150,'PSP','2019-12-01','2099-12-31','100','POURCENT_BRSS','',NULL,'',NULL),('INTEGRAL_ECO_OPT_DENT',5160,'PSP','2019-12-01','2099-12-31','',NULL,'',NULL,'',NULL),('INTEGRAL_ECO_OPT_DENT',5170,'PSP','2019-12-01','2099-12-31','100','POURCENT_BRSS','',NULL,'',NULL),('INTEGRAL_ECO_OPT_DENT',5180,'PSP','2019-12-01','2099-12-31','',NULL,'',NULL,'',NULL),('INTEGRAL_ECO_OPT_DENT',5190,'PSP','2019-12-01','2099-12-31','200','POURCENT_BRSS','200','EURO','',NULL),('INTEGRAL_ECO_OPT_DENT',5200,'PSP','2019-12-01','2099-12-31','',NULL,'',NULL,'',NULL),('INTEGRAL_ECO_OPT_DENT',5210,'PSP','2019-12-01','2099-12-31','200','EURO','',NULL,'',NULL),('INTEGRAL_ECO_OPT_DENT',5220,'PSP','2019-12-01','2099-12-31','',NULL,'',NULL,'',NULL),('INTEGRAL_ECO_OPT_DENT',5230,'PSP','2019-12-01','2099-12-31','20','EURO','',NULL,'',NULL),('INTEGRAL_ECO_OPT_DENT',5240,'PSP','2019-12-01','2099-12-31','',NULL,'',NULL,'',NULL),('INTEGRAL_ECO_OPT_DENT',5250,'PSP','2019-12-01','2099-12-31','100','POURCENT_BRSS','',NULL,'',NULL),('INTEGRAL_ECO_OPT_DENT',5260,'PSP','2019-12-01','2099-12-31','',NULL,'',NULL,'',NULL),('INTEGRAL_ECO_OPT_DENT',5270,'PSP','2019-12-01','2099-12-31','OUI',NULL,'',NULL,'',NULL),('INTEGRAL_ECO_OPT_DENT',5280,'PSP','2019-12-01','2099-12-31','500','EURO','',NULL,'',NULL),('INTEGRAL_ECO_OPT_DENT',5290,'PSP','2019-12-01','2099-12-31','OUI',NULL,'',NULL,'',NULL),('INTEGRAL_ECO_OPT_DENT',5300,'PSP','2019-12-01','2099-12-31','OUI',NULL,'',NULL,'',NULL),('INTEGRAL_ECO_OPT_DENT',5310,'PSP','2019-12-01','2099-12-31','OUI',NULL,'',NULL,'',NULL),('INTEGRAL_ECO_OPT_DENT',5320,'PSP','2019-12-01','2099-12-31','OUI',NULL,'',NULL,'',NULL),('INTEGRAL_ECO_SOINS_COUR_AUDIO',1000,'PSP','2019-12-01','2099-12-31','',NULL,'',NULL,'',8),('INTEGRAL_ECO_SOINS_COUR_AUDIO',1010,'PSP','2019-12-01','2099-12-31','',NULL,'',NULL,'',NULL),('INTEGRAL_ECO_SOINS_COUR_AUDIO',1020,'PSP','2019-12-01','2099-12-31','100','POURCENT_DE','',NULL,'',NULL),('INTEGRAL_ECO_SOINS_COUR_AUDIO',1030,'PSP','2019-12-01','2099-12-31','',NULL,'',NULL,'',NULL),('INTEGRAL_ECO_SOINS_COUR_AUDIO',1040,'PSP','2019-12-01','2099-12-31','240','POURCENT_BRSS','',NULL,'',NULL),('INTEGRAL_ECO_SOINS_COUR_AUDIO',1050,'PSP','2019-12-01','2099-12-31','200','POURCENT_BRSS','',NULL,'',NULL),('INTEGRAL_ECO_SOINS_COUR_AUDIO',1060,'PSP','2019-12-01','2099-12-31','',NULL,'',NULL,'',NULL),('INTEGRAL_ECO_SOINS_COUR_AUDIO',1070,'PSP','2019-12-01','2099-12-31','100','POURCENT_DE','',NULL,'',NULL),('INTEGRAL_ECO_SOINS_COUR_AUDIO',1080,'PSP','2019-12-01','2099-12-31','',NULL,'',NULL,'',NULL),('INTEGRAL_ECO_SOINS_COUR_AUDIO',1090,'PSP','2019-12-01','2099-12-31','100','EURO','',NULL,'',NULL),('INTEGRAL_ECO_SOINS_COUR_AUDIO',1100,'PSP','2019-12-01','2099-12-31','40','EURO','',NULL,'',NULL),('INTEGRAL_ECO_SOINS_COUR_AUDIO',1110,'PSP','2019-12-01','2099-12-31','',NULL,'',NULL,'',NULL),('INTEGRAL_ECO_SOINS_COUR_AUDIO',1120,'PSP','2019-12-01','2099-12-31','20','EURO','',NULL,'',NULL),('INTEGRAL_ECO_SOINS_COUR_AUDIO',1130,'PSP','2019-12-01','2099-12-31','',NULL,'',NULL,'',NULL),('INTEGRAL_ECO_SOINS_COUR_AUDIO',1140,'PSP','2019-12-01','2099-12-31','100','POURCENT_BRSS','',NULL,'',NULL),('INTEGRAL_ECO_SOINS_COUR_AUDIO',1150,'PSP','2019-12-01','2099-12-31','',NULL,'',NULL,'',NULL),('INTEGRAL_ECO_SOINS_COUR_AUDIO',1160,'PSP','2019-12-01','2099-12-31','OUI',NULL,'',NULL,'',NULL),('INTEGRAL_ECO_SOINS_COUR_AUDIO',1170,'PSP','2019-12-01','2099-12-31','OUI',NULL,'',NULL,'',NULL),('INTEGRAL_ECO_SOINS_COUR_AUDIO',1180,'PSP','2019-12-01','2099-12-31','OUI',NULL,'',NULL,'',NULL),('INTEGRAL_ECO_SOINS_COUR_AUDIO',1190,'PSP','2019-12-01','2099-12-31','OUI',NULL,'',NULL,'',NULL),('INTEGRAL_ECO_SOINS_COUR_AUDIO',1200,'PSP','2019-12-01','2099-12-31','OUI',NULL,'',NULL,'',NULL),('INTEGRAL_ECO_SOINS_COUR_AUDIO',2000,'PSP','2019-12-01','2099-12-31','',NULL,'',NULL,'',8),('INTEGRAL_ECO_SOINS_COUR_AUDIO',2010,'PSP','2019-12-01','2099-12-31','',NULL,'',NULL,'',NULL),('INTEGRAL_ECO_SOINS_COUR_AUDIO',2020,'PSP','2019-12-01','2099-12-31','Sans reste à payer',NULL,'',NULL,'',NULL),('INTEGRAL_ECO_SOINS_COUR_AUDIO',2030,'PSP','2019-12-01','2099-12-31','',NULL,'',NULL,'',NULL),('INTEGRAL_ECO_SOINS_COUR_AUDIO',2040,'PSP','2019-12-01','2099-12-31','100','POURCENT_BRSS','',NULL,'',NULL),('INTEGRAL_ECO_SOINS_COUR_AUDIO',2050,'PSP','2019-12-01','2099-12-31','',NULL,'',NULL,'',NULL),('INTEGRAL_ECO_SOINS_COUR_AUDIO',2060,'PSP','2019-12-01','2099-12-31','240','POURCENT_BRSS','240','EURO','',NULL),('INTEGRAL_ECO_SOINS_COUR_AUDIO',2070,'PSP','2019-12-01','2099-12-31','240','EURO','',NULL,'',NULL),('INTEGRAL_ECO_SOINS_COUR_AUDIO',2080,'PSP','2019-12-01','2099-12-31','200','EURO','',NULL,'',NULL),('INTEGRAL_ECO_SOINS_COUR_AUDIO',2090,'PSP','2019-12-01','2099-12-31','400','EURO','',NULL,'',NULL),('INTEGRAL_ECO_SOINS_COUR_AUDIO',2100,'PSP','2019-12-01','2099-12-31','',NULL,'',NULL,'',NULL),('INTEGRAL_ECO_SOINS_COUR_AUDIO',2110,'PSP','2019-12-01','2099-12-31','200','POURCENT_BRSS','200','EURO','',NULL),('INTEGRAL_ECO_SOINS_COUR_AUDIO',2120,'PSP','2019-12-01','2099-12-31','200','EURO','',NULL,'',NULL),('INTEGRAL_ECO_SOINS_COUR_AUDIO',2130,'PSP','2019-12-01','2099-12-31','',NULL,'',NULL,'',NULL),('INTEGRAL_ECO_SOINS_COUR_AUDIO',2140,'PSP','2019-12-01','2099-12-31','200','POURCENT_BRSS','200','EURO','',NULL),('INTEGRAL_ECO_SOINS_COUR_AUDIO',2150,'PSP','2019-12-01','2099-12-31','+ 100','EURO','',NULL,'',NULL),('INTEGRAL_ECO_SOINS_COUR_AUDIO',2160,'PSP','2019-12-01','2099-12-31','+ 200','EURO','',NULL,'',NULL),('INTEGRAL_ECO_SOINS_COUR_AUDIO',2170,'PSP','2019-12-01','2099-12-31','',NULL,'',NULL,'',NULL),('INTEGRAL_ECO_SOINS_COUR_AUDIO',2180,'PSP','2019-12-01','2099-12-31','OUI',NULL,'',NULL,'',NULL),('INTEGRAL_ECO_SOINS_COUR_AUDIO',2190,'PSP','2019-12-01','2099-12-31','OUI',NULL,'',NULL,'',NULL),('INTEGRAL_ECO_SOINS_COUR_AUDIO',3000,'PSP','2019-12-01','2099-12-31','',NULL,'',NULL,'',8),('INTEGRAL_ECO_SOINS_COUR_AUDIO',3010,'PSP','2019-12-01','2099-12-31','',NULL,'',NULL,'',NULL),('INTEGRAL_ECO_SOINS_COUR_AUDIO',3020,'PSP','2019-12-01','2099-12-31','Sans reste à payer',NULL,'',NULL,'',NULL),('INTEGRAL_ECO_SOINS_COUR_AUDIO',3030,'PSP','2019-12-01','2099-12-31','',NULL,'',NULL,'',NULL),('INTEGRAL_ECO_SOINS_COUR_AUDIO',3040,'PSP','2019-12-01','2099-12-31','100','EURO','',NULL,'',NULL),('INTEGRAL_ECO_SOINS_COUR_AUDIO',3050,'PSP','2019-12-01','2099-12-31','Non concerné',NULL,'',NULL,'',NULL),('INTEGRAL_ECO_SOINS_COUR_AUDIO',3060,'PSP','2019-12-01','2099-12-31','100','EURO','',NULL,'',NULL),('INTEGRAL_ECO_SOINS_COUR_AUDIO',3070,'PSP','2019-12-01','2099-12-31','100','POURCENT_DE','',NULL,'',NULL),('INTEGRAL_ECO_SOINS_COUR_AUDIO',3080,'PSP','2019-12-01','2099-12-31','100','EURO','',NULL,'',NULL),('INTEGRAL_ECO_SOINS_COUR_AUDIO',3090,'PSP','2019-12-01','2099-12-31','100','POURCENT_DE','',NULL,'',NULL),('INTEGRAL_ECO_SOINS_COUR_AUDIO',3100,'PSP','2019-12-01','2099-12-31','200','EURO','',NULL,'',NULL),('INTEGRAL_ECO_SOINS_COUR_AUDIO',3110,'PSP','2019-12-01','2099-12-31','100','POURCENT_BRSS','',NULL,'',NULL),('INTEGRAL_ECO_SOINS_COUR_AUDIO',3120,'PSP','2019-12-01','2099-12-31','',NULL,'',NULL,'',NULL),('INTEGRAL_ECO_SOINS_COUR_AUDIO',3130,'PSP','2019-12-01','2099-12-31','240','EURO','',NULL,'',NULL),('INTEGRAL_ECO_SOINS_COUR_AUDIO',3140,'PSP','2019-12-01','2099-12-31','200','EURO','',NULL,'',NULL),('INTEGRAL_ECO_SOINS_COUR_AUDIO',3150,'PSP','2019-12-01','2099-12-31','200','EURO','',NULL,'',NULL),('INTEGRAL_ECO_SOINS_COUR_AUDIO',3160,'PSP','2019-12-01','2099-12-31','+ 40','EURO','',NULL,'',NULL),('INTEGRAL_ECO_SOINS_COUR_AUDIO',3170,'PSP','2019-12-01','2099-12-31','+ 50','EURO','',NULL,'',NULL),('INTEGRAL_ECO_SOINS_COUR_AUDIO',3180,'PSP','2019-12-01','2099-12-31','',NULL,'',NULL,'',NULL),('INTEGRAL_ECO_SOINS_COUR_AUDIO',3190,'PSP','2019-12-01','2099-12-31','OUI',NULL,'',NULL,'',NULL),('INTEGRAL_ECO_SOINS_COUR_AUDIO',3200,'PSP','2019-12-01','2099-12-31','OUI',NULL,'',NULL,'',NULL),('INTEGRAL_ECO_SOINS_COUR_AUDIO',3210,'PSP','2019-12-01','2099-12-31','OUI',NULL,'',NULL,'',NULL),('INTEGRAL_ECO_SOINS_COUR_AUDIO',3220,'PSP','2019-12-01','2099-12-31','OUI',NULL,'',NULL,'',NULL),('INTEGRAL_ECO_SOINS_COUR_AUDIO',4000,'PSP','2019-12-01','2099-12-31','',NULL,'',NULL,'',7),('INTEGRAL_ECO_SOINS_COUR_AUDIO',4010,'PSP','2019-12-01','2099-12-31','',NULL,'',NULL,'',NULL),('INTEGRAL_ECO_SOINS_COUR_AUDIO',4020,'PSP','2019-12-01','2099-12-31','Sans reste à payer',NULL,'',NULL,'',NULL),('INTEGRAL_ECO_SOINS_COUR_AUDIO',4030,'PSP','2019-12-01','2099-12-31','',NULL,'',NULL,'',NULL),('INTEGRAL_ECO_SOINS_COUR_AUDIO',4040,'PSP','2019-12-01','2099-12-31','240','POURCENT_BRSS','',NULL,'',NULL),('INTEGRAL_ECO_SOINS_COUR_AUDIO',4050,'PSP','2019-12-01','2099-12-31','100','POURCENT_BRSS','',NULL,'',NULL),('INTEGRAL_ECO_SOINS_COUR_AUDIO',4060,'PSP','2019-12-01','2099-12-31','',NULL,'',NULL,'',NULL),('INTEGRAL_ECO_SOINS_COUR_AUDIO',4070,'PSP','2019-12-01','2099-12-31','100','POURCENT_BRSS','',NULL,'',NULL),('INTEGRAL_ECO_SOINS_COUR_AUDIO',4080,'PSP','2019-12-01','2099-12-31','+ 50','EURO','',NULL,'',NULL),('INTEGRAL_ECO_SOINS_COUR_AUDIO',4090,'PSP','2019-12-01','2099-12-31','+ 100','EURO','',NULL,'',NULL),('INTEGRAL_ECO_SOINS_COUR_AUDIO',4100,'PSP','2019-12-01','2099-12-31','',NULL,'',NULL,'',NULL),('INTEGRAL_ECO_SOINS_COUR_AUDIO',4110,'PSP','2019-12-01','2099-12-31','OUI',NULL,'',NULL,'',NULL),('INTEGRAL_ECO_SOINS_COUR_AUDIO',4120,'PSP','2019-12-01','2099-12-31','OUI',NULL,'',NULL,'',NULL),('INTEGRAL_ECO_SOINS_COUR_AUDIO',5000,'PSP','2019-12-01','2099-12-31','',NULL,'',NULL,'',7),('INTEGRAL_ECO_SOINS_COUR_AUDIO',5010,'PSP','2019-12-01','2099-12-31','',NULL,'',NULL,'',NULL),('INTEGRAL_ECO_SOINS_COUR_AUDIO',5020,'PSP','2019-12-01','2099-12-31','220','POURCENT_BRSS','',NULL,'',NULL),('INTEGRAL_ECO_SOINS_COUR_AUDIO',5030,'PSP','2019-12-01','2099-12-31','200','POURCENT_BRSS','',NULL,'',NULL),('INTEGRAL_ECO_SOINS_COUR_AUDIO',5040,'PSP','2019-12-01','2099-12-31','220','POURCENT_BRSS','',NULL,'',NULL),('INTEGRAL_ECO_SOINS_COUR_AUDIO',5050,'PSP','2019-12-01','2099-12-31','200','POURCENT_BRSS','',NULL,'',NULL),('INTEGRAL_ECO_SOINS_COUR_AUDIO',5060,'PSP','2019-12-01','2099-12-31','',NULL,'',NULL,'',NULL),('INTEGRAL_ECO_SOINS_COUR_AUDIO',5070,'PSP','2019-12-01','2099-12-31','100','POURCENT_BRSS','',NULL,'',NULL),('INTEGRAL_ECO_SOINS_COUR_AUDIO',5080,'PSP','2019-12-01','2099-12-31','Non remboursé',NULL,'',NULL,'',NULL),('INTEGRAL_ECO_SOINS_COUR_AUDIO',5090,'PSP','2019-12-01','2099-12-31','',NULL,'',NULL,'',NULL),('INTEGRAL_ECO_SOINS_COUR_AUDIO',5100,'PSP','2019-12-01','2099-12-31','100','POURCENT_BRSS','',NULL,'',NULL),('INTEGRAL_ECO_SOINS_COUR_AUDIO',5110,'PSP','2019-12-01','2099-12-31','',NULL,'',NULL,'',NULL),('INTEGRAL_ECO_SOINS_COUR_AUDIO',5120,'PSP','2019-12-01','2099-12-31','100','POURCENT_DE','',NULL,'',NULL),('INTEGRAL_ECO_SOINS_COUR_AUDIO',5130,'PSP','2019-12-01','2099-12-31','100','POURCENT_DE','',NULL,'',NULL),('INTEGRAL_ECO_SOINS_COUR_AUDIO',5140,'PSP','2019-12-01','2099-12-31','100','POURCENT_DE','',NULL,'',NULL),('INTEGRAL_ECO_SOINS_COUR_AUDIO',5150,'PSP','2019-12-01','2099-12-31','100','POURCENT_BRSS','',NULL,'',NULL),('INTEGRAL_ECO_SOINS_COUR_AUDIO',5160,'PSP','2019-12-01','2099-12-31','',NULL,'',NULL,'',NULL),('INTEGRAL_ECO_SOINS_COUR_AUDIO',5170,'PSP','2019-12-01','2099-12-31','100','POURCENT_BRSS','',NULL,'',NULL),('INTEGRAL_ECO_SOINS_COUR_AUDIO',5180,'PSP','2019-12-01','2099-12-31','',NULL,'',NULL,'',NULL),('INTEGRAL_ECO_SOINS_COUR_AUDIO',5190,'PSP','2019-12-01','2099-12-31','100','POURCENT_BRSS','',NULL,'',NULL),('INTEGRAL_ECO_SOINS_COUR_AUDIO',5200,'PSP','2019-12-01','2099-12-31','',NULL,'',NULL,'',NULL),('INTEGRAL_ECO_SOINS_COUR_AUDIO',5210,'PSP','2019-12-01','2099-12-31','Non remboursé',NULL,'',NULL,'',NULL),('INTEGRAL_ECO_SOINS_COUR_AUDIO',5220,'PSP','2019-12-01','2099-12-31','',NULL,'',NULL,'',NULL),('INTEGRAL_ECO_SOINS_COUR_AUDIO',5230,'PSP','2019-12-01','2099-12-31','Non remboursé',NULL,'',NULL,'',NULL),('INTEGRAL_ECO_SOINS_COUR_AUDIO',5240,'PSP','2019-12-01','2099-12-31','',NULL,'',NULL,'',NULL),('INTEGRAL_ECO_SOINS_COUR_AUDIO',5250,'PSP','2019-12-01','2099-12-31','100','POURCENT_BRSS','',NULL,'',NULL),('INTEGRAL_ECO_SOINS_COUR_AUDIO',5260,'PSP','2019-12-01','2099-12-31','',NULL,'',NULL,'',NULL),('INTEGRAL_ECO_SOINS_COUR_AUDIO',5270,'PSP','2019-12-01','2099-12-31','OUI',NULL,'',NULL,'',NULL),('INTEGRAL_ECO_SOINS_COUR_AUDIO',5280,'PSP','2019-12-01','2099-12-31','500','EURO','',NULL,'',NULL),('INTEGRAL_ECO_SOINS_COUR_AUDIO',5290,'PSP','2019-12-01','2099-12-31','OUI',NULL,'',NULL,'',NULL),('INTEGRAL_ECO_SOINS_COUR_AUDIO',5300,'PSP','2019-12-01','2099-12-31','OUI',NULL,'',NULL,'',NULL),('INTEGRAL_ECO_SOINS_COUR_AUDIO',5310,'PSP','2019-12-01','2099-12-31','OUI',NULL,'',NULL,'',NULL),('INTEGRAL_ECO_SOINS_COUR_AUDIO',5320,'PSP','2019-12-01','2099-12-31','OUI',NULL,'',NULL,'',NULL),('INTEGRAL_ECO_SOINS_COUR_AUDIO_DENT',1000,'PSP','2019-12-01','2099-12-31','',NULL,'',NULL,'',8),('INTEGRAL_ECO_SOINS_COUR_AUDIO_DENT',1010,'PSP','2019-12-01','2099-12-31','',NULL,'',NULL,'',NULL),('INTEGRAL_ECO_SOINS_COUR_AUDIO_DENT',1020,'PSP','2019-12-01','2099-12-31','100','POURCENT_DE','',NULL,'',NULL),('INTEGRAL_ECO_SOINS_COUR_AUDIO_DENT',1030,'PSP','2019-12-01','2099-12-31','',NULL,'',NULL,'',NULL),('INTEGRAL_ECO_SOINS_COUR_AUDIO_DENT',1040,'PSP','2019-12-01','2099-12-31','240','POURCENT_BRSS','',NULL,'',NULL),('INTEGRAL_ECO_SOINS_COUR_AUDIO_DENT',1050,'PSP','2019-12-01','2099-12-31','200','POURCENT_BRSS','',NULL,'',NULL),('INTEGRAL_ECO_SOINS_COUR_AUDIO_DENT',1060,'PSP','2019-12-01','2099-12-31','',NULL,'',NULL,'',NULL),('INTEGRAL_ECO_SOINS_COUR_AUDIO_DENT',1070,'PSP','2019-12-01','2099-12-31','100','POURCENT_DE','',NULL,'',NULL),('INTEGRAL_ECO_SOINS_COUR_AUDIO_DENT',1080,'PSP','2019-12-01','2099-12-31','',NULL,'',NULL,'',NULL),('INTEGRAL_ECO_SOINS_COUR_AUDIO_DENT',1090,'PSP','2019-12-01','2099-12-31','100','EURO','',NULL,'',NULL),('INTEGRAL_ECO_SOINS_COUR_AUDIO_DENT',1100,'PSP','2019-12-01','2099-12-31','40','EURO','',NULL,'',NULL),('INTEGRAL_ECO_SOINS_COUR_AUDIO_DENT',1110,'PSP','2019-12-01','2099-12-31','',NULL,'',NULL,'',NULL),('INTEGRAL_ECO_SOINS_COUR_AUDIO_DENT',1120,'PSP','2019-12-01','2099-12-31','20','EURO','',NULL,'',NULL),('INTEGRAL_ECO_SOINS_COUR_AUDIO_DENT',1130,'PSP','2019-12-01','2099-12-31','',NULL,'',NULL,'',NULL),('INTEGRAL_ECO_SOINS_COUR_AUDIO_DENT',1140,'PSP','2019-12-01','2099-12-31','100','POURCENT_BRSS','',NULL,'',NULL),('INTEGRAL_ECO_SOINS_COUR_AUDIO_DENT',1150,'PSP','2019-12-01','2099-12-31','',NULL,'',NULL,'',NULL),('INTEGRAL_ECO_SOINS_COUR_AUDIO_DENT',1160,'PSP','2019-12-01','2099-12-31','OUI',NULL,'',NULL,'',NULL),('INTEGRAL_ECO_SOINS_COUR_AUDIO_DENT',1170,'PSP','2019-12-01','2099-12-31','OUI',NULL,'',NULL,'',NULL),('INTEGRAL_ECO_SOINS_COUR_AUDIO_DENT',1180,'PSP','2019-12-01','2099-12-31','OUI',NULL,'',NULL,'',NULL),('INTEGRAL_ECO_SOINS_COUR_AUDIO_DENT',1190,'PSP','2019-12-01','2099-12-31','OUI',NULL,'',NULL,'',NULL),('INTEGRAL_ECO_SOINS_COUR_AUDIO_DENT',1200,'PSP','2019-12-01','2099-12-31','OUI',NULL,'',NULL,'',NULL),('INTEGRAL_ECO_SOINS_COUR_AUDIO_DENT',2000,'PSP','2019-12-01','2099-12-31','',NULL,'',NULL,'',7),('INTEGRAL_ECO_SOINS_COUR_AUDIO_DENT',2010,'PSP','2019-12-01','2099-12-31','',NULL,'',NULL,'',NULL),('INTEGRAL_ECO_SOINS_COUR_AUDIO_DENT',2020,'PSP','2019-12-01','2099-12-31','Sans reste à payer',NULL,'',NULL,'',NULL),('INTEGRAL_ECO_SOINS_COUR_AUDIO_DENT',2030,'PSP','2019-12-01','2099-12-31','',NULL,'',NULL,'',NULL),('INTEGRAL_ECO_SOINS_COUR_AUDIO_DENT',2040,'PSP','2019-12-01','2099-12-31','100','POURCENT_BRSS','',NULL,'',NULL),('INTEGRAL_ECO_SOINS_COUR_AUDIO_DENT',2050,'PSP','2019-12-01','2099-12-31','',NULL,'',NULL,'',NULL),('INTEGRAL_ECO_SOINS_COUR_AUDIO_DENT',2060,'PSP','2019-12-01','2099-12-31','240','POURCENT_BRSS','',NULL,'',NULL),('INTEGRAL_ECO_SOINS_COUR_AUDIO_DENT',2070,'PSP','2019-12-01','2099-12-31','Non remboursé',NULL,'',NULL,'',NULL),('INTEGRAL_ECO_SOINS_COUR_AUDIO_DENT',2080,'PSP','2019-12-01','2099-12-31','100','EURO','',NULL,'',NULL),('INTEGRAL_ECO_SOINS_COUR_AUDIO_DENT',2090,'PSP','2019-12-01','2099-12-31','200','EURO','',NULL,'',NULL),('INTEGRAL_ECO_SOINS_COUR_AUDIO_DENT',2100,'PSP','2019-12-01','2099-12-31','',NULL,'',NULL,'',NULL),('INTEGRAL_ECO_SOINS_COUR_AUDIO_DENT',2110,'PSP','2019-12-01','2099-12-31','100','POURCENT_BRSS','',NULL,'',NULL),('INTEGRAL_ECO_SOINS_COUR_AUDIO_DENT',2120,'PSP','2019-12-01','2099-12-31','Non remboursé',NULL,'',NULL,'',NULL),('INTEGRAL_ECO_SOINS_COUR_AUDIO_DENT',2130,'PSP','2019-12-01','2099-12-31','',NULL,'',NULL,'',NULL),('INTEGRAL_ECO_SOINS_COUR_AUDIO_DENT',2140,'PSP','2019-12-01','2099-12-31','100','POURCENT_BRSS','',NULL,'',NULL),('INTEGRAL_ECO_SOINS_COUR_AUDIO_DENT',2150,'PSP','2019-12-01','2099-12-31','+ 50','EURO','',NULL,'',NULL),('INTEGRAL_ECO_SOINS_COUR_AUDIO_DENT',2160,'PSP','2019-12-01','2099-12-31','+ 100','EURO','',NULL,'',NULL),('INTEGRAL_ECO_SOINS_COUR_AUDIO_DENT',2170,'PSP','2019-12-01','2099-12-31','',NULL,'',NULL,'',NULL),('INTEGRAL_ECO_SOINS_COUR_AUDIO_DENT',2180,'PSP','2019-12-01','2099-12-31','OUI',NULL,'',NULL,'',NULL),('INTEGRAL_ECO_SOINS_COUR_AUDIO_DENT',2190,'PSP','2019-12-01','2099-12-31','OUI',NULL,'',NULL,'',NULL),('INTEGRAL_ECO_SOINS_COUR_AUDIO_DENT',3000,'PSP','2019-12-01','2099-12-31','',NULL,'',NULL,'',8),('INTEGRAL_ECO_SOINS_COUR_AUDIO_DENT',3010,'PSP','2019-12-01','2099-12-31','',NULL,'',NULL,'',NULL),('INTEGRAL_ECO_SOINS_COUR_AUDIO_DENT',3020,'PSP','2019-12-01','2099-12-31','Sans reste à payer',NULL,'',NULL,'',NULL),('INTEGRAL_ECO_SOINS_COUR_AUDIO_DENT',3030,'PSP','2019-12-01','2099-12-31','',NULL,'',NULL,'',NULL),('INTEGRAL_ECO_SOINS_COUR_AUDIO_DENT',3040,'PSP','2019-12-01','2099-12-31','100','EURO','',NULL,'',NULL),('INTEGRAL_ECO_SOINS_COUR_AUDIO_DENT',3050,'PSP','2019-12-01','2099-12-31','Non concerné',NULL,'',NULL,'',NULL),('INTEGRAL_ECO_SOINS_COUR_AUDIO_DENT',3060,'PSP','2019-12-01','2099-12-31','100','EURO','',NULL,'',NULL),('INTEGRAL_ECO_SOINS_COUR_AUDIO_DENT',3070,'PSP','2019-12-01','2099-12-31','100','POURCENT_DE','',NULL,'',NULL),('INTEGRAL_ECO_SOINS_COUR_AUDIO_DENT',3080,'PSP','2019-12-01','2099-12-31','100','EURO','',NULL,'',NULL),('INTEGRAL_ECO_SOINS_COUR_AUDIO_DENT',3090,'PSP','2019-12-01','2099-12-31','100','POURCENT_DE','',NULL,'',NULL),('INTEGRAL_ECO_SOINS_COUR_AUDIO_DENT',3100,'PSP','2019-12-01','2099-12-31','200','EURO','',NULL,'',NULL),('INTEGRAL_ECO_SOINS_COUR_AUDIO_DENT',3110,'PSP','2019-12-01','2099-12-31','100','POURCENT_BRSS','',NULL,'',NULL),('INTEGRAL_ECO_SOINS_COUR_AUDIO_DENT',3120,'PSP','2019-12-01','2099-12-31','',NULL,'',NULL,'',NULL),('INTEGRAL_ECO_SOINS_COUR_AUDIO_DENT',3130,'PSP','2019-12-01','2099-12-31','240','EURO','',NULL,'',NULL),('INTEGRAL_ECO_SOINS_COUR_AUDIO_DENT',3140,'PSP','2019-12-01','2099-12-31','200','EURO','',NULL,'',NULL),('INTEGRAL_ECO_SOINS_COUR_AUDIO_DENT',3150,'PSP','2019-12-01','2099-12-31','200','EURO','',NULL,'',NULL),('INTEGRAL_ECO_SOINS_COUR_AUDIO_DENT',3160,'PSP','2019-12-01','2099-12-31','+ 40','EURO','',NULL,'',NULL),('INTEGRAL_ECO_SOINS_COUR_AUDIO_DENT',3170,'PSP','2019-12-01','2099-12-31','+ 50','EURO','',NULL,'',NULL),('INTEGRAL_ECO_SOINS_COUR_AUDIO_DENT',3180,'PSP','2019-12-01','2099-12-31','',NULL,'',NULL,'',NULL),('INTEGRAL_ECO_SOINS_COUR_AUDIO_DENT',3190,'PSP','2019-12-01','2099-12-31','OUI',NULL,'',NULL,'',NULL),('INTEGRAL_ECO_SOINS_COUR_AUDIO_DENT',3200,'PSP','2019-12-01','2099-12-31','OUI',NULL,'',NULL,'',NULL),('INTEGRAL_ECO_SOINS_COUR_AUDIO_DENT',3210,'PSP','2019-12-01','2099-12-31','OUI',NULL,'',NULL,'',NULL),('INTEGRAL_ECO_SOINS_COUR_AUDIO_DENT',3220,'PSP','2019-12-01','2099-12-31','OUI',NULL,'',NULL,'',NULL),('INTEGRAL_ECO_SOINS_COUR_AUDIO_DENT',4000,'PSP','2019-12-01','2099-12-31','',NULL,'',NULL,'',7),('INTEGRAL_ECO_SOINS_COUR_AUDIO_DENT',4010,'PSP','2019-12-01','2099-12-31','',NULL,'',NULL,'',NULL),('INTEGRAL_ECO_SOINS_COUR_AUDIO_DENT',4020,'PSP','2019-12-01','2099-12-31','Sans reste à payer',NULL,'',NULL,'',NULL),('INTEGRAL_ECO_SOINS_COUR_AUDIO_DENT',4030,'PSP','2019-12-01','2099-12-31','',NULL,'',NULL,'',NULL),('INTEGRAL_ECO_SOINS_COUR_AUDIO_DENT',4040,'PSP','2019-12-01','2099-12-31','240','POURCENT_BRSS','',NULL,'',NULL),('INTEGRAL_ECO_SOINS_COUR_AUDIO_DENT',4050,'PSP','2019-12-01','2099-12-31','100','POURCENT_BRSS','',NULL,'',NULL),('INTEGRAL_ECO_SOINS_COUR_AUDIO_DENT',4060,'PSP','2019-12-01','2099-12-31','',NULL,'',NULL,'',NULL),('INTEGRAL_ECO_SOINS_COUR_AUDIO_DENT',4070,'PSP','2019-12-01','2099-12-31','100','POURCENT_BRSS','',NULL,'',NULL),('INTEGRAL_ECO_SOINS_COUR_AUDIO_DENT',4080,'PSP','2019-12-01','2099-12-31','+ 50','EURO','',NULL,'',NULL),('INTEGRAL_ECO_SOINS_COUR_AUDIO_DENT',4090,'PSP','2019-12-01','2099-12-31','+ 100','EURO','',NULL,'',NULL),('INTEGRAL_ECO_SOINS_COUR_AUDIO_DENT',4100,'PSP','2019-12-01','2099-12-31','',NULL,'',NULL,'',NULL),('INTEGRAL_ECO_SOINS_COUR_AUDIO_DENT',4110,'PSP','2019-12-01','2099-12-31','OUI',NULL,'',NULL,'',NULL),('INTEGRAL_ECO_SOINS_COUR_AUDIO_DENT',4120,'PSP','2019-12-01','2099-12-31','OUI',NULL,'',NULL,'',NULL),('INTEGRAL_ECO_SOINS_COUR_AUDIO_DENT',5000,'PSP','2019-12-01','2099-12-31','',NULL,'',NULL,'',7),('INTEGRAL_ECO_SOINS_COUR_AUDIO_DENT',5010,'PSP','2019-12-01','2099-12-31','',NULL,'',NULL,'',NULL),('INTEGRAL_ECO_SOINS_COUR_AUDIO_DENT',5020,'PSP','2019-12-01','2099-12-31','220','POURCENT_BRSS','',NULL,'',NULL),('INTEGRAL_ECO_SOINS_COUR_AUDIO_DENT',5030,'PSP','2019-12-01','2099-12-31','200','POURCENT_BRSS','',NULL,'',NULL),('INTEGRAL_ECO_SOINS_COUR_AUDIO_DENT',5040,'PSP','2019-12-01','2099-12-31','220','POURCENT_BRSS','',NULL,'',NULL),('INTEGRAL_ECO_SOINS_COUR_AUDIO_DENT',5050,'PSP','2019-12-01','2099-12-31','200','POURCENT_BRSS','',NULL,'',NULL),('INTEGRAL_ECO_SOINS_COUR_AUDIO_DENT',5060,'PSP','2019-12-01','2099-12-31','',NULL,'',NULL,'',NULL),('INTEGRAL_ECO_SOINS_COUR_AUDIO_DENT',5070,'PSP','2019-12-01','2099-12-31','100','POURCENT_BRSS','',NULL,'',NULL),('INTEGRAL_ECO_SOINS_COUR_AUDIO_DENT',5080,'PSP','2019-12-01','2099-12-31','Non remboursé',NULL,'',NULL,'',NULL),('INTEGRAL_ECO_SOINS_COUR_AUDIO_DENT',5090,'PSP','2019-12-01','2099-12-31','',NULL,'',NULL,'',NULL),('INTEGRAL_ECO_SOINS_COUR_AUDIO_DENT',5100,'PSP','2019-12-01','2099-12-31','100','POURCENT_BRSS','',NULL,'',NULL),('INTEGRAL_ECO_SOINS_COUR_AUDIO_DENT',5110,'PSP','2019-12-01','2099-12-31','',NULL,'',NULL,'',NULL),('INTEGRAL_ECO_SOINS_COUR_AUDIO_DENT',5120,'PSP','2019-12-01','2099-12-31','100','POURCENT_DE','',NULL,'',NULL),('INTEGRAL_ECO_SOINS_COUR_AUDIO_DENT',5130,'PSP','2019-12-01','2099-12-31','100','POURCENT_DE','',NULL,'',NULL),('INTEGRAL_ECO_SOINS_COUR_AUDIO_DENT',5140,'PSP','2019-12-01','2099-12-31','100','POURCENT_DE','',NULL,'',NULL),('INTEGRAL_ECO_SOINS_COUR_AUDIO_DENT',5150,'PSP','2019-12-01','2099-12-31','100','POURCENT_BRSS','',NULL,'',NULL),('INTEGRAL_ECO_SOINS_COUR_AUDIO_DENT',5160,'PSP','2019-12-01','2099-12-31','',NULL,'',NULL,'',NULL),('INTEGRAL_ECO_SOINS_COUR_AUDIO_DENT',5170,'PSP','2019-12-01','2099-12-31','100','POURCENT_BRSS','',NULL,'',NULL),('INTEGRAL_ECO_SOINS_COUR_AUDIO_DENT',5180,'PSP','2019-12-01','2099-12-31','',NULL,'',NULL,'',NULL),('INTEGRAL_ECO_SOINS_COUR_AUDIO_DENT',5190,'PSP','2019-12-01','2099-12-31','100','POURCENT_BRSS','',NULL,'',NULL),('INTEGRAL_ECO_SOINS_COUR_AUDIO_DENT',5200,'PSP','2019-12-01','2099-12-31','',NULL,'',NULL,'',NULL),('INTEGRAL_ECO_SOINS_COUR_AUDIO_DENT',5210,'PSP','2019-12-01','2099-12-31','Non remboursé',NULL,'',NULL,'',NULL),('INTEGRAL_ECO_SOINS_COUR_AUDIO_DENT',5220,'PSP','2019-12-01','2099-12-31','',NULL,'',NULL,'',NULL),('INTEGRAL_ECO_SOINS_COUR_AUDIO_DENT',5230,'PSP','2019-12-01','2099-12-31','Non remboursé',NULL,'',NULL,'',NULL),('INTEGRAL_ECO_SOINS_COUR_AUDIO_DENT',5240,'PSP','2019-12-01','2099-12-31','',NULL,'',NULL,'',NULL),('INTEGRAL_ECO_SOINS_COUR_AUDIO_DENT',5250,'PSP','2019-12-01','2099-12-31','100','POURCENT_BRSS','',NULL,'',NULL),('INTEGRAL_ECO_SOINS_COUR_AUDIO_DENT',5260,'PSP','2019-12-01','2099-12-31','',NULL,'',NULL,'',NULL),('INTEGRAL_ECO_SOINS_COUR_AUDIO_DENT',5270,'PSP','2019-12-01','2099-12-31','OUI',NULL,'',NULL,'',NULL),('INTEGRAL_ECO_SOINS_COUR_AUDIO_DENT',5280,'PSP','2019-12-01','2099-12-31','500','EURO','',NULL,'',NULL),('INTEGRAL_ECO_SOINS_COUR_AUDIO_DENT',5290,'PSP','2019-12-01','2099-12-31','OUI',NULL,'',NULL,'',NULL),('INTEGRAL_ECO_SOINS_COUR_AUDIO_DENT',5300,'PSP','2019-12-01','2099-12-31','OUI',NULL,'',NULL,'',NULL),('INTEGRAL_ECO_SOINS_COUR_AUDIO_DENT',5310,'PSP','2019-12-01','2099-12-31','OUI',NULL,'',NULL,'',NULL),('INTEGRAL_ECO_SOINS_COUR_AUDIO_DENT',5320,'PSP','2019-12-01','2099-12-31','OUI',NULL,'',NULL,'',NULL),('INTEGRAL_ECO_SOINS_COUR_AUDIO_OPT',1000,'PSP','2019-12-01','2099-12-31','',NULL,'',NULL,'',8),('INTEGRAL_ECO_SOINS_COUR_AUDIO_OPT',1010,'PSP','2019-12-01','2099-12-31','',NULL,'',NULL,'',NULL),('INTEGRAL_ECO_SOINS_COUR_AUDIO_OPT',1020,'PSP','2019-12-01','2099-12-31','100','POURCENT_DE','',NULL,'',NULL),('INTEGRAL_ECO_SOINS_COUR_AUDIO_OPT',1030,'PSP','2019-12-01','2099-12-31','',NULL,'',NULL,'',NULL),('INTEGRAL_ECO_SOINS_COUR_AUDIO_OPT',1040,'PSP','2019-12-01','2099-12-31','240','POURCENT_BRSS','',NULL,'',NULL),('INTEGRAL_ECO_SOINS_COUR_AUDIO_OPT',1050,'PSP','2019-12-01','2099-12-31','200','POURCENT_BRSS','',NULL,'',NULL),('INTEGRAL_ECO_SOINS_COUR_AUDIO_OPT',1060,'PSP','2019-12-01','2099-12-31','',NULL,'',NULL,'',NULL),('INTEGRAL_ECO_SOINS_COUR_AUDIO_OPT',1070,'PSP','2019-12-01','2099-12-31','100','POURCENT_DE','',NULL,'',NULL),('INTEGRAL_ECO_SOINS_COUR_AUDIO_OPT',1080,'PSP','2019-12-01','2099-12-31','',NULL,'',NULL,'',NULL),('INTEGRAL_ECO_SOINS_COUR_AUDIO_OPT',1090,'PSP','2019-12-01','2099-12-31','100','EURO','',NULL,'',NULL),('INTEGRAL_ECO_SOINS_COUR_AUDIO_OPT',1100,'PSP','2019-12-01','2099-12-31','40','EURO','',NULL,'',NULL),('INTEGRAL_ECO_SOINS_COUR_AUDIO_OPT',1110,'PSP','2019-12-01','2099-12-31','',NULL,'',NULL,'',NULL),('INTEGRAL_ECO_SOINS_COUR_AUDIO_OPT',1120,'PSP','2019-12-01','2099-12-31','20','EURO','',NULL,'',NULL),('INTEGRAL_ECO_SOINS_COUR_AUDIO_OPT',1130,'PSP','2019-12-01','2099-12-31','',NULL,'',NULL,'',NULL),('INTEGRAL_ECO_SOINS_COUR_AUDIO_OPT',1140,'PSP','2019-12-01','2099-12-31','100','POURCENT_BRSS','',NULL,'',NULL),('INTEGRAL_ECO_SOINS_COUR_AUDIO_OPT',1150,'PSP','2019-12-01','2099-12-31','',NULL,'',NULL,'',NULL),('INTEGRAL_ECO_SOINS_COUR_AUDIO_OPT',1160,'PSP','2019-12-01','2099-12-31','OUI',NULL,'',NULL,'',NULL),('INTEGRAL_ECO_SOINS_COUR_AUDIO_OPT',1170,'PSP','2019-12-01','2099-12-31','OUI',NULL,'',NULL,'',NULL),('INTEGRAL_ECO_SOINS_COUR_AUDIO_OPT',1180,'PSP','2019-12-01','2099-12-31','OUI',NULL,'',NULL,'',NULL),('INTEGRAL_ECO_SOINS_COUR_AUDIO_OPT',1190,'PSP','2019-12-01','2099-12-31','OUI',NULL,'',NULL,'',NULL),('INTEGRAL_ECO_SOINS_COUR_AUDIO_OPT',1200,'PSP','2019-12-01','2099-12-31','OUI',NULL,'',NULL,'',NULL),('INTEGRAL_ECO_SOINS_COUR_AUDIO_OPT',2000,'PSP','2019-12-01','2099-12-31','',NULL,'',NULL,'',8),('INTEGRAL_ECO_SOINS_COUR_AUDIO_OPT',2010,'PSP','2019-12-01','2099-12-31','',NULL,'',NULL,'',NULL),('INTEGRAL_ECO_SOINS_COUR_AUDIO_OPT',2020,'PSP','2019-12-01','2099-12-31','Sans reste à payer',NULL,'',NULL,'',NULL),('INTEGRAL_ECO_SOINS_COUR_AUDIO_OPT',2030,'PSP','2019-12-01','2099-12-31','',NULL,'',NULL,'',NULL),('INTEGRAL_ECO_SOINS_COUR_AUDIO_OPT',2040,'PSP','2019-12-01','2099-12-31','100','POURCENT_BRSS','',NULL,'',NULL),('INTEGRAL_ECO_SOINS_COUR_AUDIO_OPT',2050,'PSP','2019-12-01','2099-12-31','',NULL,'',NULL,'',NULL),('INTEGRAL_ECO_SOINS_COUR_AUDIO_OPT',2060,'PSP','2019-12-01','2099-12-31','240','POURCENT_BRSS','240','EURO','',NULL),('INTEGRAL_ECO_SOINS_COUR_AUDIO_OPT',2070,'PSP','2019-12-01','2099-12-31','240','EURO','',NULL,'',NULL),('INTEGRAL_ECO_SOINS_COUR_AUDIO_OPT',2080,'PSP','2019-12-01','2099-12-31','200','EURO','',NULL,'',NULL),('INTEGRAL_ECO_SOINS_COUR_AUDIO_OPT',2090,'PSP','2019-12-01','2099-12-31','400','EURO','',NULL,'',NULL),('INTEGRAL_ECO_SOINS_COUR_AUDIO_OPT',2100,'PSP','2019-12-01','2099-12-31','',NULL,'',NULL,'',NULL),('INTEGRAL_ECO_SOINS_COUR_AUDIO_OPT',2110,'PSP','2019-12-01','2099-12-31','200','POURCENT_BRSS','200','EURO','',NULL),('INTEGRAL_ECO_SOINS_COUR_AUDIO_OPT',2120,'PSP','2019-12-01','2099-12-31','200','EURO','',NULL,'',NULL),('INTEGRAL_ECO_SOINS_COUR_AUDIO_OPT',2130,'PSP','2019-12-01','2099-12-31','',NULL,'',NULL,'',NULL),('INTEGRAL_ECO_SOINS_COUR_AUDIO_OPT',2140,'PSP','2019-12-01','2099-12-31','200','POURCENT_BRSS','200','EURO','',NULL),('INTEGRAL_ECO_SOINS_COUR_AUDIO_OPT',2150,'PSP','2019-12-01','2099-12-31','+ 100','EURO','',NULL,'',NULL),('INTEGRAL_ECO_SOINS_COUR_AUDIO_OPT',2160,'PSP','2019-12-01','2099-12-31','+ 200','EURO','',NULL,'',NULL),('INTEGRAL_ECO_SOINS_COUR_AUDIO_OPT',2170,'PSP','2019-12-01','2099-12-31','',NULL,'',NULL,'',NULL),('INTEGRAL_ECO_SOINS_COUR_AUDIO_OPT',2180,'PSP','2019-12-01','2099-12-31','OUI',NULL,'',NULL,'',NULL),('INTEGRAL_ECO_SOINS_COUR_AUDIO_OPT',2190,'PSP','2019-12-01','2099-12-31','OUI',NULL,'',NULL,'',NULL),('INTEGRAL_ECO_SOINS_COUR_AUDIO_OPT',3000,'PSP','2019-12-01','2099-12-31','',NULL,'',NULL,'',3),('INTEGRAL_ECO_SOINS_COUR_AUDIO_OPT',3010,'PSP','2019-12-01','2099-12-31','',NULL,'',NULL,'',NULL),('INTEGRAL_ECO_SOINS_COUR_AUDIO_OPT',3020,'PSP','2019-12-01','2099-12-31','Sans reste à payer',NULL,'',NULL,'',NULL),('INTEGRAL_ECO_SOINS_COUR_AUDIO_OPT',3030,'PSP','2019-12-01','2099-12-31','',NULL,'',NULL,'',NULL),('INTEGRAL_ECO_SOINS_COUR_AUDIO_OPT',3040,'PSP','2019-12-01','2099-12-31','50','EURO','',NULL,'',NULL),('INTEGRAL_ECO_SOINS_COUR_AUDIO_OPT',3050,'PSP','2019-12-01','2099-12-31','Non concerné',NULL,'',NULL,'',NULL),('INTEGRAL_ECO_SOINS_COUR_AUDIO_OPT',3060,'PSP','2019-12-01','2099-12-31','50','EURO','',NULL,'',NULL),('INTEGRAL_ECO_SOINS_COUR_AUDIO_OPT',3070,'PSP','2019-12-01','2099-12-31','25','EURO','',NULL,'',NULL),('INTEGRAL_ECO_SOINS_COUR_AUDIO_OPT',3080,'PSP','2019-12-01','2099-12-31','25','EURO','',NULL,'',NULL),('INTEGRAL_ECO_SOINS_COUR_AUDIO_OPT',3090,'PSP','2019-12-01','2099-12-31','75','EURO','',NULL,'',NULL),('INTEGRAL_ECO_SOINS_COUR_AUDIO_OPT',3100,'PSP','2019-12-01','2099-12-31','75','EURO','',NULL,'',NULL),('INTEGRAL_ECO_SOINS_COUR_AUDIO_OPT',3110,'PSP','2019-12-01','2099-12-31','100','POURCENT_BRSS','',NULL,'',NULL),('INTEGRAL_ECO_SOINS_COUR_AUDIO_OPT',3120,'PSP','2019-12-01','2099-12-31','',NULL,'',NULL,'',NULL),('INTEGRAL_ECO_SOINS_COUR_AUDIO_OPT',3130,'PSP','2019-12-01','2099-12-31','100','POURCENT_BRSS','',NULL,'',NULL),('INTEGRAL_ECO_SOINS_COUR_AUDIO_OPT',3140,'PSP','2019-12-01','2099-12-31','100','POURCENT_BRSS','',NULL,'',NULL),('INTEGRAL_ECO_SOINS_COUR_AUDIO_OPT',3150,'PSP','2019-12-01','2099-12-31','Non remboursé',NULL,'',NULL,'',NULL),('INTEGRAL_ECO_SOINS_COUR_AUDIO_OPT',3160,'PSP','2019-12-01','2099-12-31','+ 20','EURO','',NULL,'',NULL),('INTEGRAL_ECO_SOINS_COUR_AUDIO_OPT',3170,'PSP','2019-12-01','2099-12-31','+ 25','EURO','',NULL,'',NULL),('INTEGRAL_ECO_SOINS_COUR_AUDIO_OPT',3180,'PSP','2019-12-01','2099-12-31','',NULL,'',NULL,'',NULL),('INTEGRAL_ECO_SOINS_COUR_AUDIO_OPT',3190,'PSP','2019-12-01','2099-12-31','OUI',NULL,'',NULL,'',NULL),('INTEGRAL_ECO_SOINS_COUR_AUDIO_OPT',3200,'PSP','2019-12-01','2099-12-31','OUI',NULL,'',NULL,'',NULL),('INTEGRAL_ECO_SOINS_COUR_AUDIO_OPT',3210,'PSP','2019-12-01','2099-12-31','OUI',NULL,'',NULL,'',NULL),('INTEGRAL_ECO_SOINS_COUR_AUDIO_OPT',3220,'PSP','2019-12-01','2099-12-31','OUI',NULL,'',NULL,'',NULL),('INTEGRAL_ECO_SOINS_COUR_AUDIO_OPT',4000,'PSP','2019-12-01','2099-12-31','',NULL,'',NULL,'',7),('INTEGRAL_ECO_SOINS_COUR_AUDIO_OPT',4010,'PSP','2019-12-01','2099-12-31','',NULL,'',NULL,'',NULL),('INTEGRAL_ECO_SOINS_COUR_AUDIO_OPT',4020,'PSP','2019-12-01','2099-12-31','Sans reste à payer',NULL,'',NULL,'',NULL),('INTEGRAL_ECO_SOINS_COUR_AUDIO_OPT',4030,'PSP','2019-12-01','2099-12-31','',NULL,'',NULL,'',NULL),('INTEGRAL_ECO_SOINS_COUR_AUDIO_OPT',4040,'PSP','2019-12-01','2099-12-31','240','POURCENT_BRSS','',NULL,'',NULL),('INTEGRAL_ECO_SOINS_COUR_AUDIO_OPT',4050,'PSP','2019-12-01','2099-12-31','100','POURCENT_BRSS','',NULL,'',NULL),('INTEGRAL_ECO_SOINS_COUR_AUDIO_OPT',4060,'PSP','2019-12-01','2099-12-31','',NULL,'',NULL,'',NULL),('INTEGRAL_ECO_SOINS_COUR_AUDIO_OPT',4070,'PSP','2019-12-01','2099-12-31','100','POURCENT_BRSS','',NULL,'',NULL),('INTEGRAL_ECO_SOINS_COUR_AUDIO_OPT',4080,'PSP','2019-12-01','2099-12-31','+ 50','EURO','',NULL,'',NULL),('INTEGRAL_ECO_SOINS_COUR_AUDIO_OPT',4090,'PSP','2019-12-01','2099-12-31','+ 100','EURO','',NULL,'',NULL),('INTEGRAL_ECO_SOINS_COUR_AUDIO_OPT',4100,'PSP','2019-12-01','2099-12-31','',NULL,'',NULL,'',NULL),('INTEGRAL_ECO_SOINS_COUR_AUDIO_OPT',4110,'PSP','2019-12-01','2099-12-31','OUI',NULL,'',NULL,'',NULL),('INTEGRAL_ECO_SOINS_COUR_AUDIO_OPT',4120,'PSP','2019-12-01','2099-12-31','OUI',NULL,'',NULL,'',NULL),('INTEGRAL_ECO_SOINS_COUR_AUDIO_OPT',5000,'PSP','2019-12-01','2099-12-31','',NULL,'',NULL,'',7),('INTEGRAL_ECO_SOINS_COUR_AUDIO_OPT',5010,'PSP','2019-12-01','2099-12-31','',NULL,'',NULL,'',NULL),('INTEGRAL_ECO_SOINS_COUR_AUDIO_OPT',5020,'PSP','2019-12-01','2099-12-31','220','POURCENT_BRSS','',NULL,'',NULL),('INTEGRAL_ECO_SOINS_COUR_AUDIO_OPT',5030,'PSP','2019-12-01','2099-12-31','200','POURCENT_BRSS','',NULL,'',NULL),('INTEGRAL_ECO_SOINS_COUR_AUDIO_OPT',5040,'PSP','2019-12-01','2099-12-31','220','POURCENT_BRSS','',NULL,'',NULL),('INTEGRAL_ECO_SOINS_COUR_AUDIO_OPT',5050,'PSP','2019-12-01','2099-12-31','200','POURCENT_BRSS','',NULL,'',NULL),('INTEGRAL_ECO_SOINS_COUR_AUDIO_OPT',5060,'PSP','2019-12-01','2099-12-31','',NULL,'',NULL,'',NULL),('INTEGRAL_ECO_SOINS_COUR_AUDIO_OPT',5070,'PSP','2019-12-01','2099-12-31','100','POURCENT_BRSS','',NULL,'',NULL),('INTEGRAL_ECO_SOINS_COUR_AUDIO_OPT',5080,'PSP','2019-12-01','2099-12-31','Non remboursé',NULL,'',NULL,'',NULL),('INTEGRAL_ECO_SOINS_COUR_AUDIO_OPT',5090,'PSP','2019-12-01','2099-12-31','',NULL,'',NULL,'',NULL),('INTEGRAL_ECO_SOINS_COUR_AUDIO_OPT',5100,'PSP','2019-12-01','2099-12-31','100','POURCENT_BRSS','',NULL,'',NULL),('INTEGRAL_ECO_SOINS_COUR_AUDIO_OPT',5110,'PSP','2019-12-01','2099-12-31','',NULL,'',NULL,'',NULL),('INTEGRAL_ECO_SOINS_COUR_AUDIO_OPT',5120,'PSP','2019-12-01','2099-12-31','100','POURCENT_DE','',NULL,'',NULL),('INTEGRAL_ECO_SOINS_COUR_AUDIO_OPT',5130,'PSP','2019-12-01','2099-12-31','100','POURCENT_DE','',NULL,'',NULL),('INTEGRAL_ECO_SOINS_COUR_AUDIO_OPT',5140,'PSP','2019-12-01','2099-12-31','100','POURCENT_DE','',NULL,'',NULL),('INTEGRAL_ECO_SOINS_COUR_AUDIO_OPT',5150,'PSP','2019-12-01','2099-12-31','100','POURCENT_BRSS','',NULL,'',NULL),('INTEGRAL_ECO_SOINS_COUR_AUDIO_OPT',5160,'PSP','2019-12-01','2099-12-31','',NULL,'',NULL,'',NULL),('INTEGRAL_ECO_SOINS_COUR_AUDIO_OPT',5170,'PSP','2019-12-01','2099-12-31','100','POURCENT_BRSS','',NULL,'',NULL),('INTEGRAL_ECO_SOINS_COUR_AUDIO_OPT',5180,'PSP','2019-12-01','2099-12-31','',NULL,'',NULL,'',NULL),('INTEGRAL_ECO_SOINS_COUR_AUDIO_OPT',5190,'PSP','2019-12-01','2099-12-31','100','POURCENT_BRSS','',NULL,'',NULL),('INTEGRAL_ECO_SOINS_COUR_AUDIO_OPT',5200,'PSP','2019-12-01','2099-12-31','',NULL,'',NULL,'',NULL),('INTEGRAL_ECO_SOINS_COUR_AUDIO_OPT',5210,'PSP','2019-12-01','2099-12-31','Non remboursé',NULL,'',NULL,'',NULL),('INTEGRAL_ECO_SOINS_COUR_AUDIO_OPT',5220,'PSP','2019-12-01','2099-12-31','',NULL,'',NULL,'',NULL),('INTEGRAL_ECO_SOINS_COUR_AUDIO_OPT',5230,'PSP','2019-12-01','2099-12-31','Non remboursé',NULL,'',NULL,'',NULL),('INTEGRAL_ECO_SOINS_COUR_AUDIO_OPT',5240,'PSP','2019-12-01','2099-12-31','',NULL,'',NULL,'',NULL),('INTEGRAL_ECO_SOINS_COUR_AUDIO_OPT',5250,'PSP','2019-12-01','2099-12-31','100','POURCENT_BRSS','',NULL,'',NULL),('INTEGRAL_ECO_SOINS_COUR_AUDIO_OPT',5260,'PSP','2019-12-01','2099-12-31','',NULL,'',NULL,'',NULL),('INTEGRAL_ECO_SOINS_COUR_AUDIO_OPT',5270,'PSP','2019-12-01','2099-12-31','OUI',NULL,'',NULL,'',NULL),('INTEGRAL_ECO_SOINS_COUR_AUDIO_OPT',5280,'PSP','2019-12-01','2099-12-31','500','EURO','',NULL,'',NULL),('INTEGRAL_ECO_SOINS_COUR_AUDIO_OPT',5290,'PSP','2019-12-01','2099-12-31','OUI',NULL,'',NULL,'',NULL),('INTEGRAL_ECO_SOINS_COUR_AUDIO_OPT',5300,'PSP','2019-12-01','2099-12-31','OUI',NULL,'',NULL,'',NULL),('INTEGRAL_ECO_SOINS_COUR_AUDIO_OPT',5310,'PSP','2019-12-01','2099-12-31','OUI',NULL,'',NULL,'',NULL),('INTEGRAL_ECO_SOINS_COUR_AUDIO_OPT',5320,'PSP','2019-12-01','2099-12-31','OUI',NULL,'',NULL,'',NULL),('INTERMEDIAIRE',1000,'PSP','2019-12-01','2099-12-31','',NULL,'',NULL,'',4),('INTERMEDIAIRE',1010,'PSP','2019-12-01','2099-12-31','',NULL,'',NULL,'',NULL),('INTERMEDIAIRE',1020,'PSP','2019-12-01','2099-12-31','100','POURCENT_DE','',NULL,'',NULL),('INTERMEDIAIRE',1030,'PSP','2019-12-01','2099-12-31','',NULL,'',NULL,'',NULL),('INTERMEDIAIRE',1040,'PSP','2019-12-01','2099-12-31','120','POURCENT_BRSS','',NULL,'',NULL),('INTERMEDIAIRE',1050,'PSP','2019-12-01','2099-12-31','100','POURCENT_BRSS','',NULL,'',NULL),('INTERMEDIAIRE',1060,'PSP','2019-12-01','2099-12-31','',NULL,'',NULL,'',NULL),('INTERMEDIAIRE',1070,'PSP','2019-12-01','2099-12-31','100','POURCENT_DE','',NULL,'',NULL),('INTERMEDIAIRE',1080,'PSP','2019-12-01','2099-12-31','',NULL,'',NULL,'',NULL),('INTERMEDIAIRE',1090,'PSP','2019-12-01','2099-12-31','50','EURO','',NULL,'',NULL),('INTERMEDIAIRE',1100,'PSP','2019-12-01','2099-12-31','20','EURO','',NULL,'',NULL),('INTERMEDIAIRE',1110,'PSP','2019-12-01','2099-12-31','',NULL,'',NULL,'',NULL),('INTERMEDIAIRE',1120,'PSP','2019-12-01','2099-12-31','10','EURO','',NULL,'',NULL),('INTERMEDIAIRE',1130,'PSP','2019-12-01','2099-12-31','',NULL,'',NULL,'',NULL),('INTERMEDIAIRE',1140,'PSP','2019-12-01','2099-12-31','100','POURCENT_BRSS','',NULL,'',NULL),('INTERMEDIAIRE',1150,'PSP','2019-12-01','2099-12-31','',NULL,'',NULL,'',NULL),('INTERMEDIAIRE',1160,'PSP','2019-12-01','2099-12-31','OUI',NULL,'',NULL,'',NULL),('INTERMEDIAIRE',1170,'PSP','2019-12-01','2099-12-31','OUI',NULL,'',NULL,'',NULL),('INTERMEDIAIRE',1180,'PSP','2019-12-01','2099-12-31','OUI',NULL,'',NULL,'',NULL),('INTERMEDIAIRE',1190,'PSP','2019-12-01','2099-12-31','OUI',NULL,'',NULL,'',NULL),('INTERMEDIAIRE',1200,'PSP','2019-12-01','2099-12-31','OUI',NULL,'',NULL,'',NULL),('INTERMEDIAIRE',2000,'PSP','2019-12-01','2099-12-31','',NULL,'',NULL,'',4),('INTERMEDIAIRE',2010,'PSP','2019-12-01','2099-12-31','',NULL,'',NULL,'',NULL),('INTERMEDIAIRE',2020,'PSP','2019-12-01','2099-12-31','Sans reste à payer',NULL,'',NULL,'',NULL),('INTERMEDIAIRE',2030,'PSP','2019-12-01','2099-12-31','',NULL,'',NULL,'',NULL),('INTERMEDIAIRE',2040,'PSP','2019-12-01','2099-12-31','100','POURCENT_BRSS','',NULL,'',NULL),('INTERMEDIAIRE',2050,'PSP','2019-12-01','2099-12-31','',NULL,'',NULL,'',NULL),('INTERMEDIAIRE',2060,'PSP','2019-12-01','2099-12-31','120','POURCENT_BRSS','120','EURO','',NULL),('INTERMEDIAIRE',2070,'PSP','2019-12-01','2099-12-31','120','EURO','',NULL,'',NULL),('INTERMEDIAIRE',2080,'PSP','2019-12-01','2099-12-31','100','EURO','',NULL,'',NULL),('INTERMEDIAIRE',2090,'PSP','2019-12-01','2099-12-31','200','EURO','',NULL,'',NULL),('INTERMEDIAIRE',2100,'PSP','2019-12-01','2099-12-31','',NULL,'',NULL,'',NULL),('INTERMEDIAIRE',2110,'PSP','2019-12-01','2099-12-31','100','POURCENT_BRSS','100','EURO','',NULL),('INTERMEDIAIRE',2120,'PSP','2019-12-01','2099-12-31','100','EURO','',NULL,'',NULL),('INTERMEDIAIRE',2130,'PSP','2019-12-01','2099-12-31','',NULL,'',NULL,'',NULL),('INTERMEDIAIRE',2140,'PSP','2019-12-01','2099-12-31','100','POURCENT_BRSS','100','EURO','',NULL),('INTERMEDIAIRE',2150,'PSP','2019-12-01','2099-12-31','+50','EURO','',NULL,'',NULL),('INTERMEDIAIRE',2160,'PSP','2019-12-01','2099-12-31','+ 100','EURO','',NULL,'',NULL),('INTERMEDIAIRE',2170,'PSP','2019-12-01','2099-12-31','',NULL,'',NULL,'',NULL),('INTERMEDIAIRE',2180,'PSP','2019-12-01','2099-12-31','OUI',NULL,'',NULL,'',NULL),('INTERMEDIAIRE',2190,'PSP','2019-12-01','2099-12-31','OUI',NULL,'',NULL,'',NULL),('INTERMEDIAIRE',3000,'PSP','2019-12-01','2099-12-31','',NULL,'',NULL,'',4),('INTERMEDIAIRE',3010,'PSP','2019-12-01','2099-12-31','',NULL,'',NULL,'',NULL),('INTERMEDIAIRE',3020,'PSP','2019-12-01','2099-12-31','Sans reste à payer',NULL,'',NULL,'',NULL),('INTERMEDIAIRE',3030,'PSP','2019-12-01','2099-12-31','',NULL,'',NULL,'',NULL),('INTERMEDIAIRE',3040,'PSP','2019-12-01','2099-12-31','60','EURO','',NULL,'',NULL),('INTERMEDIAIRE',3050,'PSP','2019-12-01','2099-12-31','10','EURO','',NULL,'',NULL),('INTERMEDIAIRE',3060,'PSP','2019-12-01','2099-12-31','50','EURO','',NULL,'',NULL),('INTERMEDIAIRE',3070,'PSP','2019-12-01','2099-12-31','60','EURO','',NULL,'',NULL),('INTERMEDIAIRE',3080,'PSP','2019-12-01','2099-12-31','50','EURO','',NULL,'',NULL),('INTERMEDIAIRE',3090,'PSP','2019-12-01','2099-12-31','120','EURO','',NULL,'',NULL),('INTERMEDIAIRE',3100,'PSP','2019-12-01','2099-12-31','100','EURO','',NULL,'',NULL),('INTERMEDIAIRE',3110,'PSP','2019-12-01','2099-12-31','100','POURCENT_BRSS','',NULL,'',NULL),('INTERMEDIAIRE',3120,'PSP','2019-12-01','2099-12-31','',NULL,'',NULL,'',NULL),('INTERMEDIAIRE',3130,'PSP','2019-12-01','2099-12-31','120','EURO','',NULL,'',NULL),('INTERMEDIAIRE',3140,'PSP','2019-12-01','2099-12-31','100','EURO','',NULL,'',NULL),('INTERMEDIAIRE',3150,'PSP','2019-12-01','2099-12-31','100','EURO','',NULL,'',NULL),('INTERMEDIAIRE',3160,'PSP','2019-12-01','2099-12-31','+ 20','EURO','',NULL,'',NULL),('INTERMEDIAIRE',3170,'PSP','2019-12-01','2099-12-31','+ 30','EURO','',NULL,'',NULL),('INTERMEDIAIRE',3180,'PSP','2019-12-01','2099-12-31','',NULL,'',NULL,'',NULL),('INTERMEDIAIRE',3190,'PSP','2019-12-01','2099-12-31','OUI',NULL,'',NULL,'',NULL),('INTERMEDIAIRE',3200,'PSP','2019-12-01','2099-12-31','OUI',NULL,'',NULL,'',NULL),('INTERMEDIAIRE',3210,'PSP','2019-12-01','2099-12-31','OUI',NULL,'',NULL,'',NULL),('INTERMEDIAIRE',3220,'PSP','2019-12-01','2099-12-31','OUI',NULL,'',NULL,'',NULL),('INTERMEDIAIRE',4000,'PSP','2019-12-01','2099-12-31','',NULL,'',NULL,'',4),('INTERMEDIAIRE',4010,'PSP','2019-12-01','2099-12-31','',NULL,'',NULL,'',NULL),('INTERMEDIAIRE',4020,'PSP','2019-12-01','2099-12-31','Sans reste à payer',NULL,'',NULL,'',NULL),('INTERMEDIAIRE',4030,'PSP','2019-12-01','2099-12-31','',NULL,'',NULL,'',NULL),('INTERMEDIAIRE',4040,'PSP','2019-12-01','2099-12-31','120','POURCENT_BRSS','120','EURO','',NULL),('INTERMEDIAIRE',4050,'PSP','2019-12-01','2099-12-31','100','POURCENT_BRSS','100','EURO','',NULL),('INTERMEDIAIRE',4060,'PSP','2019-12-01','2099-12-31','',NULL,'',NULL,'',NULL),('INTERMEDIAIRE',4070,'PSP','2019-12-01','2099-12-31','100','POURCENT_BRSS','',NULL,'',NULL),('INTERMEDIAIRE',4080,'PSP','2019-12-01','2099-12-31','+50','EURO','',NULL,'',NULL),('INTERMEDIAIRE',4090,'PSP','2019-12-01','2099-12-31','+ 100','EURO','',NULL,'',NULL),('INTERMEDIAIRE',4100,'PSP','2019-12-01','2099-12-31','',NULL,'',NULL,'',NULL),('INTERMEDIAIRE',4110,'PSP','2019-12-01','2099-12-31','OUI',NULL,'',NULL,'',NULL),('INTERMEDIAIRE',4120,'PSP','2019-12-01','2099-12-31','OUI',NULL,'',NULL,'',NULL),('INTERMEDIAIRE',5000,'PSP','2019-12-01','2099-12-31','',NULL,'',NULL,'',4),('INTERMEDIAIRE',5010,'PSP','2019-12-01','2099-12-31','',NULL,'',NULL,'',NULL),('INTERMEDIAIRE',5020,'PSP','2019-12-01','2099-12-31','120','POURCENT_BRSS','',NULL,'',NULL),('INTERMEDIAIRE',5030,'PSP','2019-12-01','2099-12-31','100','POURCENT_BRSS','',NULL,'',NULL),('INTERMEDIAIRE',5040,'PSP','2019-12-01','2099-12-31','120','POURCENT_BRSS','',NULL,'',NULL),('INTERMEDIAIRE',5050,'PSP','2019-12-01','2099-12-31','100','POURCENT_BRSS','',NULL,'',NULL),('INTERMEDIAIRE',5060,'PSP','2019-12-01','2099-12-31','',NULL,'',NULL,'',NULL),('INTERMEDIAIRE',5070,'PSP','2019-12-01','2099-12-31','120','POURCENT_BRSS','',NULL,'',NULL),('INTERMEDIAIRE',5080,'PSP','2019-12-01','2099-12-31','10','EURO','',NULL,'',NULL),('INTERMEDIAIRE',5090,'PSP','2019-12-01','2099-12-31','',NULL,'',NULL,'',NULL),('INTERMEDIAIRE',5100,'PSP','2019-12-01','2099-12-31','100','POURCENT_BRSS','',NULL,'',NULL),('INTERMEDIAIRE',5110,'PSP','2019-12-01','2099-12-31','',NULL,'',NULL,'',NULL),('INTERMEDIAIRE',5120,'PSP','2019-12-01','2099-12-31','100','POURCENT_DE','',NULL,'',NULL),('INTERMEDIAIRE',5130,'PSP','2019-12-01','2099-12-31','100','POURCENT_DE','',NULL,'',NULL),('INTERMEDIAIRE',5140,'PSP','2019-12-01','2099-12-31','100','POURCENT_DE','',NULL,'',NULL),('INTERMEDIAIRE',5150,'PSP','2019-12-01','2099-12-31','100','POURCENT_BRSS','',NULL,'',NULL),('INTERMEDIAIRE',5160,'PSP','2019-12-01','2099-12-31','',NULL,'',NULL,'',NULL),('INTERMEDIAIRE',5170,'PSP','2019-12-01','2099-12-31','100','POURCENT_BRSS','',NULL,'',NULL),('INTERMEDIAIRE',5180,'PSP','2019-12-01','2099-12-31','',NULL,'',NULL,'',NULL),('INTERMEDIAIRE',5190,'PSP','2019-12-01','2099-12-31','100','POURCENT_BRSS','100','EURO','',NULL),('INTERMEDIAIRE',5200,'PSP','2019-12-01','2099-12-31','',NULL,'',NULL,'',NULL),('INTERMEDIAIRE',5210,'PSP','2019-12-01','2099-12-31','100','EURO','',NULL,'',NULL),('INTERMEDIAIRE',5220,'PSP','2019-12-01','2099-12-31','',NULL,'',NULL,'',NULL),('INTERMEDIAIRE',5230,'PSP','2019-12-01','2099-12-31','10','EURO','',NULL,'',NULL),('INTERMEDIAIRE',5240,'PSP','2019-12-01','2099-12-31','',NULL,'',NULL,'',NULL),('INTERMEDIAIRE',5250,'PSP','2019-12-01','2099-12-31','100','POURCENT_BRSS','',NULL,'',NULL),('INTERMEDIAIRE',5260,'PSP','2019-12-01','2099-12-31','',NULL,'',NULL,'',NULL),('INTERMEDIAIRE',5270,'PSP','2019-12-01','2099-12-31','OUI',NULL,'',NULL,'',NULL),('INTERMEDIAIRE',5280,'PSP','2019-12-01','2099-12-31','500','EURO','',NULL,'',NULL),('INTERMEDIAIRE',5290,'PSP','2019-12-01','2099-12-31','OUI',NULL,'',NULL,'',NULL),('INTERMEDIAIRE',5300,'PSP','2019-12-01','2099-12-31','OUI',NULL,'',NULL,'',NULL),('INTERMEDIAIRE',5310,'PSP','2019-12-01','2099-12-31','OUI',NULL,'',NULL,'',NULL),('INTERMEDIAIRE',5320,'PSP','2019-12-01','2099-12-31','OUI',NULL,'',NULL,'',NULL),('INTERMEDIAIRE_ECO_DENT',1000,'PSP','2019-12-01','2099-12-31','',NULL,'',NULL,'',4),('INTERMEDIAIRE_ECO_DENT',1010,'PSP','2019-12-01','2099-12-31','',NULL,'',NULL,'',NULL),('INTERMEDIAIRE_ECO_DENT',1020,'PSP','2019-12-01','2099-12-31','100','POURCENT_DE','',NULL,'',NULL),('INTERMEDIAIRE_ECO_DENT',1030,'PSP','2019-12-01','2099-12-31','',NULL,'',NULL,'',NULL),('INTERMEDIAIRE_ECO_DENT',1040,'PSP','2019-12-01','2099-12-31','120','POURCENT_BRSS','',NULL,'',NULL),('INTERMEDIAIRE_ECO_DENT',1050,'PSP','2019-12-01','2099-12-31','100','POURCENT_BRSS','',NULL,'',NULL),('INTERMEDIAIRE_ECO_DENT',1060,'PSP','2019-12-01','2099-12-31','',NULL,'',NULL,'',NULL),('INTERMEDIAIRE_ECO_DENT',1070,'PSP','2019-12-01','2099-12-31','100','POURCENT_DE','',NULL,'',NULL),('INTERMEDIAIRE_ECO_DENT',1080,'PSP','2019-12-01','2099-12-31','',NULL,'',NULL,'',NULL),('INTERMEDIAIRE_ECO_DENT',1090,'PSP','2019-12-01','2099-12-31','50','EURO','',NULL,'',NULL),('INTERMEDIAIRE_ECO_DENT',1100,'PSP','2019-12-01','2099-12-31','20','EURO','',NULL,'',NULL),('INTERMEDIAIRE_ECO_DENT',1110,'PSP','2019-12-01','2099-12-31','',NULL,'',NULL,'',NULL),('INTERMEDIAIRE_ECO_DENT',1120,'PSP','2019-12-01','2099-12-31','10','EURO','',NULL,'',NULL),('INTERMEDIAIRE_ECO_DENT',1130,'PSP','2019-12-01','2099-12-31','',NULL,'',NULL,'',NULL),('INTERMEDIAIRE_ECO_DENT',1140,'PSP','2019-12-01','2099-12-31','100','POURCENT_BRSS','',NULL,'',NULL),('INTERMEDIAIRE_ECO_DENT',1150,'PSP','2019-12-01','2099-12-31','',NULL,'',NULL,'',NULL),('INTERMEDIAIRE_ECO_DENT',1160,'PSP','2019-12-01','2099-12-31','OUI',NULL,'',NULL,'',NULL),('INTERMEDIAIRE_ECO_DENT',1170,'PSP','2019-12-01','2099-12-31','OUI',NULL,'',NULL,'',NULL),('INTERMEDIAIRE_ECO_DENT',1180,'PSP','2019-12-01','2099-12-31','OUI',NULL,'',NULL,'',NULL),('INTERMEDIAIRE_ECO_DENT',1190,'PSP','2019-12-01','2099-12-31','OUI',NULL,'',NULL,'',NULL),('INTERMEDIAIRE_ECO_DENT',1200,'PSP','2019-12-01','2099-12-31','OUI',NULL,'',NULL,'',NULL),('INTERMEDIAIRE_ECO_DENT',2000,'PSP','2019-12-01','2099-12-31','',NULL,'',NULL,'',3),('INTERMEDIAIRE_ECO_DENT',2010,'PSP','2019-12-01','2099-12-31','',NULL,'',NULL,'',NULL),('INTERMEDIAIRE_ECO_DENT',2020,'PSP','2019-12-01','2099-12-31','Sans reste à payer',NULL,'',NULL,'',NULL),('INTERMEDIAIRE_ECO_DENT',2030,'PSP','2019-12-01','2099-12-31','',NULL,'',NULL,'',NULL),('INTERMEDIAIRE_ECO_DENT',2040,'PSP','2019-12-01','2099-12-31','100','POURCENT_BRSS','',NULL,'',NULL),('INTERMEDIAIRE_ECO_DENT',2050,'PSP','2019-12-01','2099-12-31','',NULL,'',NULL,'',NULL),('INTERMEDIAIRE_ECO_DENT',2060,'PSP','2019-12-01','2099-12-31','120','POURCENT_BRSS','',NULL,'',NULL),('INTERMEDIAIRE_ECO_DENT',2070,'PSP','2019-12-01','2099-12-31','Non remboursé',NULL,'',NULL,'',NULL),('INTERMEDIAIRE_ECO_DENT',2080,'PSP','2019-12-01','2099-12-31','50','EURO','',NULL,'',NULL),('INTERMEDIAIRE_ECO_DENT',2090,'PSP','2019-12-01','2099-12-31','100','EURO','',NULL,'',NULL),('INTERMEDIAIRE_ECO_DENT',2100,'PSP','2019-12-01','2099-12-31','',NULL,'',NULL,'',NULL),('INTERMEDIAIRE_ECO_DENT',2110,'PSP','2019-12-01','2099-12-31','100','POURCENT_BRSS','',NULL,'',NULL),('INTERMEDIAIRE_ECO_DENT',2120,'PSP','2019-12-01','2099-12-31','Non remboursé',NULL,'',NULL,'',NULL),('INTERMEDIAIRE_ECO_DENT',2130,'PSP','2019-12-01','2099-12-31','',NULL,'',NULL,'',NULL),('INTERMEDIAIRE_ECO_DENT',2140,'PSP','2019-12-01','2099-12-31','100','POURCENT_BRSS','',NULL,'',NULL),('INTERMEDIAIRE_ECO_DENT',2150,'PSP','2019-12-01','2099-12-31','+ 25','EURO','',NULL,'',NULL),('INTERMEDIAIRE_ECO_DENT',2160,'PSP','2019-12-01','2099-12-31','+ 50','EURO','',NULL,'',NULL),('INTERMEDIAIRE_ECO_DENT',2170,'PSP','2019-12-01','2099-12-31','',NULL,'',NULL,'',NULL),('INTERMEDIAIRE_ECO_DENT',2180,'PSP','2019-12-01','2099-12-31','OUI',NULL,'',NULL,'',NULL),('INTERMEDIAIRE_ECO_DENT',2190,'PSP','2019-12-01','2099-12-31','OUI',NULL,'',NULL,'',NULL),('INTERMEDIAIRE_ECO_DENT',3000,'PSP','2019-12-01','2099-12-31','',NULL,'',NULL,'',4),('INTERMEDIAIRE_ECO_DENT',3010,'PSP','2019-12-01','2099-12-31','',NULL,'',NULL,'',NULL),('INTERMEDIAIRE_ECO_DENT',3020,'PSP','2019-12-01','2099-12-31','Sans reste à payer',NULL,'',NULL,'',NULL),('INTERMEDIAIRE_ECO_DENT',3030,'PSP','2019-12-01','2099-12-31','',NULL,'',NULL,'',NULL),('INTERMEDIAIRE_ECO_DENT',3040,'PSP','2019-12-01','2099-12-31','60','EURO','',NULL,'',NULL),('INTERMEDIAIRE_ECO_DENT',3050,'PSP','2019-12-01','2099-12-31','10','EURO','',NULL,'',NULL),('INTERMEDIAIRE_ECO_DENT',3060,'PSP','2019-12-01','2099-12-31','50','EURO','',NULL,'',NULL),('INTERMEDIAIRE_ECO_DENT',3070,'PSP','2019-12-01','2099-12-31','60','EURO','',NULL,'',NULL),('INTERMEDIAIRE_ECO_DENT',3080,'PSP','2019-12-01','2099-12-31','50','EURO','',NULL,'',NULL),('INTERMEDIAIRE_ECO_DENT',3090,'PSP','2019-12-01','2099-12-31','120','EURO','',NULL,'',NULL),('INTERMEDIAIRE_ECO_DENT',3100,'PSP','2019-12-01','2099-12-31','100','EURO','',NULL,'',NULL),('INTERMEDIAIRE_ECO_DENT',3110,'PSP','2019-12-01','2099-12-31','100','POURCENT_BRSS','',NULL,'',NULL),('INTERMEDIAIRE_ECO_DENT',3120,'PSP','2019-12-01','2099-12-31','',NULL,'',NULL,'',NULL),('INTERMEDIAIRE_ECO_DENT',3130,'PSP','2019-12-01','2099-12-31','120','EURO','',NULL,'',NULL),('INTERMEDIAIRE_ECO_DENT',3140,'PSP','2019-12-01','2099-12-31','100','EURO','',NULL,'',NULL),('INTERMEDIAIRE_ECO_DENT',3150,'PSP','2019-12-01','2099-12-31','100','EURO','',NULL,'',NULL),('INTERMEDIAIRE_ECO_DENT',3160,'PSP','2019-12-01','2099-12-31','+ 20','EURO','',NULL,'',NULL),('INTERMEDIAIRE_ECO_DENT',3170,'PSP','2019-12-01','2099-12-31','+ 30','EURO','',NULL,'',NULL),('INTERMEDIAIRE_ECO_DENT',3180,'PSP','2019-12-01','2099-12-31','',NULL,'',NULL,'',NULL),('INTERMEDIAIRE_ECO_DENT',3190,'PSP','2019-12-01','2099-12-31','OUI',NULL,'',NULL,'',NULL),('INTERMEDIAIRE_ECO_DENT',3200,'PSP','2019-12-01','2099-12-31','OUI',NULL,'',NULL,'',NULL),('INTERMEDIAIRE_ECO_DENT',3210,'PSP','2019-12-01','2099-12-31','OUI',NULL,'',NULL,'',NULL),('INTERMEDIAIRE_ECO_DENT',3220,'PSP','2019-12-01','2099-12-31','OUI',NULL,'',NULL,'',NULL),('INTERMEDIAIRE_ECO_DENT',4000,'PSP','2019-12-01','2099-12-31','',NULL,'',NULL,'',4),('INTERMEDIAIRE_ECO_DENT',4010,'PSP','2019-12-01','2099-12-31','',NULL,'',NULL,'',NULL),('INTERMEDIAIRE_ECO_DENT',4020,'PSP','2019-12-01','2099-12-31','Sans reste à payer',NULL,'',NULL,'',NULL),('INTERMEDIAIRE_ECO_DENT',4030,'PSP','2019-12-01','2099-12-31','',NULL,'',NULL,'',NULL),('INTERMEDIAIRE_ECO_DENT',4040,'PSP','2019-12-01','2099-12-31','120','POURCENT_BRSS','120','EURO','',NULL),('INTERMEDIAIRE_ECO_DENT',4050,'PSP','2019-12-01','2099-12-31','100','POURCENT_BRSS','100','EURO','',NULL),('INTERMEDIAIRE_ECO_DENT',4060,'PSP','2019-12-01','2099-12-31','',NULL,'',NULL,'',NULL),('INTERMEDIAIRE_ECO_DENT',4070,'PSP','2019-12-01','2099-12-31','100','POURCENT_BRSS','',NULL,'',NULL),('INTERMEDIAIRE_ECO_DENT',4080,'PSP','2019-12-01','2099-12-31','+ 50','EURO','',NULL,'',NULL),('INTERMEDIAIRE_ECO_DENT',4090,'PSP','2019-12-01','2099-12-31','+ 100','EURO','',NULL,'',NULL),('INTERMEDIAIRE_ECO_DENT',4100,'PSP','2019-12-01','2099-12-31','',NULL,'',NULL,'',NULL),('INTERMEDIAIRE_ECO_DENT',4110,'PSP','2019-12-01','2099-12-31','OUI',NULL,'',NULL,'',NULL),('INTERMEDIAIRE_ECO_DENT',4120,'PSP','2019-12-01','2099-12-31','OUI',NULL,'',NULL,'',NULL),('INTERMEDIAIRE_ECO_DENT',5000,'PSP','2019-12-01','2099-12-31','',NULL,'',NULL,'',4),('INTERMEDIAIRE_ECO_DENT',5010,'PSP','2019-12-01','2099-12-31','',NULL,'',NULL,'',NULL),('INTERMEDIAIRE_ECO_DENT',5020,'PSP','2019-12-01','2099-12-31','120','POURCENT_BRSS','',NULL,'',NULL),('INTERMEDIAIRE_ECO_DENT',5030,'PSP','2019-12-01','2099-12-31','100','POURCENT_BRSS','',NULL,'',NULL),('INTERMEDIAIRE_ECO_DENT',5040,'PSP','2019-12-01','2099-12-31','120','POURCENT_BRSS','',NULL,'',NULL),('INTERMEDIAIRE_ECO_DENT',5050,'PSP','2019-12-01','2099-12-31','100','POURCENT_BRSS','',NULL,'',NULL),('INTERMEDIAIRE_ECO_DENT',5060,'PSP','2019-12-01','2099-12-31','',NULL,'',NULL,'',NULL),('INTERMEDIAIRE_ECO_DENT',5070,'PSP','2019-12-01','2099-12-31','120','POURCENT_BRSS','',NULL,'',NULL),('INTERMEDIAIRE_ECO_DENT',5080,'PSP','2019-12-01','2099-12-31','10',NULL,'',NULL,'',NULL),('INTERMEDIAIRE_ECO_DENT',5090,'PSP','2019-12-01','2099-12-31','',NULL,'',NULL,'',NULL),('INTERMEDIAIRE_ECO_DENT',5100,'PSP','2019-12-01','2099-12-31','100','POURCENT_BRSS','',NULL,'',NULL),('INTERMEDIAIRE_ECO_DENT',5110,'PSP','2019-12-01','2099-12-31','',NULL,'',NULL,'',NULL),('INTERMEDIAIRE_ECO_DENT',5120,'PSP','2019-12-01','2099-12-31','100','POURCENT_DE','',NULL,'',NULL),('INTERMEDIAIRE_ECO_DENT',5130,'PSP','2019-12-01','2099-12-31','100','POURCENT_DE','',NULL,'',NULL),('INTERMEDIAIRE_ECO_DENT',5140,'PSP','2019-12-01','2099-12-31','100','POURCENT_DE','',NULL,'',NULL),('INTERMEDIAIRE_ECO_DENT',5150,'PSP','2019-12-01','2099-12-31','100','POURCENT_BRSS','',NULL,'',NULL),('INTERMEDIAIRE_ECO_DENT',5160,'PSP','2019-12-01','2099-12-31','',NULL,'',NULL,'',NULL),('INTERMEDIAIRE_ECO_DENT',5170,'PSP','2019-12-01','2099-12-31','100','POURCENT_BRSS','',NULL,'',NULL),('INTERMEDIAIRE_ECO_DENT',5180,'PSP','2019-12-01','2099-12-31','',NULL,'',NULL,'',NULL),('INTERMEDIAIRE_ECO_DENT',5190,'PSP','2019-12-01','2099-12-31','100','POURCENT_BRSS','100','EURO','',NULL),('INTERMEDIAIRE_ECO_DENT',5200,'PSP','2019-12-01','2099-12-31','',NULL,'',NULL,'',NULL),('INTERMEDIAIRE_ECO_DENT',5210,'PSP','2019-12-01','2099-12-31','100','EURO','',NULL,'',NULL),('INTERMEDIAIRE_ECO_DENT',5220,'PSP','2019-12-01','2099-12-31','',NULL,'',NULL,'',NULL),('INTERMEDIAIRE_ECO_DENT',5230,'PSP','2019-12-01','2099-12-31','10','EURO','',NULL,'',NULL),('INTERMEDIAIRE_ECO_DENT',5240,'PSP','2019-12-01','2099-12-31','',NULL,'',NULL,'',NULL),('INTERMEDIAIRE_ECO_DENT',5250,'PSP','2019-12-01','2099-12-31','100','POURCENT_BRSS','',NULL,'',NULL),('INTERMEDIAIRE_ECO_DENT',5260,'PSP','2019-12-01','2099-12-31','',NULL,'',NULL,'',NULL),('INTERMEDIAIRE_ECO_DENT',5270,'PSP','2019-12-01','2099-12-31','OUI',NULL,'',NULL,'',NULL),('INTERMEDIAIRE_ECO_DENT',5280,'PSP','2019-12-01','2099-12-31','500','EURO','',NULL,'',NULL),('INTERMEDIAIRE_ECO_DENT',5290,'PSP','2019-12-01','2099-12-31','OUI',NULL,'',NULL,'',NULL),('INTERMEDIAIRE_ECO_DENT',5300,'PSP','2019-12-01','2099-12-31','OUI',NULL,'',NULL,'',NULL),('INTERMEDIAIRE_ECO_DENT',5310,'PSP','2019-12-01','2099-12-31','OUI',NULL,'',NULL,'',NULL),('INTERMEDIAIRE_ECO_DENT',5320,'PSP','2019-12-01','2099-12-31','OUI',NULL,'',NULL,'',NULL),('INTERMEDIAIRE_ECO_OPT',1000,'PSP','2019-12-01','2099-12-31','',NULL,'',NULL,'',4),('INTERMEDIAIRE_ECO_OPT',1010,'PSP','2019-12-01','2099-12-31','',NULL,'',NULL,'',NULL),('INTERMEDIAIRE_ECO_OPT',1020,'PSP','2019-12-01','2099-12-31','100','POURCENT_DE','',NULL,'',NULL),('INTERMEDIAIRE_ECO_OPT',1030,'PSP','2019-12-01','2099-12-31','',NULL,'',NULL,'',NULL),('INTERMEDIAIRE_ECO_OPT',1040,'PSP','2019-12-01','2099-12-31','120','POURCENT_BRSS','',NULL,'',NULL),('INTERMEDIAIRE_ECO_OPT',1050,'PSP','2019-12-01','2099-12-31','100','POURCENT_BRSS','',NULL,'',NULL),('INTERMEDIAIRE_ECO_OPT',1060,'PSP','2019-12-01','2099-12-31','',NULL,'',NULL,'',NULL),('INTERMEDIAIRE_ECO_OPT',1070,'PSP','2019-12-01','2099-12-31','100','POURCENT_DE','',NULL,'',NULL),('INTERMEDIAIRE_ECO_OPT',1080,'PSP','2019-12-01','2099-12-31','',NULL,'',NULL,'',NULL),('INTERMEDIAIRE_ECO_OPT',1090,'PSP','2019-12-01','2099-12-31','50','EURO','',NULL,'',NULL),('INTERMEDIAIRE_ECO_OPT',1100,'PSP','2019-12-01','2099-12-31','20','EURO','',NULL,'',NULL),('INTERMEDIAIRE_ECO_OPT',1110,'PSP','2019-12-01','2099-12-31','',NULL,'',NULL,'',NULL),('INTERMEDIAIRE_ECO_OPT',1120,'PSP','2019-12-01','2099-12-31','10','EURO','',NULL,'',NULL),('INTERMEDIAIRE_ECO_OPT',1130,'PSP','2019-12-01','2099-12-31','',NULL,'',NULL,'',NULL),('INTERMEDIAIRE_ECO_OPT',1140,'PSP','2019-12-01','2099-12-31','100','POURCENT_BRSS','',NULL,'',NULL),('INTERMEDIAIRE_ECO_OPT',1150,'PSP','2019-12-01','2099-12-31','',NULL,'',NULL,'',NULL),('INTERMEDIAIRE_ECO_OPT',1160,'PSP','2019-12-01','2099-12-31','OUI',NULL,'',NULL,'',NULL),('INTERMEDIAIRE_ECO_OPT',1170,'PSP','2019-12-01','2099-12-31','OUI',NULL,'',NULL,'',NULL),('INTERMEDIAIRE_ECO_OPT',1180,'PSP','2019-12-01','2099-12-31','OUI',NULL,'',NULL,'',NULL),('INTERMEDIAIRE_ECO_OPT',1190,'PSP','2019-12-01','2099-12-31','OUI',NULL,'',NULL,'',NULL),('INTERMEDIAIRE_ECO_OPT',1200,'PSP','2019-12-01','2099-12-31','OUI',NULL,'',NULL,'',NULL),('INTERMEDIAIRE_ECO_OPT',2000,'PSP','2019-12-01','2099-12-31','',NULL,'',NULL,'',4),('INTERMEDIAIRE_ECO_OPT',2010,'PSP','2019-12-01','2099-12-31','',NULL,'',NULL,'',NULL),('INTERMEDIAIRE_ECO_OPT',2020,'PSP','2019-12-01','2099-12-31','Sans reste à payer',NULL,'',NULL,'',NULL),('INTERMEDIAIRE_ECO_OPT',2030,'PSP','2019-12-01','2099-12-31','',NULL,'',NULL,'',NULL),('INTERMEDIAIRE_ECO_OPT',2040,'PSP','2019-12-01','2099-12-31','100','POURCENT_BRSS','',NULL,'',NULL),('INTERMEDIAIRE_ECO_OPT',2050,'PSP','2019-12-01','2099-12-31','',NULL,'',NULL,'',NULL),('INTERMEDIAIRE_ECO_OPT',2060,'PSP','2019-12-01','2099-12-31','120','POURCENT_BRSS','120','EURO','',NULL),('INTERMEDIAIRE_ECO_OPT',2070,'PSP','2019-12-01','2099-12-31','120','EURO','',NULL,'',NULL),('INTERMEDIAIRE_ECO_OPT',2080,'PSP','2019-12-01','2099-12-31','100','EURO','',NULL,'',NULL),('INTERMEDIAIRE_ECO_OPT',2090,'PSP','2019-12-01','2099-12-31','200','EURO','',NULL,'',NULL),('INTERMEDIAIRE_ECO_OPT',2100,'PSP','2019-12-01','2099-12-31','',NULL,'',NULL,'',NULL),('INTERMEDIAIRE_ECO_OPT',2110,'PSP','2019-12-01','2099-12-31','100','POURCENT_BRSS','100','EURO','',NULL),('INTERMEDIAIRE_ECO_OPT',2120,'PSP','2019-12-01','2099-12-31','100','EURO','',NULL,'',NULL),('INTERMEDIAIRE_ECO_OPT',2130,'PSP','2019-12-01','2099-12-31','',NULL,'',NULL,'',NULL),('INTERMEDIAIRE_ECO_OPT',2140,'PSP','2019-12-01','2099-12-31','100','POURCENT_BRSS','100','EURO','',NULL),('INTERMEDIAIRE_ECO_OPT',2150,'PSP','2019-12-01','2099-12-31','+ 50','EURO','',NULL,'',NULL),('INTERMEDIAIRE_ECO_OPT',2160,'PSP','2019-12-01','2099-12-31','+ 100','EURO','',NULL,'',NULL),('INTERMEDIAIRE_ECO_OPT',2170,'PSP','2019-12-01','2099-12-31','',NULL,'',NULL,'',NULL),('INTERMEDIAIRE_ECO_OPT',2180,'PSP','2019-12-01','2099-12-31','OUI',NULL,'',NULL,'',NULL),('INTERMEDIAIRE_ECO_OPT',2190,'PSP','2019-12-01','2099-12-31','OUI',NULL,'',NULL,'',NULL),('INTERMEDIAIRE_ECO_OPT',3000,'PSP','2019-12-01','2099-12-31','',NULL,'',NULL,'',3),('INTERMEDIAIRE_ECO_OPT',3010,'PSP','2019-12-01','2099-12-31','',NULL,'',NULL,'',NULL),('INTERMEDIAIRE_ECO_OPT',3020,'PSP','2019-12-01','2099-12-31','Sans reste à payer',NULL,'',NULL,'',NULL),('INTERMEDIAIRE_ECO_OPT',3030,'PSP','2019-12-01','2099-12-31','',NULL,'',NULL,'',NULL),('INTERMEDIAIRE_ECO_OPT',3040,'PSP','2019-12-01','2099-12-31','50','EURO','',NULL,'',NULL),('INTERMEDIAIRE_ECO_OPT',3050,'PSP','2019-12-01','2099-12-31','Non concerné',NULL,'',NULL,'',NULL),('INTERMEDIAIRE_ECO_OPT',3060,'PSP','2019-12-01','2099-12-31','50','EURO','',NULL,'',NULL),('INTERMEDIAIRE_ECO_OPT',3070,'PSP','2019-12-01','2099-12-31','25','EURO','',NULL,'',NULL),('INTERMEDIAIRE_ECO_OPT',3080,'PSP','2019-12-01','2099-12-31','25','EURO','',NULL,'',NULL),('INTERMEDIAIRE_ECO_OPT',3090,'PSP','2019-12-01','2099-12-31','75','EURO','',NULL,'',NULL),('INTERMEDIAIRE_ECO_OPT',3100,'PSP','2019-12-01','2099-12-31','75','EURO','',NULL,'',NULL),('INTERMEDIAIRE_ECO_OPT',3110,'PSP','2019-12-01','2099-12-31','100','POURCENT_BRSS','',NULL,'',NULL),('INTERMEDIAIRE_ECO_OPT',3120,'PSP','2019-12-01','2099-12-31','',NULL,'',NULL,'',NULL),('INTERMEDIAIRE_ECO_OPT',3130,'PSP','2019-12-01','2099-12-31','100','POURCENT_BRSS','',NULL,'',NULL),('INTERMEDIAIRE_ECO_OPT',3140,'PSP','2019-12-01','2099-12-31','100','POURCENT_BRSS','',NULL,'',NULL),('INTERMEDIAIRE_ECO_OPT',3150,'PSP','2019-12-01','2099-12-31','Non remboursé',NULL,'',NULL,'',NULL),('INTERMEDIAIRE_ECO_OPT',3160,'PSP','2019-12-01','2099-12-31','+ 10','EURO','',NULL,'',NULL),('INTERMEDIAIRE_ECO_OPT',3170,'PSP','2019-12-01','2099-12-31','+ 15','EURO','',NULL,'',NULL),('INTERMEDIAIRE_ECO_OPT',3180,'PSP','2019-12-01','2099-12-31','',NULL,'',NULL,'',NULL),('INTERMEDIAIRE_ECO_OPT',3190,'PSP','2019-12-01','2099-12-31','OUI',NULL,'',NULL,'',NULL),('INTERMEDIAIRE_ECO_OPT',3200,'PSP','2019-12-01','2099-12-31','OUI',NULL,'',NULL,'',NULL),('INTERMEDIAIRE_ECO_OPT',3210,'PSP','2019-12-01','2099-12-31','OUI',NULL,'',NULL,'',NULL),('INTERMEDIAIRE_ECO_OPT',3220,'PSP','2019-12-01','2099-12-31','OUI',NULL,'',NULL,'',NULL),('INTERMEDIAIRE_ECO_OPT',4000,'PSP','2019-12-01','2099-12-31','',NULL,'',NULL,'',4),('INTERMEDIAIRE_ECO_OPT',4010,'PSP','2019-12-01','2099-12-31','',NULL,'',NULL,'',NULL),('INTERMEDIAIRE_ECO_OPT',4020,'PSP','2019-12-01','2099-12-31','Sans reste à payer',NULL,'',NULL,'',NULL),('INTERMEDIAIRE_ECO_OPT',4030,'PSP','2019-12-01','2099-12-31','',NULL,'',NULL,'',NULL),('INTERMEDIAIRE_ECO_OPT',4040,'PSP','2019-12-01','2099-12-31','120','POURCENT_BRSS','120','EURO','',NULL),('INTERMEDIAIRE_ECO_OPT',4050,'PSP','2019-12-01','2099-12-31','100','POURCENT_BRSS','100','EURO','',NULL),('INTERMEDIAIRE_ECO_OPT',4060,'PSP','2019-12-01','2099-12-31','',NULL,'',NULL,'',NULL),('INTERMEDIAIRE_ECO_OPT',4070,'PSP','2019-12-01','2099-12-31','100','POURCENT_BRSS','',NULL,'',NULL),('INTERMEDIAIRE_ECO_OPT',4080,'PSP','2019-12-01','2099-12-31','+ 50','EURO','',NULL,'',NULL),('INTERMEDIAIRE_ECO_OPT',4090,'PSP','2019-12-01','2099-12-31','+ 100','EURO','',NULL,'',NULL),('INTERMEDIAIRE_ECO_OPT',4100,'PSP','2019-12-01','2099-12-31','',NULL,'',NULL,'',NULL),('INTERMEDIAIRE_ECO_OPT',4110,'PSP','2019-12-01','2099-12-31','OUI',NULL,'',NULL,'',NULL),('INTERMEDIAIRE_ECO_OPT',4120,'PSP','2019-12-01','2099-12-31','OUI',NULL,'',NULL,'',NULL),('INTERMEDIAIRE_ECO_OPT',5000,'PSP','2019-12-01','2099-12-31','',NULL,'',NULL,'',4),('INTERMEDIAIRE_ECO_OPT',5010,'PSP','2019-12-01','2099-12-31','',NULL,'',NULL,'',NULL),('INTERMEDIAIRE_ECO_OPT',5020,'PSP','2019-12-01','2099-12-31','120','POURCENT_BRSS','',NULL,'',NULL),('INTERMEDIAIRE_ECO_OPT',5030,'PSP','2019-12-01','2099-12-31','100','POURCENT_BRSS','',NULL,'',NULL),('INTERMEDIAIRE_ECO_OPT',5040,'PSP','2019-12-01','2099-12-31','120','POURCENT_BRSS','',NULL,'',NULL),('INTERMEDIAIRE_ECO_OPT',5050,'PSP','2019-12-01','2099-12-31','100','POURCENT_BRSS','',NULL,'',NULL),('INTERMEDIAIRE_ECO_OPT',5060,'PSP','2019-12-01','2099-12-31','',NULL,'',NULL,'',NULL),('INTERMEDIAIRE_ECO_OPT',5070,'PSP','2019-12-01','2099-12-31','120','POURCENT_BRSS','',NULL,'',NULL),('INTERMEDIAIRE_ECO_OPT',5080,'PSP','2019-12-01','2099-12-31','10','EURO','',NULL,'',NULL),('INTERMEDIAIRE_ECO_OPT',5090,'PSP','2019-12-01','2099-12-31','',NULL,'',NULL,'',NULL),('INTERMEDIAIRE_ECO_OPT',5100,'PSP','2019-12-01','2099-12-31','100','POURCENT_BRSS','',NULL,'',NULL),('INTERMEDIAIRE_ECO_OPT',5110,'PSP','2019-12-01','2099-12-31','',NULL,'',NULL,'',NULL),('INTERMEDIAIRE_ECO_OPT',5120,'PSP','2019-12-01','2099-12-31','100','POURCENT_DE','',NULL,'',NULL),('INTERMEDIAIRE_ECO_OPT',5130,'PSP','2019-12-01','2099-12-31','100','POURCENT_DE','',NULL,'',NULL),('INTERMEDIAIRE_ECO_OPT',5140,'PSP','2019-12-01','2099-12-31','100','POURCENT_DE','',NULL,'',NULL),('INTERMEDIAIRE_ECO_OPT',5150,'PSP','2019-12-01','2099-12-31','100','POURCENT_BRSS','',NULL,'',NULL),('INTERMEDIAIRE_ECO_OPT',5160,'PSP','2019-12-01','2099-12-31','',NULL,'',NULL,'',NULL),('INTERMEDIAIRE_ECO_OPT',5170,'PSP','2019-12-01','2099-12-31','100','POURCENT_BRSS','',NULL,'',NULL),('INTERMEDIAIRE_ECO_OPT',5180,'PSP','2019-12-01','2099-12-31','',NULL,'',NULL,'',NULL),('INTERMEDIAIRE_ECO_OPT',5190,'PSP','2019-12-01','2099-12-31','100','POURCENT_BRSS','100','EURO','',NULL),('INTERMEDIAIRE_ECO_OPT',5200,'PSP','2019-12-01','2099-12-31','',NULL,'',NULL,'',NULL),('INTERMEDIAIRE_ECO_OPT',5210,'PSP','2019-12-01','2099-12-31','100','EURO','',NULL,'',NULL),('INTERMEDIAIRE_ECO_OPT',5220,'PSP','2019-12-01','2099-12-31','',NULL,'',NULL,'',NULL),('INTERMEDIAIRE_ECO_OPT',5230,'PSP','2019-12-01','2099-12-31','10','EURO','',NULL,'',NULL),('INTERMEDIAIRE_ECO_OPT',5240,'PSP','2019-12-01','2099-12-31','',NULL,'',NULL,'',NULL),('INTERMEDIAIRE_ECO_OPT',5250,'PSP','2019-12-01','2099-12-31','100','POURCENT_BRSS','',NULL,'',NULL),('INTERMEDIAIRE_ECO_OPT',5260,'PSP','2019-12-01','2099-12-31','',NULL,'',NULL,'',NULL),('INTERMEDIAIRE_ECO_OPT',5270,'PSP','2019-12-01','2099-12-31','OUI',NULL,'',NULL,'',NULL),('INTERMEDIAIRE_ECO_OPT',5280,'PSP','2019-12-01','2099-12-31','500','EURO','',NULL,'',NULL),('INTERMEDIAIRE_ECO_OPT',5290,'PSP','2019-12-01','2099-12-31','OUI',NULL,'',NULL,'',NULL),('INTERMEDIAIRE_ECO_OPT',5300,'PSP','2019-12-01','2099-12-31','OUI',NULL,'',NULL,'',NULL),('INTERMEDIAIRE_ECO_OPT',5310,'PSP','2019-12-01','2099-12-31','OUI',NULL,'',NULL,'',NULL),('INTERMEDIAIRE_ECO_OPT',5320,'PSP','2019-12-01','2099-12-31','OUI',NULL,'',NULL,'',NULL),('INTERMEDIAIRE_ECO_OPT_DENT',1000,'PSP','2019-12-01','2099-12-31','',NULL,'',NULL,'',4),('INTERMEDIAIRE_ECO_OPT_DENT',1010,'PSP','2019-12-01','2099-12-31','',NULL,'',NULL,'',NULL),('INTERMEDIAIRE_ECO_OPT_DENT',1020,'PSP','2019-12-01','2099-12-31','100','POURCENT_DE','',NULL,'',NULL),('INTERMEDIAIRE_ECO_OPT_DENT',1030,'PSP','2019-12-01','2099-12-31','',NULL,'',NULL,'',NULL),('INTERMEDIAIRE_ECO_OPT_DENT',1040,'PSP','2019-12-01','2099-12-31','120','POURCENT_BRSS','',NULL,'',NULL),('INTERMEDIAIRE_ECO_OPT_DENT',1050,'PSP','2019-12-01','2099-12-31','100','POURCENT_BRSS','',NULL,'',NULL),('INTERMEDIAIRE_ECO_OPT_DENT',1060,'PSP','2019-12-01','2099-12-31','',NULL,'',NULL,'',NULL),('INTERMEDIAIRE_ECO_OPT_DENT',1070,'PSP','2019-12-01','2099-12-31','100','POURCENT_DE','',NULL,'',NULL),('INTERMEDIAIRE_ECO_OPT_DENT',1080,'PSP','2019-12-01','2099-12-31','',NULL,'',NULL,'',NULL),('INTERMEDIAIRE_ECO_OPT_DENT',1090,'PSP','2019-12-01','2099-12-31','50','EURO','',NULL,'',NULL),('INTERMEDIAIRE_ECO_OPT_DENT',1100,'PSP','2019-12-01','2099-12-31','20','EURO','',NULL,'',NULL),('INTERMEDIAIRE_ECO_OPT_DENT',1110,'PSP','2019-12-01','2099-12-31','',NULL,'',NULL,'',NULL),('INTERMEDIAIRE_ECO_OPT_DENT',1120,'PSP','2019-12-01','2099-12-31','10','EURO','',NULL,'',NULL),('INTERMEDIAIRE_ECO_OPT_DENT',1130,'PSP','2019-12-01','2099-12-31','',NULL,'',NULL,'',NULL),('INTERMEDIAIRE_ECO_OPT_DENT',1140,'PSP','2019-12-01','2099-12-31','100','POURCENT_BRSS','',NULL,'',NULL),('INTERMEDIAIRE_ECO_OPT_DENT',1150,'PSP','2019-12-01','2099-12-31','',NULL,'',NULL,'',NULL),('INTERMEDIAIRE_ECO_OPT_DENT',1160,'PSP','2019-12-01','2099-12-31','OUI',NULL,'',NULL,'',NULL),('INTERMEDIAIRE_ECO_OPT_DENT',1170,'PSP','2019-12-01','2099-12-31','OUI',NULL,'',NULL,'',NULL),('INTERMEDIAIRE_ECO_OPT_DENT',1180,'PSP','2019-12-01','2099-12-31','OUI',NULL,'',NULL,'',NULL),('INTERMEDIAIRE_ECO_OPT_DENT',1190,'PSP','2019-12-01','2099-12-31','OUI',NULL,'',NULL,'',NULL),('INTERMEDIAIRE_ECO_OPT_DENT',1200,'PSP','2019-12-01','2099-12-31','OUI',NULL,'',NULL,'',NULL),('INTERMEDIAIRE_ECO_OPT_DENT',2000,'PSP','2019-12-01','2099-12-31','',NULL,'',NULL,'',3),('INTERMEDIAIRE_ECO_OPT_DENT',2010,'PSP','2019-12-01','2099-12-31','',NULL,'',NULL,'',NULL),('INTERMEDIAIRE_ECO_OPT_DENT',2020,'PSP','2019-12-01','2099-12-31','Sans reste à payer',NULL,'',NULL,'',NULL),('INTERMEDIAIRE_ECO_OPT_DENT',2030,'PSP','2019-12-01','2099-12-31','',NULL,'',NULL,'',NULL),('INTERMEDIAIRE_ECO_OPT_DENT',2040,'PSP','2019-12-01','2099-12-31','100','POURCENT_BRSS','',NULL,'',NULL),('INTERMEDIAIRE_ECO_OPT_DENT',2050,'PSP','2019-12-01','2099-12-31','',NULL,'',NULL,'',NULL),('INTERMEDIAIRE_ECO_OPT_DENT',2060,'PSP','2019-12-01','2099-12-31','120','POURCENT_BRSS','',NULL,'',NULL),('INTERMEDIAIRE_ECO_OPT_DENT',2070,'PSP','2019-12-01','2099-12-31','Non remboursé',NULL,'',NULL,'',NULL),('INTERMEDIAIRE_ECO_OPT_DENT',2080,'PSP','2019-12-01','2099-12-31','50','EURO','',NULL,'',NULL),('INTERMEDIAIRE_ECO_OPT_DENT',2090,'PSP','2019-12-01','2099-12-31','100','EURO','',NULL,'',NULL),('INTERMEDIAIRE_ECO_OPT_DENT',2100,'PSP','2019-12-01','2099-12-31','',NULL,'',NULL,'',NULL),('INTERMEDIAIRE_ECO_OPT_DENT',2110,'PSP','2019-12-01','2099-12-31','100','POURCENT_BRSS','',NULL,'',NULL),('INTERMEDIAIRE_ECO_OPT_DENT',2120,'PSP','2019-12-01','2099-12-31','Non remboursé',NULL,'',NULL,'',NULL),('INTERMEDIAIRE_ECO_OPT_DENT',2130,'PSP','2019-12-01','2099-12-31','',NULL,'',NULL,'',NULL),('INTERMEDIAIRE_ECO_OPT_DENT',2140,'PSP','2019-12-01','2099-12-31','100','POURCENT_BRSS','',NULL,'',NULL),('INTERMEDIAIRE_ECO_OPT_DENT',2150,'PSP','2019-12-01','2099-12-31','+ 25','EURO','',NULL,'',NULL),('INTERMEDIAIRE_ECO_OPT_DENT',2160,'PSP','2019-12-01','2099-12-31','+ 50','EURO','',NULL,'',NULL),('INTERMEDIAIRE_ECO_OPT_DENT',2170,'PSP','2019-12-01','2099-12-31','',NULL,'',NULL,'',NULL),('INTERMEDIAIRE_ECO_OPT_DENT',2180,'PSP','2019-12-01','2099-12-31','OUI',NULL,'',NULL,'',NULL),('INTERMEDIAIRE_ECO_OPT_DENT',2190,'PSP','2019-12-01','2099-12-31','OUI',NULL,'',NULL,'',NULL),('INTERMEDIAIRE_ECO_OPT_DENT',3000,'PSP','2019-12-01','2099-12-31','',NULL,'',NULL,'',3),('INTERMEDIAIRE_ECO_OPT_DENT',3010,'PSP','2019-12-01','2099-12-31','',NULL,'',NULL,'',NULL),('INTERMEDIAIRE_ECO_OPT_DENT',3020,'PSP','2019-12-01','2099-12-31','Sans reste à payer',NULL,'',NULL,'',NULL),('INTERMEDIAIRE_ECO_OPT_DENT',3030,'PSP','2019-12-01','2099-12-31','',NULL,'',NULL,'',NULL),('INTERMEDIAIRE_ECO_OPT_DENT',3040,'PSP','2019-12-01','2099-12-31','50','EURO','',NULL,'',NULL),('INTERMEDIAIRE_ECO_OPT_DENT',3050,'PSP','2019-12-01','2099-12-31','Non concerné',NULL,'',NULL,'',NULL),('INTERMEDIAIRE_ECO_OPT_DENT',3060,'PSP','2019-12-01','2099-12-31','50','EURO','',NULL,'',NULL),('INTERMEDIAIRE_ECO_OPT_DENT',3070,'PSP','2019-12-01','2099-12-31','25','EURO','',NULL,'',NULL),('INTERMEDIAIRE_ECO_OPT_DENT',3080,'PSP','2019-12-01','2099-12-31','25','EURO','',NULL,'',NULL),('INTERMEDIAIRE_ECO_OPT_DENT',3090,'PSP','2019-12-01','2099-12-31','75','EURO','',NULL,'',NULL),('INTERMEDIAIRE_ECO_OPT_DENT',3100,'PSP','2019-12-01','2099-12-31','75','EURO','',NULL,'',NULL),('INTERMEDIAIRE_ECO_OPT_DENT',3110,'PSP','2019-12-01','2099-12-31','100','POURCENT_BRSS','',NULL,'',NULL),('INTERMEDIAIRE_ECO_OPT_DENT',3120,'PSP','2019-12-01','2099-12-31','',NULL,'',NULL,'',NULL),('INTERMEDIAIRE_ECO_OPT_DENT',3130,'PSP','2019-12-01','2099-12-31','100','POURCENT_BRSS','',NULL,'',NULL),('INTERMEDIAIRE_ECO_OPT_DENT',3140,'PSP','2019-12-01','2099-12-31','100','POURCENT_BRSS','',NULL,'',NULL),('INTERMEDIAIRE_ECO_OPT_DENT',3150,'PSP','2019-12-01','2099-12-31','Non remboursé',NULL,'',NULL,'',NULL),('INTERMEDIAIRE_ECO_OPT_DENT',3160,'PSP','2019-12-01','2099-12-31','+ 10','EURO','',NULL,'',NULL),('INTERMEDIAIRE_ECO_OPT_DENT',3170,'PSP','2019-12-01','2099-12-31','+ 15','EURO','',NULL,'',NULL),('INTERMEDIAIRE_ECO_OPT_DENT',3180,'PSP','2019-12-01','2099-12-31','',NULL,'',NULL,'',NULL),('INTERMEDIAIRE_ECO_OPT_DENT',3190,'PSP','2019-12-01','2099-12-31','OUI',NULL,'',NULL,'',NULL),('INTERMEDIAIRE_ECO_OPT_DENT',3200,'PSP','2019-12-01','2099-12-31','OUI',NULL,'',NULL,'',NULL),('INTERMEDIAIRE_ECO_OPT_DENT',3210,'PSP','2019-12-01','2099-12-31','OUI',NULL,'',NULL,'',NULL),('INTERMEDIAIRE_ECO_OPT_DENT',3220,'PSP','2019-12-01','2099-12-31','OUI',NULL,'',NULL,'',NULL),('INTERMEDIAIRE_ECO_OPT_DENT',4000,'PSP','2019-12-01','2099-12-31','',NULL,'',NULL,'',4),('INTERMEDIAIRE_ECO_OPT_DENT',4010,'PSP','2019-12-01','2099-12-31','',NULL,'',NULL,'',NULL),('INTERMEDIAIRE_ECO_OPT_DENT',4020,'PSP','2019-12-01','2099-12-31','Sans reste à payer',NULL,'',NULL,'',NULL),('INTERMEDIAIRE_ECO_OPT_DENT',4030,'PSP','2019-12-01','2099-12-31','',NULL,'',NULL,'',NULL),('INTERMEDIAIRE_ECO_OPT_DENT',4040,'PSP','2019-12-01','2099-12-31','120','POURCENT_BRSS','120','EURO','',NULL),('INTERMEDIAIRE_ECO_OPT_DENT',4050,'PSP','2019-12-01','2099-12-31','100','POURCENT_BRSS','100','EURO','',NULL),('INTERMEDIAIRE_ECO_OPT_DENT',4060,'PSP','2019-12-01','2099-12-31','',NULL,'',NULL,'',NULL),('INTERMEDIAIRE_ECO_OPT_DENT',4070,'PSP','2019-12-01','2099-12-31','100','POURCENT_BRSS','',NULL,'',NULL),('INTERMEDIAIRE_ECO_OPT_DENT',4080,'PSP','2019-12-01','2099-12-31','+ 50','EURO','',NULL,'',NULL),('INTERMEDIAIRE_ECO_OPT_DENT',4090,'PSP','2019-12-01','2099-12-31','+ 100','EURO','',NULL,'',NULL),('INTERMEDIAIRE_ECO_OPT_DENT',4100,'PSP','2019-12-01','2099-12-31','',NULL,'',NULL,'',NULL),('INTERMEDIAIRE_ECO_OPT_DENT',4110,'PSP','2019-12-01','2099-12-31','OUI',NULL,'',NULL,'',NULL),('INTERMEDIAIRE_ECO_OPT_DENT',4120,'PSP','2019-12-01','2099-12-31','OUI',NULL,'',NULL,'',NULL),('INTERMEDIAIRE_ECO_OPT_DENT',5000,'PSP','2019-12-01','2099-12-31','',NULL,'',NULL,'',4),('INTERMEDIAIRE_ECO_OPT_DENT',5010,'PSP','2019-12-01','2099-12-31','',NULL,'',NULL,'',NULL),('INTERMEDIAIRE_ECO_OPT_DENT',5020,'PSP','2019-12-01','2099-12-31','120','POURCENT_BRSS','',NULL,'',NULL),('INTERMEDIAIRE_ECO_OPT_DENT',5030,'PSP','2019-12-01','2099-12-31','100','POURCENT_BRSS','',NULL,'',NULL),('INTERMEDIAIRE_ECO_OPT_DENT',5040,'PSP','2019-12-01','2099-12-31','120','POURCENT_BRSS','',NULL,'',NULL),('INTERMEDIAIRE_ECO_OPT_DENT',5050,'PSP','2019-12-01','2099-12-31','100','POURCENT_BRSS','',NULL,'',NULL),('INTERMEDIAIRE_ECO_OPT_DENT',5060,'PSP','2019-12-01','2099-12-31','',NULL,'',NULL,'',NULL),('INTERMEDIAIRE_ECO_OPT_DENT',5070,'PSP','2019-12-01','2099-12-31','120','POURCENT_BRSS','',NULL,'',NULL),('INTERMEDIAIRE_ECO_OPT_DENT',5080,'PSP','2019-12-01','2099-12-31','10','EURO','',NULL,'',NULL),('INTERMEDIAIRE_ECO_OPT_DENT',5090,'PSP','2019-12-01','2099-12-31','',NULL,'',NULL,'',NULL),('INTERMEDIAIRE_ECO_OPT_DENT',5100,'PSP','2019-12-01','2099-12-31','100','POURCENT_BRSS','',NULL,'',NULL),('INTERMEDIAIRE_ECO_OPT_DENT',5110,'PSP','2019-12-01','2099-12-31','',NULL,'',NULL,'',NULL),('INTERMEDIAIRE_ECO_OPT_DENT',5120,'PSP','2019-12-01','2099-12-31','100','POURCENT_DE','',NULL,'',NULL),('INTERMEDIAIRE_ECO_OPT_DENT',5130,'PSP','2019-12-01','2099-12-31','100','POURCENT_DE','',NULL,'',NULL),('INTERMEDIAIRE_ECO_OPT_DENT',5140,'PSP','2019-12-01','2099-12-31','100','POURCENT_DE','',NULL,'',NULL),('INTERMEDIAIRE_ECO_OPT_DENT',5150,'PSP','2019-12-01','2099-12-31','100','POURCENT_BRSS','',NULL,'',NULL),('INTERMEDIAIRE_ECO_OPT_DENT',5160,'PSP','2019-12-01','2099-12-31','',NULL,'',NULL,'',NULL),('INTERMEDIAIRE_ECO_OPT_DENT',5170,'PSP','2019-12-01','2099-12-31','100','POURCENT_BRSS','',NULL,'',NULL),('INTERMEDIAIRE_ECO_OPT_DENT',5180,'PSP','2019-12-01','2099-12-31','',NULL,'',NULL,'',NULL),('INTERMEDIAIRE_ECO_OPT_DENT',5190,'PSP','2019-12-01','2099-12-31','100','POURCENT_BRSS','100','EURO','',NULL),('INTERMEDIAIRE_ECO_OPT_DENT',5200,'PSP','2019-12-01','2099-12-31','',NULL,'',NULL,'',NULL),('INTERMEDIAIRE_ECO_OPT_DENT',5210,'PSP','2019-12-01','2099-12-31','100','EURO','',NULL,'',NULL),('INTERMEDIAIRE_ECO_OPT_DENT',5220,'PSP','2019-12-01','2099-12-31','',NULL,'',NULL,'',NULL),('INTERMEDIAIRE_ECO_OPT_DENT',5230,'PSP','2019-12-01','2099-12-31','10','EURO','',NULL,'',NULL),('INTERMEDIAIRE_ECO_OPT_DENT',5240,'PSP','2019-12-01','2099-12-31','',NULL,'',NULL,'',NULL),('INTERMEDIAIRE_ECO_OPT_DENT',5250,'PSP','2019-12-01','2099-12-31','100','POURCENT_BRSS','',NULL,'',NULL),('INTERMEDIAIRE_ECO_OPT_DENT',5260,'PSP','2019-12-01','2099-12-31','',NULL,'',NULL,'',NULL),('INTERMEDIAIRE_ECO_OPT_DENT',5270,'PSP','2019-12-01','2099-12-31','OUI',NULL,'',NULL,'',NULL),('INTERMEDIAIRE_ECO_OPT_DENT',5280,'PSP','2019-12-01','2099-12-31','500','EURO','',NULL,'',NULL),('INTERMEDIAIRE_ECO_OPT_DENT',5290,'PSP','2019-12-01','2099-12-31','OUI',NULL,'',NULL,'',NULL),('INTERMEDIAIRE_ECO_OPT_DENT',5300,'PSP','2019-12-01','2099-12-31','OUI',NULL,'',NULL,'',NULL),('INTERMEDIAIRE_ECO_OPT_DENT',5310,'PSP','2019-12-01','2099-12-31','OUI',NULL,'',NULL,'',NULL),('INTERMEDIAIRE_ECO_OPT_DENT',5320,'PSP','2019-12-01','2099-12-31','OUI',NULL,'',NULL,'',NULL),('INTERMEDIAIRE_ECO_SOINS_COUR_AUDIO',1000,'PSP','2019-12-01','2099-12-31','',NULL,'',NULL,'',4),('INTERMEDIAIRE_ECO_SOINS_COUR_AUDIO',1010,'PSP','2019-12-01','2099-12-31','',NULL,'',NULL,'',NULL),('INTERMEDIAIRE_ECO_SOINS_COUR_AUDIO',1020,'PSP','2019-12-01','2099-12-31','100','POURCENT_DE','',NULL,'',NULL),('INTERMEDIAIRE_ECO_SOINS_COUR_AUDIO',1030,'PSP','2019-12-01','2099-12-31','',NULL,'',NULL,'',NULL),('INTERMEDIAIRE_ECO_SOINS_COUR_AUDIO',1040,'PSP','2019-12-01','2099-12-31','120','POURCENT_BRSS','',NULL,'',NULL),('INTERMEDIAIRE_ECO_SOINS_COUR_AUDIO',1050,'PSP','2019-12-01','2099-12-31','100','POURCENT_BRSS','',NULL,'',NULL),('INTERMEDIAIRE_ECO_SOINS_COUR_AUDIO',1060,'PSP','2019-12-01','2099-12-31','',NULL,'',NULL,'',NULL),('INTERMEDIAIRE_ECO_SOINS_COUR_AUDIO',1070,'PSP','2019-12-01','2099-12-31','100','POURCENT_DE','',NULL,'',NULL),('INTERMEDIAIRE_ECO_SOINS_COUR_AUDIO',1080,'PSP','2019-12-01','2099-12-31','',NULL,'',NULL,'',NULL),('INTERMEDIAIRE_ECO_SOINS_COUR_AUDIO',1090,'PSP','2019-12-01','2099-12-31','50','EURO','',NULL,'',NULL),('INTERMEDIAIRE_ECO_SOINS_COUR_AUDIO',1100,'PSP','2019-12-01','2099-12-31','20','EURO','',NULL,'',NULL),('INTERMEDIAIRE_ECO_SOINS_COUR_AUDIO',1110,'PSP','2019-12-01','2099-12-31','',NULL,'',NULL,'',NULL),('INTERMEDIAIRE_ECO_SOINS_COUR_AUDIO',1120,'PSP','2019-12-01','2099-12-31','10','EURO','',NULL,'',NULL),('INTERMEDIAIRE_ECO_SOINS_COUR_AUDIO',1130,'PSP','2019-12-01','2099-12-31','',NULL,'',NULL,'',NULL),('INTERMEDIAIRE_ECO_SOINS_COUR_AUDIO',1140,'PSP','2019-12-01','2099-12-31','100','POURCENT_BRSS','',NULL,'',NULL),('INTERMEDIAIRE_ECO_SOINS_COUR_AUDIO',1150,'PSP','2019-12-01','2099-12-31','',NULL,'',NULL,'',NULL),('INTERMEDIAIRE_ECO_SOINS_COUR_AUDIO',1160,'PSP','2019-12-01','2099-12-31','OUI',NULL,'',NULL,'',NULL),('INTERMEDIAIRE_ECO_SOINS_COUR_AUDIO',1170,'PSP','2019-12-01','2099-12-31','OUI',NULL,'',NULL,'',NULL),('INTERMEDIAIRE_ECO_SOINS_COUR_AUDIO',1180,'PSP','2019-12-01','2099-12-31','OUI',NULL,'',NULL,'',NULL),('INTERMEDIAIRE_ECO_SOINS_COUR_AUDIO',1190,'PSP','2019-12-01','2099-12-31','OUI',NULL,'',NULL,'',NULL),('INTERMEDIAIRE_ECO_SOINS_COUR_AUDIO',1200,'PSP','2019-12-01','2099-12-31','OUI',NULL,'',NULL,'',NULL),('INTERMEDIAIRE_ECO_SOINS_COUR_AUDIO',2000,'PSP','2019-12-01','2099-12-31','',NULL,'',NULL,'',4),('INTERMEDIAIRE_ECO_SOINS_COUR_AUDIO',2010,'PSP','2019-12-01','2099-12-31','',NULL,'',NULL,'',NULL),('INTERMEDIAIRE_ECO_SOINS_COUR_AUDIO',2020,'PSP','2019-12-01','2099-12-31','Sans reste à payer',NULL,'',NULL,'',NULL),('INTERMEDIAIRE_ECO_SOINS_COUR_AUDIO',2030,'PSP','2019-12-01','2099-12-31','',NULL,'',NULL,'',NULL),('INTERMEDIAIRE_ECO_SOINS_COUR_AUDIO',2040,'PSP','2019-12-01','2099-12-31','100','POURCENT_BRSS','',NULL,'',NULL),('INTERMEDIAIRE_ECO_SOINS_COUR_AUDIO',2050,'PSP','2019-12-01','2099-12-31','',NULL,'',NULL,'',NULL),('INTERMEDIAIRE_ECO_SOINS_COUR_AUDIO',2060,'PSP','2019-12-01','2099-12-31','120','POURCENT_BRSS','120','EURO','',NULL),('INTERMEDIAIRE_ECO_SOINS_COUR_AUDIO',2070,'PSP','2019-12-01','2099-12-31','120','EURO','',NULL,'',NULL),('INTERMEDIAIRE_ECO_SOINS_COUR_AUDIO',2080,'PSP','2019-12-01','2099-12-31','100','EURO','',NULL,'',NULL),('INTERMEDIAIRE_ECO_SOINS_COUR_AUDIO',2090,'PSP','2019-12-01','2099-12-31','200','EURO','',NULL,'',NULL),('INTERMEDIAIRE_ECO_SOINS_COUR_AUDIO',2100,'PSP','2019-12-01','2099-12-31','',NULL,'',NULL,'',NULL),('INTERMEDIAIRE_ECO_SOINS_COUR_AUDIO',2110,'PSP','2019-12-01','2099-12-31','100','POURCENT_BRSS','100','EURO','',NULL),('INTERMEDIAIRE_ECO_SOINS_COUR_AUDIO',2120,'PSP','2019-12-01','2099-12-31','100','EURO','',NULL,'',NULL),('INTERMEDIAIRE_ECO_SOINS_COUR_AUDIO',2130,'PSP','2019-12-01','2099-12-31','',NULL,'',NULL,'',NULL),('INTERMEDIAIRE_ECO_SOINS_COUR_AUDIO',2140,'PSP','2019-12-01','2099-12-31','100','POURCENT_BRSS','100','EURO','',NULL),('INTERMEDIAIRE_ECO_SOINS_COUR_AUDIO',2150,'PSP','2019-12-01','2099-12-31','+ 50','EURO','',NULL,'',NULL),('INTERMEDIAIRE_ECO_SOINS_COUR_AUDIO',2160,'PSP','2019-12-01','2099-12-31','+ 100','EURO','',NULL,'',NULL),('INTERMEDIAIRE_ECO_SOINS_COUR_AUDIO',2170,'PSP','2019-12-01','2099-12-31','',NULL,'',NULL,'',NULL),('INTERMEDIAIRE_ECO_SOINS_COUR_AUDIO',2180,'PSP','2019-12-01','2099-12-31','OUI',NULL,'',NULL,'',NULL),('INTERMEDIAIRE_ECO_SOINS_COUR_AUDIO',2190,'PSP','2019-12-01','2099-12-31','OUI',NULL,'',NULL,'',NULL),('INTERMEDIAIRE_ECO_SOINS_COUR_AUDIO',3000,'PSP','2019-12-01','2099-12-31','',NULL,'',NULL,'',4),('INTERMEDIAIRE_ECO_SOINS_COUR_AUDIO',3010,'PSP','2019-12-01','2099-12-31','',NULL,'',NULL,'',NULL),('INTERMEDIAIRE_ECO_SOINS_COUR_AUDIO',3020,'PSP','2019-12-01','2099-12-31','Sans reste à payer',NULL,'',NULL,'',NULL),('INTERMEDIAIRE_ECO_SOINS_COUR_AUDIO',3030,'PSP','2019-12-01','2099-12-31','',NULL,'',NULL,'',NULL),('INTERMEDIAIRE_ECO_SOINS_COUR_AUDIO',3040,'PSP','2019-12-01','2099-12-31','60','EURO','',NULL,'',NULL),('INTERMEDIAIRE_ECO_SOINS_COUR_AUDIO',3050,'PSP','2019-12-01','2099-12-31','10','EURO','',NULL,'',NULL),('INTERMEDIAIRE_ECO_SOINS_COUR_AUDIO',3060,'PSP','2019-12-01','2099-12-31','50','EURO','',NULL,'',NULL),('INTERMEDIAIRE_ECO_SOINS_COUR_AUDIO',3070,'PSP','2019-12-01','2099-12-31','60','EURO','',NULL,'',NULL),('INTERMEDIAIRE_ECO_SOINS_COUR_AUDIO',3080,'PSP','2019-12-01','2099-12-31','50','EURO','',NULL,'',NULL),('INTERMEDIAIRE_ECO_SOINS_COUR_AUDIO',3090,'PSP','2019-12-01','2099-12-31','120','EURO','',NULL,'',NULL),('INTERMEDIAIRE_ECO_SOINS_COUR_AUDIO',3100,'PSP','2019-12-01','2099-12-31','100','EURO','',NULL,'',NULL),('INTERMEDIAIRE_ECO_SOINS_COUR_AUDIO',3110,'PSP','2019-12-01','2099-12-31','100','POURCENT_BRSS','',NULL,'',NULL),('INTERMEDIAIRE_ECO_SOINS_COUR_AUDIO',3120,'PSP','2019-12-01','2099-12-31','',NULL,'',NULL,'',NULL),('INTERMEDIAIRE_ECO_SOINS_COUR_AUDIO',3130,'PSP','2019-12-01','2099-12-31','120','EURO','',NULL,'',NULL),('INTERMEDIAIRE_ECO_SOINS_COUR_AUDIO',3140,'PSP','2019-12-01','2099-12-31','100','EURO','',NULL,'',NULL),('INTERMEDIAIRE_ECO_SOINS_COUR_AUDIO',3150,'PSP','2019-12-01','2099-12-31','100','EURO','',NULL,'',NULL),('INTERMEDIAIRE_ECO_SOINS_COUR_AUDIO',3160,'PSP','2019-12-01','2099-12-31','+ 20','EURO','',NULL,'',NULL),('INTERMEDIAIRE_ECO_SOINS_COUR_AUDIO',3170,'PSP','2019-12-01','2099-12-31','+ 30','EURO','',NULL,'',NULL),('INTERMEDIAIRE_ECO_SOINS_COUR_AUDIO',3180,'PSP','2019-12-01','2099-12-31','',NULL,'',NULL,'',NULL),('INTERMEDIAIRE_ECO_SOINS_COUR_AUDIO',3190,'PSP','2019-12-01','2099-12-31','OUI',NULL,'',NULL,'',NULL),('INTERMEDIAIRE_ECO_SOINS_COUR_AUDIO',3200,'PSP','2019-12-01','2099-12-31','OUI',NULL,'',NULL,'',NULL),('INTERMEDIAIRE_ECO_SOINS_COUR_AUDIO',3210,'PSP','2019-12-01','2099-12-31','OUI',NULL,'',NULL,'',NULL),('INTERMEDIAIRE_ECO_SOINS_COUR_AUDIO',3220,'PSP','2019-12-01','2099-12-31','OUI',NULL,'',NULL,'',NULL),('INTERMEDIAIRE_ECO_SOINS_COUR_AUDIO',4000,'PSP','2019-12-01','2099-12-31','',NULL,'',NULL,'',3),('INTERMEDIAIRE_ECO_SOINS_COUR_AUDIO',4010,'PSP','2019-12-01','2099-12-31','',NULL,'',NULL,'',NULL),('INTERMEDIAIRE_ECO_SOINS_COUR_AUDIO',4020,'PSP','2019-12-01','2099-12-31','Sans reste à payer',NULL,'',NULL,'',NULL),('INTERMEDIAIRE_ECO_SOINS_COUR_AUDIO',4030,'PSP','2019-12-01','2099-12-31','',NULL,'',NULL,'',NULL),('INTERMEDIAIRE_ECO_SOINS_COUR_AUDIO',4040,'PSP','2019-12-01','2099-12-31','120','POURCENT_BRSS','',NULL,'',NULL),('INTERMEDIAIRE_ECO_SOINS_COUR_AUDIO',4050,'PSP','2019-12-01','2099-12-31','100','POURCENT_BRSS','',NULL,'',NULL),('INTERMEDIAIRE_ECO_SOINS_COUR_AUDIO',4060,'PSP','2019-12-01','2099-12-31','',NULL,'',NULL,'',NULL),('INTERMEDIAIRE_ECO_SOINS_COUR_AUDIO',4070,'PSP','2019-12-01','2099-12-31','100','POURCENT_BRSS','',NULL,'',NULL),('INTERMEDIAIRE_ECO_SOINS_COUR_AUDIO',4080,'PSP','2019-12-01','2099-12-31','+ 25','EURO','',NULL,'',NULL),('INTERMEDIAIRE_ECO_SOINS_COUR_AUDIO',4090,'PSP','2019-12-01','2099-12-31','+ 50','EURO','',NULL,'',NULL),('INTERMEDIAIRE_ECO_SOINS_COUR_AUDIO',4100,'PSP','2019-12-01','2099-12-31','',NULL,'',NULL,'',NULL),('INTERMEDIAIRE_ECO_SOINS_COUR_AUDIO',4110,'PSP','2019-12-01','2099-12-31','OUI',NULL,'',NULL,'',NULL),('INTERMEDIAIRE_ECO_SOINS_COUR_AUDIO',4120,'PSP','2019-12-01','2099-12-31','OUI',NULL,'',NULL,'',NULL),('INTERMEDIAIRE_ECO_SOINS_COUR_AUDIO',5000,'PSP','2019-12-01','2099-12-31','',NULL,'',NULL,'',3),('INTERMEDIAIRE_ECO_SOINS_COUR_AUDIO',5010,'PSP','2019-12-01','2099-12-31','',NULL,'',NULL,'',NULL),('INTERMEDIAIRE_ECO_SOINS_COUR_AUDIO',5020,'PSP','2019-12-01','2099-12-31','100','POURCENT_BRSS','',NULL,'',NULL),('INTERMEDIAIRE_ECO_SOINS_COUR_AUDIO',5030,'PSP','2019-12-01','2099-12-31','100','POURCENT_BRSS','',NULL,'',NULL),('INTERMEDIAIRE_ECO_SOINS_COUR_AUDIO',5040,'PSP','2019-12-01','2099-12-31','100','POURCENT_BRSS','',NULL,'',NULL),('INTERMEDIAIRE_ECO_SOINS_COUR_AUDIO',5050,'PSP','2019-12-01','2099-12-31','100','POURCENT_BRSS','',NULL,'',NULL),('INTERMEDIAIRE_ECO_SOINS_COUR_AUDIO',5060,'PSP','2019-12-01','2099-12-31','',NULL,'',NULL,'',NULL),('INTERMEDIAIRE_ECO_SOINS_COUR_AUDIO',5070,'PSP','2019-12-01','2099-12-31','100','POURCENT_BRSS','',NULL,'',NULL),('INTERMEDIAIRE_ECO_SOINS_COUR_AUDIO',5080,'PSP','2019-12-01','2099-12-31','Non remboursé',NULL,'',NULL,'',NULL),('INTERMEDIAIRE_ECO_SOINS_COUR_AUDIO',5090,'PSP','2019-12-01','2099-12-31','',NULL,'',NULL,'',NULL),('INTERMEDIAIRE_ECO_SOINS_COUR_AUDIO',5100,'PSP','2019-12-01','2099-12-31','100','POURCENT_BRSS','',NULL,'',NULL),('INTERMEDIAIRE_ECO_SOINS_COUR_AUDIO',5110,'PSP','2019-12-01','2099-12-31','',NULL,'',NULL,'',NULL),('INTERMEDIAIRE_ECO_SOINS_COUR_AUDIO',5120,'PSP','2019-12-01','2099-12-31','100','POURCENT_DE','',NULL,'',NULL),('INTERMEDIAIRE_ECO_SOINS_COUR_AUDIO',5130,'PSP','2019-12-01','2099-12-31','100','POURCENT_DE','',NULL,'',NULL),('INTERMEDIAIRE_ECO_SOINS_COUR_AUDIO',5140,'PSP','2019-12-01','2099-12-31','100','POURCENT_DE','',NULL,'',NULL),('INTERMEDIAIRE_ECO_SOINS_COUR_AUDIO',5150,'PSP','2019-12-01','2099-12-31','100','POURCENT_BRSS','',NULL,'',NULL),('INTERMEDIAIRE_ECO_SOINS_COUR_AUDIO',5160,'PSP','2019-12-01','2099-12-31','',NULL,'',NULL,'',NULL),('INTERMEDIAIRE_ECO_SOINS_COUR_AUDIO',5170,'PSP','2019-12-01','2099-12-31','100','POURCENT_BRSS','',NULL,'',NULL),('INTERMEDIAIRE_ECO_SOINS_COUR_AUDIO',5180,'PSP','2019-12-01','2099-12-31','',NULL,'',NULL,'',NULL),('INTERMEDIAIRE_ECO_SOINS_COUR_AUDIO',5190,'PSP','2019-12-01','2099-12-31','100','POURCENT_BRSS','',NULL,'',NULL),('INTERMEDIAIRE_ECO_SOINS_COUR_AUDIO',5200,'PSP','2019-12-01','2099-12-31','',NULL,'',NULL,'',NULL),('INTERMEDIAIRE_ECO_SOINS_COUR_AUDIO',5210,'PSP','2019-12-01','2099-12-31','Non remboursé',NULL,'',NULL,'',NULL),('INTERMEDIAIRE_ECO_SOINS_COUR_AUDIO',5220,'PSP','2019-12-01','2099-12-31','',NULL,'',NULL,'',NULL),('INTERMEDIAIRE_ECO_SOINS_COUR_AUDIO',5230,'PSP','2019-12-01','2099-12-31','Non remboursé',NULL,'',NULL,'',NULL),('INTERMEDIAIRE_ECO_SOINS_COUR_AUDIO',5240,'PSP','2019-12-01','2099-12-31','',NULL,'',NULL,'',NULL),('INTERMEDIAIRE_ECO_SOINS_COUR_AUDIO',5250,'PSP','2019-12-01','2099-12-31','100','POURCENT_BRSS','',NULL,'',NULL),('INTERMEDIAIRE_ECO_SOINS_COUR_AUDIO',5260,'PSP','2019-12-01','2099-12-31','',NULL,'',NULL,'',NULL),('INTERMEDIAIRE_ECO_SOINS_COUR_AUDIO',5270,'PSP','2019-12-01','2099-12-31','OUI',NULL,'',NULL,'',NULL),('INTERMEDIAIRE_ECO_SOINS_COUR_AUDIO',5280,'PSP','2019-12-01','2099-12-31','500','EURO','',NULL,'',NULL),('INTERMEDIAIRE_ECO_SOINS_COUR_AUDIO',5290,'PSP','2019-12-01','2099-12-31','OUI',NULL,'',NULL,'',NULL),('INTERMEDIAIRE_ECO_SOINS_COUR_AUDIO',5300,'PSP','2019-12-01','2099-12-31','OUI',NULL,'',NULL,'',NULL),('INTERMEDIAIRE_ECO_SOINS_COUR_AUDIO',5310,'PSP','2019-12-01','2099-12-31','OUI',NULL,'',NULL,'',NULL),('INTERMEDIAIRE_ECO_SOINS_COUR_AUDIO',5320,'PSP','2019-12-01','2099-12-31','OUI',NULL,'',NULL,'',NULL),('INTERMEDIAIRE_ECO_SOINS_COUR_AUDIO_DENT',1000,'PSP','2019-12-01','2099-12-31','',NULL,'',NULL,'',4),('INTERMEDIAIRE_ECO_SOINS_COUR_AUDIO_DENT',1010,'PSP','2019-12-01','2099-12-31','',NULL,'',NULL,'',NULL),('INTERMEDIAIRE_ECO_SOINS_COUR_AUDIO_DENT',1020,'PSP','2019-12-01','2099-12-31','100','POURCENT_DE','',NULL,'',NULL),('INTERMEDIAIRE_ECO_SOINS_COUR_AUDIO_DENT',1030,'PSP','2019-12-01','2099-12-31','',NULL,'',NULL,'',NULL),('INTERMEDIAIRE_ECO_SOINS_COUR_AUDIO_DENT',1040,'PSP','2019-12-01','2099-12-31','120','POURCENT_BRSS','',NULL,'',NULL),('INTERMEDIAIRE_ECO_SOINS_COUR_AUDIO_DENT',1050,'PSP','2019-12-01','2099-12-31','100','POURCENT_BRSS','',NULL,'',NULL),('INTERMEDIAIRE_ECO_SOINS_COUR_AUDIO_DENT',1060,'PSP','2019-12-01','2099-12-31','',NULL,'',NULL,'',NULL),('INTERMEDIAIRE_ECO_SOINS_COUR_AUDIO_DENT',1070,'PSP','2019-12-01','2099-12-31','100','POURCENT_DE','',NULL,'',NULL),('INTERMEDIAIRE_ECO_SOINS_COUR_AUDIO_DENT',1080,'PSP','2019-12-01','2099-12-31','',NULL,'',NULL,'',NULL),('INTERMEDIAIRE_ECO_SOINS_COUR_AUDIO_DENT',1090,'PSP','2019-12-01','2099-12-31','50','EURO','',NULL,'',NULL),('INTERMEDIAIRE_ECO_SOINS_COUR_AUDIO_DENT',1100,'PSP','2019-12-01','2099-12-31','20','EURO','',NULL,'',NULL),('INTERMEDIAIRE_ECO_SOINS_COUR_AUDIO_DENT',1110,'PSP','2019-12-01','2099-12-31','',NULL,'',NULL,'',NULL),('INTERMEDIAIRE_ECO_SOINS_COUR_AUDIO_DENT',1120,'PSP','2019-12-01','2099-12-31','10','EURO','',NULL,'',NULL),('INTERMEDIAIRE_ECO_SOINS_COUR_AUDIO_DENT',1130,'PSP','2019-12-01','2099-12-31','',NULL,'',NULL,'',NULL),('INTERMEDIAIRE_ECO_SOINS_COUR_AUDIO_DENT',1140,'PSP','2019-12-01','2099-12-31','100','POURCENT_BRSS','',NULL,'',NULL),('INTERMEDIAIRE_ECO_SOINS_COUR_AUDIO_DENT',1150,'PSP','2019-12-01','2099-12-31','',NULL,'',NULL,'',NULL),('INTERMEDIAIRE_ECO_SOINS_COUR_AUDIO_DENT',1160,'PSP','2019-12-01','2099-12-31','OUI',NULL,'',NULL,'',NULL),('INTERMEDIAIRE_ECO_SOINS_COUR_AUDIO_DENT',1170,'PSP','2019-12-01','2099-12-31','OUI',NULL,'',NULL,'',NULL),('INTERMEDIAIRE_ECO_SOINS_COUR_AUDIO_DENT',1180,'PSP','2019-12-01','2099-12-31','OUI',NULL,'',NULL,'',NULL),('INTERMEDIAIRE_ECO_SOINS_COUR_AUDIO_DENT',1190,'PSP','2019-12-01','2099-12-31','OUI',NULL,'',NULL,'',NULL),('INTERMEDIAIRE_ECO_SOINS_COUR_AUDIO_DENT',1200,'PSP','2019-12-01','2099-12-31','OUI',NULL,'',NULL,'',NULL),('INTERMEDIAIRE_ECO_SOINS_COUR_AUDIO_DENT',2000,'PSP','2019-12-01','2099-12-31','',NULL,'',NULL,'',3),('INTERMEDIAIRE_ECO_SOINS_COUR_AUDIO_DENT',2010,'PSP','2019-12-01','2099-12-31','',NULL,'',NULL,'',NULL),('INTERMEDIAIRE_ECO_SOINS_COUR_AUDIO_DENT',2020,'PSP','2019-12-01','2099-12-31','Sans reste à payer',NULL,'',NULL,'',NULL),('INTERMEDIAIRE_ECO_SOINS_COUR_AUDIO_DENT',2030,'PSP','2019-12-01','2099-12-31','',NULL,'',NULL,'',NULL),('INTERMEDIAIRE_ECO_SOINS_COUR_AUDIO_DENT',2040,'PSP','2019-12-01','2099-12-31','100','POURCENT_BRSS','',NULL,'',NULL),('INTERMEDIAIRE_ECO_SOINS_COUR_AUDIO_DENT',2050,'PSP','2019-12-01','2099-12-31','',NULL,'',NULL,'',NULL),('INTERMEDIAIRE_ECO_SOINS_COUR_AUDIO_DENT',2060,'PSP','2019-12-01','2099-12-31','120','POURCENT_BRSS','',NULL,'',NULL),('INTERMEDIAIRE_ECO_SOINS_COUR_AUDIO_DENT',2070,'PSP','2019-12-01','2099-12-31','Non remboursé',NULL,'',NULL,'',NULL),('INTERMEDIAIRE_ECO_SOINS_COUR_AUDIO_DENT',2080,'PSP','2019-12-01','2099-12-31','50','EURO','',NULL,'',NULL),('INTERMEDIAIRE_ECO_SOINS_COUR_AUDIO_DENT',2090,'PSP','2019-12-01','2099-12-31','100','EURO','',NULL,'',NULL),('INTERMEDIAIRE_ECO_SOINS_COUR_AUDIO_DENT',2100,'PSP','2019-12-01','2099-12-31','',NULL,'',NULL,'',NULL),('INTERMEDIAIRE_ECO_SOINS_COUR_AUDIO_DENT',2110,'PSP','2019-12-01','2099-12-31','100','POURCENT_BRSS','',NULL,'',NULL),('INTERMEDIAIRE_ECO_SOINS_COUR_AUDIO_DENT',2120,'PSP','2019-12-01','2099-12-31','Non remboursé',NULL,'',NULL,'',NULL),('INTERMEDIAIRE_ECO_SOINS_COUR_AUDIO_DENT',2130,'PSP','2019-12-01','2099-12-31','',NULL,'',NULL,'',NULL),('INTERMEDIAIRE_ECO_SOINS_COUR_AUDIO_DENT',2140,'PSP','2019-12-01','2099-12-31','100','POURCENT_BRSS','',NULL,'',NULL),('INTERMEDIAIRE_ECO_SOINS_COUR_AUDIO_DENT',2150,'PSP','2019-12-01','2099-12-31','+ 25','EURO','',NULL,'',NULL),('INTERMEDIAIRE_ECO_SOINS_COUR_AUDIO_DENT',2160,'PSP','2019-12-01','2099-12-31','+ 50','EURO','',NULL,'',NULL),('INTERMEDIAIRE_ECO_SOINS_COUR_AUDIO_DENT',2170,'PSP','2019-12-01','2099-12-31','',NULL,'',NULL,'',NULL),('INTERMEDIAIRE_ECO_SOINS_COUR_AUDIO_DENT',2180,'PSP','2019-12-01','2099-12-31','OUI',NULL,'',NULL,'',NULL),('INTERMEDIAIRE_ECO_SOINS_COUR_AUDIO_DENT',2190,'PSP','2019-12-01','2099-12-31','OUI',NULL,'',NULL,'',NULL),('INTERMEDIAIRE_ECO_SOINS_COUR_AUDIO_DENT',3000,'PSP','2019-12-01','2099-12-31','',NULL,'',NULL,'',4),('INTERMEDIAIRE_ECO_SOINS_COUR_AUDIO_DENT',3010,'PSP','2019-12-01','2099-12-31','',NULL,'',NULL,'',NULL),('INTERMEDIAIRE_ECO_SOINS_COUR_AUDIO_DENT',3020,'PSP','2019-12-01','2099-12-31','Sans reste à payer',NULL,'',NULL,'',NULL),('INTERMEDIAIRE_ECO_SOINS_COUR_AUDIO_DENT',3030,'PSP','2019-12-01','2099-12-31','',NULL,'',NULL,'',NULL),('INTERMEDIAIRE_ECO_SOINS_COUR_AUDIO_DENT',3040,'PSP','2019-12-01','2099-12-31','60','EURO','',NULL,'',NULL),('INTERMEDIAIRE_ECO_SOINS_COUR_AUDIO_DENT',3050,'PSP','2019-12-01','2099-12-31','10','EURO','',NULL,'',NULL),('INTERMEDIAIRE_ECO_SOINS_COUR_AUDIO_DENT',3060,'PSP','2019-12-01','2099-12-31','50','EURO','',NULL,'',NULL),('INTERMEDIAIRE_ECO_SOINS_COUR_AUDIO_DENT',3070,'PSP','2019-12-01','2099-12-31','60','EURO','',NULL,'',NULL),('INTERMEDIAIRE_ECO_SOINS_COUR_AUDIO_DENT',3080,'PSP','2019-12-01','2099-12-31','50','EURO','',NULL,'',NULL),('INTERMEDIAIRE_ECO_SOINS_COUR_AUDIO_DENT',3090,'PSP','2019-12-01','2099-12-31','120','EURO','',NULL,'',NULL),('INTERMEDIAIRE_ECO_SOINS_COUR_AUDIO_DENT',3100,'PSP','2019-12-01','2099-12-31','100','EURO','',NULL,'',NULL),('INTERMEDIAIRE_ECO_SOINS_COUR_AUDIO_DENT',3110,'PSP','2019-12-01','2099-12-31','100','POURCENT_BRSS','',NULL,'',NULL),('INTERMEDIAIRE_ECO_SOINS_COUR_AUDIO_DENT',3120,'PSP','2019-12-01','2099-12-31','',NULL,'',NULL,'',NULL),('INTERMEDIAIRE_ECO_SOINS_COUR_AUDIO_DENT',3130,'PSP','2019-12-01','2099-12-31','120','EURO','',NULL,'',NULL),('INTERMEDIAIRE_ECO_SOINS_COUR_AUDIO_DENT',3140,'PSP','2019-12-01','2099-12-31','100','EURO','',NULL,'',NULL),('INTERMEDIAIRE_ECO_SOINS_COUR_AUDIO_DENT',3150,'PSP','2019-12-01','2099-12-31','100','EURO','',NULL,'',NULL),('INTERMEDIAIRE_ECO_SOINS_COUR_AUDIO_DENT',3160,'PSP','2019-12-01','2099-12-31','+ 20','EURO','',NULL,'',NULL),('INTERMEDIAIRE_ECO_SOINS_COUR_AUDIO_DENT',3170,'PSP','2019-12-01','2099-12-31','+ 30','EURO','',NULL,'',NULL),('INTERMEDIAIRE_ECO_SOINS_COUR_AUDIO_DENT',3180,'PSP','2019-12-01','2099-12-31','',NULL,'',NULL,'',NULL),('INTERMEDIAIRE_ECO_SOINS_COUR_AUDIO_DENT',3190,'PSP','2019-12-01','2099-12-31','OUI',NULL,'',NULL,'',NULL),('INTERMEDIAIRE_ECO_SOINS_COUR_AUDIO_DENT',3200,'PSP','2019-12-01','2099-12-31','OUI',NULL,'',NULL,'',NULL),('INTERMEDIAIRE_ECO_SOINS_COUR_AUDIO_DENT',3210,'PSP','2019-12-01','2099-12-31','OUI',NULL,'',NULL,'',NULL),('INTERMEDIAIRE_ECO_SOINS_COUR_AUDIO_DENT',3220,'PSP','2019-12-01','2099-12-31','OUI',NULL,'',NULL,'',NULL),('INTERMEDIAIRE_ECO_SOINS_COUR_AUDIO_DENT',4000,'PSP','2019-12-01','2099-12-31','',NULL,'',NULL,'',3),('INTERMEDIAIRE_ECO_SOINS_COUR_AUDIO_DENT',4010,'PSP','2019-12-01','2099-12-31','',NULL,'',NULL,'',NULL),('INTERMEDIAIRE_ECO_SOINS_COUR_AUDIO_DENT',4020,'PSP','2019-12-01','2099-12-31','Sans reste à payer',NULL,'',NULL,'',NULL),('INTERMEDIAIRE_ECO_SOINS_COUR_AUDIO_DENT',4030,'PSP','2019-12-01','2099-12-31','',NULL,'',NULL,'',NULL),('INTERMEDIAIRE_ECO_SOINS_COUR_AUDIO_DENT',4040,'PSP','2019-12-01','2099-12-31','120','POURCENT_BRSS','',NULL,'',NULL),('INTERMEDIAIRE_ECO_SOINS_COUR_AUDIO_DENT',4050,'PSP','2019-12-01','2099-12-31','100','POURCENT_BRSS','',NULL,'',NULL),('INTERMEDIAIRE_ECO_SOINS_COUR_AUDIO_DENT',4060,'PSP','2019-12-01','2099-12-31','',NULL,'',NULL,'',NULL),('INTERMEDIAIRE_ECO_SOINS_COUR_AUDIO_DENT',4070,'PSP','2019-12-01','2099-12-31','100','POURCENT_BRSS','',NULL,'',NULL),('INTERMEDIAIRE_ECO_SOINS_COUR_AUDIO_DENT',4080,'PSP','2019-12-01','2099-12-31','+ 25','EURO','',NULL,'',NULL),('INTERMEDIAIRE_ECO_SOINS_COUR_AUDIO_DENT',4090,'PSP','2019-12-01','2099-12-31','+ 50','EURO','',NULL,'',NULL),('INTERMEDIAIRE_ECO_SOINS_COUR_AUDIO_DENT',4100,'PSP','2019-12-01','2099-12-31','',NULL,'',NULL,'',NULL),('INTERMEDIAIRE_ECO_SOINS_COUR_AUDIO_DENT',4110,'PSP','2019-12-01','2099-12-31','OUI',NULL,'',NULL,'',NULL),('INTERMEDIAIRE_ECO_SOINS_COUR_AUDIO_DENT',4120,'PSP','2019-12-01','2099-12-31','OUI',NULL,'',NULL,'',NULL),('INTERMEDIAIRE_ECO_SOINS_COUR_AUDIO_DENT',5000,'PSP','2019-12-01','2099-12-31','',NULL,'',NULL,'',3),('INTERMEDIAIRE_ECO_SOINS_COUR_AUDIO_DENT',5010,'PSP','2019-12-01','2099-12-31','',NULL,'',NULL,'',NULL),('INTERMEDIAIRE_ECO_SOINS_COUR_AUDIO_DENT',5020,'PSP','2019-12-01','2099-12-31','100','POURCENT_BRSS','',NULL,'',NULL),('INTERMEDIAIRE_ECO_SOINS_COUR_AUDIO_DENT',5030,'PSP','2019-12-01','2099-12-31','100','POURCENT_BRSS','',NULL,'',NULL),('INTERMEDIAIRE_ECO_SOINS_COUR_AUDIO_DENT',5040,'PSP','2019-12-01','2099-12-31','100','POURCENT_BRSS','',NULL,'',NULL),('INTERMEDIAIRE_ECO_SOINS_COUR_AUDIO_DENT',5050,'PSP','2019-12-01','2099-12-31','100','POURCENT_BRSS','',NULL,'',NULL),('INTERMEDIAIRE_ECO_SOINS_COUR_AUDIO_DENT',5060,'PSP','2019-12-01','2099-12-31','',NULL,'',NULL,'',NULL),('INTERMEDIAIRE_ECO_SOINS_COUR_AUDIO_DENT',5070,'PSP','2019-12-01','2099-12-31','100','POURCENT_BRSS','',NULL,'',NULL),('INTERMEDIAIRE_ECO_SOINS_COUR_AUDIO_DENT',5080,'PSP','2019-12-01','2099-12-31','Non remboursé',NULL,'',NULL,'',NULL),('INTERMEDIAIRE_ECO_SOINS_COUR_AUDIO_DENT',5090,'PSP','2019-12-01','2099-12-31','',NULL,'',NULL,'',NULL),('INTERMEDIAIRE_ECO_SOINS_COUR_AUDIO_DENT',5100,'PSP','2019-12-01','2099-12-31','100','POURCENT_BRSS','',NULL,'',NULL),('INTERMEDIAIRE_ECO_SOINS_COUR_AUDIO_DENT',5110,'PSP','2019-12-01','2099-12-31','',NULL,'',NULL,'',NULL),('INTERMEDIAIRE_ECO_SOINS_COUR_AUDIO_DENT',5120,'PSP','2019-12-01','2099-12-31','100','POURCENT_DE','',NULL,'',NULL),('INTERMEDIAIRE_ECO_SOINS_COUR_AUDIO_DENT',5130,'PSP','2019-12-01','2099-12-31','100','POURCENT_DE','',NULL,'',NULL),('INTERMEDIAIRE_ECO_SOINS_COUR_AUDIO_DENT',5140,'PSP','2019-12-01','2099-12-31','100','POURCENT_DE','',NULL,'',NULL),('INTERMEDIAIRE_ECO_SOINS_COUR_AUDIO_DENT',5150,'PSP','2019-12-01','2099-12-31','100','POURCENT_BRSS','',NULL,'',NULL),('INTERMEDIAIRE_ECO_SOINS_COUR_AUDIO_DENT',5160,'PSP','2019-12-01','2099-12-31','',NULL,'',NULL,'',NULL),('INTERMEDIAIRE_ECO_SOINS_COUR_AUDIO_DENT',5170,'PSP','2019-12-01','2099-12-31','100','POURCENT_BRSS','',NULL,'',NULL),('INTERMEDIAIRE_ECO_SOINS_COUR_AUDIO_DENT',5180,'PSP','2019-12-01','2099-12-31','',NULL,'',NULL,'',NULL),('INTERMEDIAIRE_ECO_SOINS_COUR_AUDIO_DENT',5190,'PSP','2019-12-01','2099-12-31','100','POURCENT_BRSS','',NULL,'',NULL),('INTERMEDIAIRE_ECO_SOINS_COUR_AUDIO_DENT',5200,'PSP','2019-12-01','2099-12-31','',NULL,'',NULL,'',NULL),('INTERMEDIAIRE_ECO_SOINS_COUR_AUDIO_DENT',5210,'PSP','2019-12-01','2099-12-31','Non remboursé',NULL,'',NULL,'',NULL),('INTERMEDIAIRE_ECO_SOINS_COUR_AUDIO_DENT',5220,'PSP','2019-12-01','2099-12-31','',NULL,'',NULL,'',NULL),('INTERMEDIAIRE_ECO_SOINS_COUR_AUDIO_DENT',5230,'PSP','2019-12-01','2099-12-31','Non remboursé',NULL,'',NULL,'',NULL),('INTERMEDIAIRE_ECO_SOINS_COUR_AUDIO_DENT',5240,'PSP','2019-12-01','2099-12-31','',NULL,'',NULL,'',NULL),('INTERMEDIAIRE_ECO_SOINS_COUR_AUDIO_DENT',5250,'PSP','2019-12-01','2099-12-31','100','POURCENT_BRSS','',NULL,'',NULL),('INTERMEDIAIRE_ECO_SOINS_COUR_AUDIO_DENT',5260,'PSP','2019-12-01','2099-12-31','',NULL,'',NULL,'',NULL),('INTERMEDIAIRE_ECO_SOINS_COUR_AUDIO_DENT',5270,'PSP','2019-12-01','2099-12-31','OUI',NULL,'',NULL,'',NULL),('INTERMEDIAIRE_ECO_SOINS_COUR_AUDIO_DENT',5280,'PSP','2019-12-01','2099-12-31','500','EURO','',NULL,'',NULL),('INTERMEDIAIRE_ECO_SOINS_COUR_AUDIO_DENT',5290,'PSP','2019-12-01','2099-12-31','OUI',NULL,'',NULL,'',NULL),('INTERMEDIAIRE_ECO_SOINS_COUR_AUDIO_DENT',5300,'PSP','2019-12-01','2099-12-31','OUI',NULL,'',NULL,'',NULL),('INTERMEDIAIRE_ECO_SOINS_COUR_AUDIO_DENT',5310,'PSP','2019-12-01','2099-12-31','OUI',NULL,'',NULL,'',NULL),('INTERMEDIAIRE_ECO_SOINS_COUR_AUDIO_DENT',5320,'PSP','2019-12-01','2099-12-31','OUI',NULL,'',NULL,'',NULL),('INTERMEDIAIRE_ECO_SOINS_COUR_AUDIO_OPT',1000,'PSP','2019-12-01','2099-12-31','',NULL,'',NULL,'',4),('INTERMEDIAIRE_ECO_SOINS_COUR_AUDIO_OPT',1010,'PSP','2019-12-01','2099-12-31','',NULL,'',NULL,'',NULL),('INTERMEDIAIRE_ECO_SOINS_COUR_AUDIO_OPT',1020,'PSP','2019-12-01','2099-12-31','100','POURCENT_DE','',NULL,'',NULL),('INTERMEDIAIRE_ECO_SOINS_COUR_AUDIO_OPT',1030,'PSP','2019-12-01','2099-12-31','',NULL,'',NULL,'',NULL),('INTERMEDIAIRE_ECO_SOINS_COUR_AUDIO_OPT',1040,'PSP','2019-12-01','2099-12-31','120','POURCENT_BRSS','',NULL,'',NULL),('INTERMEDIAIRE_ECO_SOINS_COUR_AUDIO_OPT',1050,'PSP','2019-12-01','2099-12-31','100','POURCENT_BRSS','',NULL,'',NULL),('INTERMEDIAIRE_ECO_SOINS_COUR_AUDIO_OPT',1060,'PSP','2019-12-01','2099-12-31','',NULL,'',NULL,'',NULL),('INTERMEDIAIRE_ECO_SOINS_COUR_AUDIO_OPT',1070,'PSP','2019-12-01','2099-12-31','100','POURCENT_DE','',NULL,'',NULL),('INTERMEDIAIRE_ECO_SOINS_COUR_AUDIO_OPT',1080,'PSP','2019-12-01','2099-12-31','',NULL,'',NULL,'',NULL),('INTERMEDIAIRE_ECO_SOINS_COUR_AUDIO_OPT',1090,'PSP','2019-12-01','2099-12-31','50','EURO','',NULL,'',NULL),('INTERMEDIAIRE_ECO_SOINS_COUR_AUDIO_OPT',1100,'PSP','2019-12-01','2099-12-31','20','EURO','',NULL,'',NULL),('INTERMEDIAIRE_ECO_SOINS_COUR_AUDIO_OPT',1110,'PSP','2019-12-01','2099-12-31','',NULL,'',NULL,'',NULL),('INTERMEDIAIRE_ECO_SOINS_COUR_AUDIO_OPT',1120,'PSP','2019-12-01','2099-12-31','10','EURO','',NULL,'',NULL),('INTERMEDIAIRE_ECO_SOINS_COUR_AUDIO_OPT',1130,'PSP','2019-12-01','2099-12-31','',NULL,'',NULL,'',NULL),('INTERMEDIAIRE_ECO_SOINS_COUR_AUDIO_OPT',1140,'PSP','2019-12-01','2099-12-31','100','POURCENT_BRSS','',NULL,'',NULL),('INTERMEDIAIRE_ECO_SOINS_COUR_AUDIO_OPT',1150,'PSP','2019-12-01','2099-12-31','',NULL,'',NULL,'',NULL),('INTERMEDIAIRE_ECO_SOINS_COUR_AUDIO_OPT',1160,'PSP','2019-12-01','2099-12-31','OUI',NULL,'',NULL,'',NULL),('INTERMEDIAIRE_ECO_SOINS_COUR_AUDIO_OPT',1170,'PSP','2019-12-01','2099-12-31','OUI',NULL,'',NULL,'',NULL),('INTERMEDIAIRE_ECO_SOINS_COUR_AUDIO_OPT',1180,'PSP','2019-12-01','2099-12-31','OUI',NULL,'',NULL,'',NULL),('INTERMEDIAIRE_ECO_SOINS_COUR_AUDIO_OPT',1190,'PSP','2019-12-01','2099-12-31','OUI',NULL,'',NULL,'',NULL),('INTERMEDIAIRE_ECO_SOINS_COUR_AUDIO_OPT',1200,'PSP','2019-12-01','2099-12-31','OUI',NULL,'',NULL,'',NULL),('INTERMEDIAIRE_ECO_SOINS_COUR_AUDIO_OPT',2000,'PSP','2019-12-01','2099-12-31','',NULL,'',NULL,'',4),('INTERMEDIAIRE_ECO_SOINS_COUR_AUDIO_OPT',2010,'PSP','2019-12-01','2099-12-31','',NULL,'',NULL,'',NULL),('INTERMEDIAIRE_ECO_SOINS_COUR_AUDIO_OPT',2020,'PSP','2019-12-01','2099-12-31','Sans reste à payer',NULL,'',NULL,'',NULL),('INTERMEDIAIRE_ECO_SOINS_COUR_AUDIO_OPT',2030,'PSP','2019-12-01','2099-12-31','',NULL,'',NULL,'',NULL),('INTERMEDIAIRE_ECO_SOINS_COUR_AUDIO_OPT',2040,'PSP','2019-12-01','2099-12-31','100','POURCENT_BRSS','',NULL,'',NULL),('INTERMEDIAIRE_ECO_SOINS_COUR_AUDIO_OPT',2050,'PSP','2019-12-01','2099-12-31','',NULL,'',NULL,'',NULL),('INTERMEDIAIRE_ECO_SOINS_COUR_AUDIO_OPT',2060,'PSP','2019-12-01','2099-12-31','120','POURCENT_BRSS','120','EURO','',NULL),('INTERMEDIAIRE_ECO_SOINS_COUR_AUDIO_OPT',2070,'PSP','2019-12-01','2099-12-31','120','EURO','',NULL,'',NULL),('INTERMEDIAIRE_ECO_SOINS_COUR_AUDIO_OPT',2080,'PSP','2019-12-01','2099-12-31','100','EURO','',NULL,'',NULL),('INTERMEDIAIRE_ECO_SOINS_COUR_AUDIO_OPT',2090,'PSP','2019-12-01','2099-12-31','200','EURO','',NULL,'',NULL),('INTERMEDIAIRE_ECO_SOINS_COUR_AUDIO_OPT',2100,'PSP','2019-12-01','2099-12-31','',NULL,'',NULL,'',NULL),('INTERMEDIAIRE_ECO_SOINS_COUR_AUDIO_OPT',2110,'PSP','2019-12-01','2099-12-31','100','POURCENT_BRSS','100','EURO','',NULL),('INTERMEDIAIRE_ECO_SOINS_COUR_AUDIO_OPT',2120,'PSP','2019-12-01','2099-12-31','100','EURO','',NULL,'',NULL),('INTERMEDIAIRE_ECO_SOINS_COUR_AUDIO_OPT',2130,'PSP','2019-12-01','2099-12-31','',NULL,'',NULL,'',NULL),('INTERMEDIAIRE_ECO_SOINS_COUR_AUDIO_OPT',2140,'PSP','2019-12-01','2099-12-31','100','POURCENT_BRSS','100','EURO','',NULL),('INTERMEDIAIRE_ECO_SOINS_COUR_AUDIO_OPT',2150,'PSP','2019-12-01','2099-12-31','+ 50','EURO','',NULL,'',NULL),('INTERMEDIAIRE_ECO_SOINS_COUR_AUDIO_OPT',2160,'PSP','2019-12-01','2099-12-31','+ 100','EURO','',NULL,'',NULL),('INTERMEDIAIRE_ECO_SOINS_COUR_AUDIO_OPT',2170,'PSP','2019-12-01','2099-12-31','',NULL,'',NULL,'',NULL),('INTERMEDIAIRE_ECO_SOINS_COUR_AUDIO_OPT',2180,'PSP','2019-12-01','2099-12-31','OUI',NULL,'',NULL,'',NULL),('INTERMEDIAIRE_ECO_SOINS_COUR_AUDIO_OPT',2190,'PSP','2019-12-01','2099-12-31','OUI',NULL,'',NULL,'',NULL),('INTERMEDIAIRE_ECO_SOINS_COUR_AUDIO_OPT',3000,'PSP','2019-12-01','2099-12-31','',NULL,'',NULL,'',3),('INTERMEDIAIRE_ECO_SOINS_COUR_AUDIO_OPT',3010,'PSP','2019-12-01','2099-12-31','',NULL,'',NULL,'',NULL),('INTERMEDIAIRE_ECO_SOINS_COUR_AUDIO_OPT',3020,'PSP','2019-12-01','2099-12-31','Sans reste à payer',NULL,'',NULL,'',NULL),('INTERMEDIAIRE_ECO_SOINS_COUR_AUDIO_OPT',3030,'PSP','2019-12-01','2099-12-31','',NULL,'',NULL,'',NULL),('INTERMEDIAIRE_ECO_SOINS_COUR_AUDIO_OPT',3040,'PSP','2019-12-01','2099-12-31','50','EURO','',NULL,'',NULL),('INTERMEDIAIRE_ECO_SOINS_COUR_AUDIO_OPT',3050,'PSP','2019-12-01','2099-12-31','Non concerné',NULL,'',NULL,'',NULL),('INTERMEDIAIRE_ECO_SOINS_COUR_AUDIO_OPT',3060,'PSP','2019-12-01','2099-12-31','50','EURO','',NULL,'',NULL),('INTERMEDIAIRE_ECO_SOINS_COUR_AUDIO_OPT',3070,'PSP','2019-12-01','2099-12-31','25','EURO','',NULL,'',NULL),('INTERMEDIAIRE_ECO_SOINS_COUR_AUDIO_OPT',3080,'PSP','2019-12-01','2099-12-31','25','EURO','',NULL,'',NULL),('INTERMEDIAIRE_ECO_SOINS_COUR_AUDIO_OPT',3090,'PSP','2019-12-01','2099-12-31','75','EURO','',NULL,'',NULL),('INTERMEDIAIRE_ECO_SOINS_COUR_AUDIO_OPT',3100,'PSP','2019-12-01','2099-12-31','75','EURO','',NULL,'',NULL),('INTERMEDIAIRE_ECO_SOINS_COUR_AUDIO_OPT',3110,'PSP','2019-12-01','2099-12-31','100','POURCENT_BRSS','',NULL,'',NULL),('INTERMEDIAIRE_ECO_SOINS_COUR_AUDIO_OPT',3120,'PSP','2019-12-01','2099-12-31','',NULL,'',NULL,'',NULL),('INTERMEDIAIRE_ECO_SOINS_COUR_AUDIO_OPT',3130,'PSP','2019-12-01','2099-12-31','100','POURCENT_BRSS','',NULL,'',NULL),('INTERMEDIAIRE_ECO_SOINS_COUR_AUDIO_OPT',3140,'PSP','2019-12-01','2099-12-31','100','POURCENT_BRSS','',NULL,'',NULL),('INTERMEDIAIRE_ECO_SOINS_COUR_AUDIO_OPT',3150,'PSP','2019-12-01','2099-12-31','Non remboursé',NULL,'',NULL,'',NULL),('INTERMEDIAIRE_ECO_SOINS_COUR_AUDIO_OPT',3160,'PSP','2019-12-01','2099-12-31','+ 10','EURO','',NULL,'',NULL),('INTERMEDIAIRE_ECO_SOINS_COUR_AUDIO_OPT',3170,'PSP','2019-12-01','2099-12-31','+ 15','EURO','',NULL,'',NULL),('INTERMEDIAIRE_ECO_SOINS_COUR_AUDIO_OPT',3180,'PSP','2019-12-01','2099-12-31','',NULL,'',NULL,'',NULL),('INTERMEDIAIRE_ECO_SOINS_COUR_AUDIO_OPT',3190,'PSP','2019-12-01','2099-12-31','OUI',NULL,'',NULL,'',NULL),('INTERMEDIAIRE_ECO_SOINS_COUR_AUDIO_OPT',3200,'PSP','2019-12-01','2099-12-31','OUI',NULL,'',NULL,'',NULL),('INTERMEDIAIRE_ECO_SOINS_COUR_AUDIO_OPT',3210,'PSP','2019-12-01','2099-12-31','OUI',NULL,'',NULL,'',NULL),('INTERMEDIAIRE_ECO_SOINS_COUR_AUDIO_OPT',3220,'PSP','2019-12-01','2099-12-31','OUI',NULL,'',NULL,'',NULL),('INTERMEDIAIRE_ECO_SOINS_COUR_AUDIO_OPT',4000,'PSP','2019-12-01','2099-12-31','',NULL,'',NULL,'',3),('INTERMEDIAIRE_ECO_SOINS_COUR_AUDIO_OPT',4010,'PSP','2019-12-01','2099-12-31','',NULL,'',NULL,'',NULL),('INTERMEDIAIRE_ECO_SOINS_COUR_AUDIO_OPT',4020,'PSP','2019-12-01','2099-12-31','Sans reste à payer',NULL,'',NULL,'',NULL),('INTERMEDIAIRE_ECO_SOINS_COUR_AUDIO_OPT',4030,'PSP','2019-12-01','2099-12-31','',NULL,'',NULL,'',NULL),('INTERMEDIAIRE_ECO_SOINS_COUR_AUDIO_OPT',4040,'PSP','2019-12-01','2099-12-31','120','POURCENT_BRSS','',NULL,'',NULL),('INTERMEDIAIRE_ECO_SOINS_COUR_AUDIO_OPT',4050,'PSP','2019-12-01','2099-12-31','100','POURCENT_BRSS','',NULL,'',NULL),('INTERMEDIAIRE_ECO_SOINS_COUR_AUDIO_OPT',4060,'PSP','2019-12-01','2099-12-31','',NULL,'',NULL,'',NULL),('INTERMEDIAIRE_ECO_SOINS_COUR_AUDIO_OPT',4070,'PSP','2019-12-01','2099-12-31','100','POURCENT_BRSS','',NULL,'',NULL),('INTERMEDIAIRE_ECO_SOINS_COUR_AUDIO_OPT',4080,'PSP','2019-12-01','2099-12-31','+ 25','EURO','',NULL,'',NULL),('INTERMEDIAIRE_ECO_SOINS_COUR_AUDIO_OPT',4090,'PSP','2019-12-01','2099-12-31','+ 50','EURO','',NULL,'',NULL),('INTERMEDIAIRE_ECO_SOINS_COUR_AUDIO_OPT',4100,'PSP','2019-12-01','2099-12-31','',NULL,'',NULL,'',NULL),('INTERMEDIAIRE_ECO_SOINS_COUR_AUDIO_OPT',4110,'PSP','2019-12-01','2099-12-31','OUI',NULL,'',NULL,'',NULL),('INTERMEDIAIRE_ECO_SOINS_COUR_AUDIO_OPT',4120,'PSP','2019-12-01','2099-12-31','OUI',NULL,'',NULL,'',NULL),('INTERMEDIAIRE_ECO_SOINS_COUR_AUDIO_OPT',5000,'PSP','2019-12-01','2099-12-31','',NULL,'',NULL,'',3),('INTERMEDIAIRE_ECO_SOINS_COUR_AUDIO_OPT',5010,'PSP','2019-12-01','2099-12-31','',NULL,'',NULL,'',NULL),('INTERMEDIAIRE_ECO_SOINS_COUR_AUDIO_OPT',5020,'PSP','2019-12-01','2099-12-31','100','POURCENT_BRSS','',NULL,'',NULL),('INTERMEDIAIRE_ECO_SOINS_COUR_AUDIO_OPT',5030,'PSP','2019-12-01','2099-12-31','100','POURCENT_BRSS','',NULL,'',NULL),('INTERMEDIAIRE_ECO_SOINS_COUR_AUDIO_OPT',5040,'PSP','2019-12-01','2099-12-31','100','POURCENT_BRSS','',NULL,'',NULL),('INTERMEDIAIRE_ECO_SOINS_COUR_AUDIO_OPT',5050,'PSP','2019-12-01','2099-12-31','100','POURCENT_BRSS','',NULL,'',NULL),('INTERMEDIAIRE_ECO_SOINS_COUR_AUDIO_OPT',5060,'PSP','2019-12-01','2099-12-31','',NULL,'',NULL,'',NULL),('INTERMEDIAIRE_ECO_SOINS_COUR_AUDIO_OPT',5070,'PSP','2019-12-01','2099-12-31','100','POURCENT_BRSS','',NULL,'',NULL),('INTERMEDIAIRE_ECO_SOINS_COUR_AUDIO_OPT',5080,'PSP','2019-12-01','2099-12-31','Non remboursé',NULL,'',NULL,'',NULL),('INTERMEDIAIRE_ECO_SOINS_COUR_AUDIO_OPT',5090,'PSP','2019-12-01','2099-12-31','',NULL,'',NULL,'',NULL),('INTERMEDIAIRE_ECO_SOINS_COUR_AUDIO_OPT',5100,'PSP','2019-12-01','2099-12-31','100','POURCENT_BRSS','',NULL,'',NULL),('INTERMEDIAIRE_ECO_SOINS_COUR_AUDIO_OPT',5110,'PSP','2019-12-01','2099-12-31','',NULL,'',NULL,'',NULL),('INTERMEDIAIRE_ECO_SOINS_COUR_AUDIO_OPT',5120,'PSP','2019-12-01','2099-12-31','100','POURCENT_DE','',NULL,'',NULL),('INTERMEDIAIRE_ECO_SOINS_COUR_AUDIO_OPT',5130,'PSP','2019-12-01','2099-12-31','100','POURCENT_DE','',NULL,'',NULL),('INTERMEDIAIRE_ECO_SOINS_COUR_AUDIO_OPT',5140,'PSP','2019-12-01','2099-12-31','100','POURCENT_DE','',NULL,'',NULL),('INTERMEDIAIRE_ECO_SOINS_COUR_AUDIO_OPT',5150,'PSP','2019-12-01','2099-12-31','100','POURCENT_BRSS','',NULL,'',NULL),('INTERMEDIAIRE_ECO_SOINS_COUR_AUDIO_OPT',5160,'PSP','2019-12-01','2099-12-31','',NULL,'',NULL,'',NULL),('INTERMEDIAIRE_ECO_SOINS_COUR_AUDIO_OPT',5170,'PSP','2019-12-01','2099-12-31','100','POURCENT_BRSS','',NULL,'',NULL),('INTERMEDIAIRE_ECO_SOINS_COUR_AUDIO_OPT',5180,'PSP','2019-12-01','2099-12-31','',NULL,'',NULL,'',NULL),('INTERMEDIAIRE_ECO_SOINS_COUR_AUDIO_OPT',5190,'PSP','2019-12-01','2099-12-31','100','POURCENT_BRSS','',NULL,'',NULL),('INTERMEDIAIRE_ECO_SOINS_COUR_AUDIO_OPT',5200,'PSP','2019-12-01','2099-12-31','',NULL,'',NULL,'',NULL),('INTERMEDIAIRE_ECO_SOINS_COUR_AUDIO_OPT',5210,'PSP','2019-12-01','2099-12-31','Non remboursé',NULL,'',NULL,'',NULL),('INTERMEDIAIRE_ECO_SOINS_COUR_AUDIO_OPT',5220,'PSP','2019-12-01','2099-12-31','',NULL,'',NULL,'',NULL),('INTERMEDIAIRE_ECO_SOINS_COUR_AUDIO_OPT',5230,'PSP','2019-12-01','2099-12-31','Non remboursé',NULL,'',NULL,'',NULL),('INTERMEDIAIRE_ECO_SOINS_COUR_AUDIO_OPT',5240,'PSP','2019-12-01','2099-12-31','',NULL,'',NULL,'',NULL),('INTERMEDIAIRE_ECO_SOINS_COUR_AUDIO_OPT',5250,'PSP','2019-12-01','2099-12-31','100','POURCENT_BRSS','',NULL,'',NULL),('INTERMEDIAIRE_ECO_SOINS_COUR_AUDIO_OPT',5260,'PSP','2019-12-01','2099-12-31','',NULL,'',NULL,'',NULL),('INTERMEDIAIRE_ECO_SOINS_COUR_AUDIO_OPT',5270,'PSP','2019-12-01','2099-12-31','OUI',NULL,'',NULL,'',NULL),('INTERMEDIAIRE_ECO_SOINS_COUR_AUDIO_OPT',5280,'PSP','2019-12-01','2099-12-31','500','EURO','',NULL,'',NULL),('INTERMEDIAIRE_ECO_SOINS_COUR_AUDIO_OPT',5290,'PSP','2019-12-01','2099-12-31','OUI',NULL,'',NULL,'',NULL),('INTERMEDIAIRE_ECO_SOINS_COUR_AUDIO_OPT',5300,'PSP','2019-12-01','2099-12-31','OUI',NULL,'',NULL,'',NULL),('INTERMEDIAIRE_ECO_SOINS_COUR_AUDIO_OPT',5310,'PSP','2019-12-01','2099-12-31','OUI',NULL,'',NULL,'',NULL),('INTERMEDIAIRE_ECO_SOINS_COUR_AUDIO_OPT',5320,'PSP','2019-12-01','2099-12-31','OUI',NULL,'',NULL,'',NULL);
/*!40000 ALTER TABLE `prestation` ENABLE KEYS */;
UNLOCK TABLES;

--
-- Table structure for table `produit`
--

DROP TABLE IF EXISTS `produit`;
/*!40101 SET @saved_cs_client     = @@character_set_client */;
/*!40101 SET character_set_client = utf8 */;
CREATE TABLE `produit` (
  `code` varchar(10) NOT NULL,
  `libelle` varchar(100) NOT NULL,
  PRIMARY KEY (`code`)
) ENGINE=InnoDB DEFAULT CHARSET=latin1;
/*!40101 SET character_set_client = @saved_cs_client */;

--
-- Dumping data for table `produit`
--

LOCK TABLES `produit` WRITE;
/*!40000 ALTER TABLE `produit` DISABLE KEYS */;
INSERT INTO `produit` VALUES ('PSP','PACK SANTE PARTICULIERS');
/*!40000 ALTER TABLE `produit` ENABLE KEYS */;
UNLOCK TABLES;

--
-- Table structure for table `produit_assureur`
--

DROP TABLE IF EXISTS `produit_assureur`;
/*!40101 SET @saved_cs_client     = @@character_set_client */;
/*!40101 SET character_set_client = utf8 */;
CREATE TABLE `produit_assureur` (
  `produit` varchar(10) NOT NULL,
  `assureur` varchar(10) NOT NULL,
  PRIMARY KEY (`produit`,`assureur`),
  KEY `produit_assureur_a_assureur_code_fk` (`assureur`),
  CONSTRAINT `produit_assureur_a_assureur_code_fk` FOREIGN KEY (`assureur`) REFERENCES `assureur` (`code`),
  CONSTRAINT `produit_assureur_a_produit_code_fk` FOREIGN KEY (`produit`) REFERENCES `produit` (`code`)
) ENGINE=InnoDB DEFAULT CHARSET=latin1;
/*!40101 SET character_set_client = @saved_cs_client */;

--
-- Dumping data for table `produit_assureur`
--

LOCK TABLES `produit_assureur` WRITE;
/*!40000 ALTER TABLE `produit_assureur` DISABLE KEYS */;
INSERT INTO `produit_assureur` VALUES ('PSP','MHP'),('PSP','MMH'),('PSP','RGH');
/*!40000 ALTER TABLE `produit_assureur` ENABLE KEYS */;
UNLOCK TABLES;

--
-- Table structure for table `produit_type_reduction_temporaire`
--

DROP TABLE IF EXISTS `produit_type_reduction_temporaire`;
/*!40101 SET @saved_cs_client     = @@character_set_client */;
/*!40101 SET character_set_client = utf8 */;
CREATE TABLE `produit_type_reduction_temporaire` (
  `produit` varchar(10) NOT NULL,
  `type_reduction_temporaire` varchar(50) NOT NULL,
  PRIMARY KEY (`produit`,`type_reduction_temporaire`),
  KEY `type_reduc_teporaire_a_produit_reduction_temporaire_fk` (`type_reduction_temporaire`),
  CONSTRAINT `produit_a_produit_reduction_temporaire_fk` FOREIGN KEY (`produit`) REFERENCES `produit` (`code`),
  CONSTRAINT `type_reduc_teporaire_a_produit_reduction_temporaire_fk` FOREIGN KEY (`type_reduction_temporaire`) REFERENCES `type_reduction_temporaire` (`code`)
) ENGINE=InnoDB DEFAULT CHARSET=latin1;
/*!40101 SET character_set_client = @saved_cs_client */;

--
-- Dumping data for table `produit_type_reduction_temporaire`
--

LOCK TABLES `produit_type_reduction_temporaire` WRITE;
/*!40000 ALTER TABLE `produit_type_reduction_temporaire` DISABLE KEYS */;
INSERT INTO `produit_type_reduction_temporaire` VALUES ('PSP','COMMERCIALE'),('PSP','DEFENSE');
/*!40000 ALTER TABLE `produit_type_reduction_temporaire` ENABLE KEYS */;
UNLOCK TABLES;

--
-- Table structure for table `regime_de_sante`
--

DROP TABLE IF EXISTS `regime_de_sante`;
/*!40101 SET @saved_cs_client     = @@character_set_client */;
/*!40101 SET character_set_client = utf8 */;
CREATE TABLE `regime_de_sante` (
  `code` varchar(10) NOT NULL,
  `libelle` varchar(100) NOT NULL,
  `produit` varchar(10) NOT NULL,
  PRIMARY KEY (`code`),
  KEY `regime_de_sante_a_produit_fk` (`produit`),
  CONSTRAINT `regime_de_sante_a_produit_fk` FOREIGN KEY (`produit`) REFERENCES `produit` (`code`)
) ENGINE=InnoDB DEFAULT CHARSET=latin1;
/*!40101 SET character_set_client = @saved_cs_client */;

--
-- Dumping data for table `regime_de_sante`
--

LOCK TABLES `regime_de_sante` WRITE;
/*!40000 ALTER TABLE `regime_de_sante` DISABLE KEYS */;
INSERT INTO `regime_de_sante` VALUES ('GEN','Général','PSP'),('LOC','Local','PSP');
/*!40000 ALTER TABLE `regime_de_sante` ENABLE KEYS */;
UNLOCK TABLES;

--
-- Table structure for table `tarif_dt_formule_socle`
--

DROP TABLE IF EXISTS `tarif_dt_formule_socle`;
/*!40101 SET @saved_cs_client     = @@character_set_client */;
/*!40101 SET character_set_client = utf8 */;
CREATE TABLE `tarif_dt_formule_socle` (
  `code_regime` varchar(10) NOT NULL,
  `code_formule_socle` varchar(20) NOT NULL,
  `code_produit` varchar(10) NOT NULL,
  `id_generation` bigint(20) NOT NULL,
  `age` decimal(10,0) NOT NULL,
  `tarif_mensuel` decimal(5,2) NOT NULL,
  `code_unite` varchar(50) DEFAULT NULL,
  PRIMARY KEY (`code_regime`,`code_formule_socle`,`code_produit`,`id_generation`,`age`),
  KEY `tarif_dt_formule_socle_a_formule_socle_fk` (`code_formule_socle`),
  KEY `tarif_dt_formule_socle_a_produit_fk` (`code_produit`),
  KEY `tarif_dt_formule_socle_a_unite_prestation_fk` (`code_unite`),
  KEY `tarif_dt_formule_socle_a_generation_tarif-fk` (`id_generation`),
  CONSTRAINT `tarif_dt_formule_socle_a_formule_socle_fk` FOREIGN KEY (`code_formule_socle`) REFERENCES `formule_socle` (`code`),
  CONSTRAINT `tarif_dt_formule_socle_a_generation_tarif-fk` FOREIGN KEY (`id_generation`) REFERENCES `generation_tarif` (`id`),
  CONSTRAINT `tarif_dt_formule_socle_a_produit_fk` FOREIGN KEY (`code_produit`) REFERENCES `produit` (`code`),
  CONSTRAINT `tarif_dt_formule_socle_a_regime_fk` FOREIGN KEY (`code_regime`) REFERENCES `regime_de_sante` (`code`),
  CONSTRAINT `tarif_dt_formule_socle_a_unite_prestation_fk` FOREIGN KEY (`code_unite`) REFERENCES `unite_prestation` (`code`)
) ENGINE=InnoDB DEFAULT CHARSET=latin1;
/*!40101 SET character_set_client = @saved_cs_client */;

--
-- Dumping data for table `tarif_dt_formule_socle`
--

LOCK TABLES `tarif_dt_formule_socle` WRITE;
/*!40000 ALTER TABLE `tarif_dt_formule_socle` DISABLE KEYS */;
INSERT INTO `tarif_dt_formule_socle` VALUES ('GEN','ETENDU','PSP',1,0,53.51,'EURO_PAR_MOIS'),('GEN','ETENDU','PSP',1,1,53.51,'EURO_PAR_MOIS'),('GEN','ETENDU','PSP',1,2,53.51,'EURO_PAR_MOIS'),('GEN','ETENDU','PSP',1,3,53.51,'EURO_PAR_MOIS'),('GEN','ETENDU','PSP',1,4,53.51,'EURO_PAR_MOIS'),('GEN','ETENDU','PSP',1,5,53.51,'EURO_PAR_MOIS'),('GEN','ETENDU','PSP',1,6,53.51,'EURO_PAR_MOIS'),('GEN','ETENDU','PSP',1,7,53.51,'EURO_PAR_MOIS'),('GEN','ETENDU','PSP',1,8,53.51,'EURO_PAR_MOIS'),('GEN','ETENDU','PSP',1,9,53.51,'EURO_PAR_MOIS'),('GEN','ETENDU','PSP',1,10,53.51,'EURO_PAR_MOIS'),('GEN','ETENDU','PSP',1,11,53.51,'EURO_PAR_MOIS'),('GEN','ETENDU','PSP',1,12,53.51,'EURO_PAR_MOIS'),('GEN','ETENDU','PSP',1,13,53.51,'EURO_PAR_MOIS'),('GEN','ETENDU','PSP',1,14,53.51,'EURO_PAR_MOIS'),('GEN','ETENDU','PSP',1,15,53.51,'EURO_PAR_MOIS'),('GEN','ETENDU','PSP',1,16,53.51,'EURO_PAR_MOIS'),('GEN','ETENDU','PSP',1,17,53.51,'EURO_PAR_MOIS'),('GEN','ETENDU','PSP',1,18,53.51,'EURO_PAR_MOIS'),('GEN','ETENDU','PSP',1,19,53.51,'EURO_PAR_MOIS'),('GEN','ETENDU','PSP',1,20,53.51,'EURO_PAR_MOIS'),('GEN','ETENDU','PSP',1,21,53.51,'EURO_PAR_MOIS'),('GEN','ETENDU','PSP',1,22,53.51,'EURO_PAR_MOIS'),('GEN','ETENDU','PSP',1,23,53.51,'EURO_PAR_MOIS'),('GEN','ETENDU','PSP',1,24,53.51,'EURO_PAR_MOIS'),('GEN','ETENDU','PSP',1,25,53.51,'EURO_PAR_MOIS'),('GEN','ETENDU','PSP',1,26,53.51,'EURO_PAR_MOIS'),('GEN','ETENDU','PSP',1,27,53.51,'EURO_PAR_MOIS'),('GEN','ETENDU','PSP',1,28,53.51,'EURO_PAR_MOIS'),('GEN','ETENDU','PSP',1,29,62.11,'EURO_PAR_MOIS'),('GEN','ETENDU','PSP',1,30,63.57,'EURO_PAR_MOIS'),('GEN','ETENDU','PSP',1,31,65.01,'EURO_PAR_MOIS'),('GEN','ETENDU','PSP',1,32,66.42,'EURO_PAR_MOIS'),('GEN','ETENDU','PSP',1,33,67.82,'EURO_PAR_MOIS'),('GEN','ETENDU','PSP',1,34,69.21,'EURO_PAR_MOIS'),('GEN','ETENDU','PSP',1,35,70.58,'EURO_PAR_MOIS'),('GEN','ETENDU','PSP',1,36,71.93,'EURO_PAR_MOIS'),('GEN','ETENDU','PSP',1,37,73.23,'EURO_PAR_MOIS'),('GEN','ETENDU','PSP',1,38,74.53,'EURO_PAR_MOIS'),('GEN','ETENDU','PSP',1,39,75.81,'EURO_PAR_MOIS'),('GEN','ETENDU','PSP',1,40,77.06,'EURO_PAR_MOIS'),('GEN','ETENDU','PSP',1,41,78.34,'EURO_PAR_MOIS'),('GEN','ETENDU','PSP',1,42,79.60,'EURO_PAR_MOIS'),('GEN','ETENDU','PSP',1,43,80.83,'EURO_PAR_MOIS'),('GEN','ETENDU','PSP',1,44,82.09,'EURO_PAR_MOIS'),('GEN','ETENDU','PSP',1,45,83.34,'EURO_PAR_MOIS'),('GEN','ETENDU','PSP',1,46,84.62,'EURO_PAR_MOIS'),('GEN','ETENDU','PSP',1,47,85.88,'EURO_PAR_MOIS'),('GEN','ETENDU','PSP',1,48,86.95,'EURO_PAR_MOIS'),('GEN','ETENDU','PSP',1,49,88.03,'EURO_PAR_MOIS'),('GEN','ETENDU','PSP',1,50,88.72,'EURO_PAR_MOIS'),('GEN','ETENDU','PSP',1,51,89.41,'EURO_PAR_MOIS'),('GEN','ETENDU','PSP',1,52,90.14,'EURO_PAR_MOIS'),('GEN','ETENDU','PSP',1,53,90.89,'EURO_PAR_MOIS'),('GEN','ETENDU','PSP',1,54,92.11,'EURO_PAR_MOIS'),('GEN','ETENDU','PSP',1,55,93.38,'EURO_PAR_MOIS'),('GEN','ETENDU','PSP',1,56,94.62,'EURO_PAR_MOIS'),('GEN','ETENDU','PSP',1,57,95.81,'EURO_PAR_MOIS'),('GEN','ETENDU','PSP',1,58,97.01,'EURO_PAR_MOIS'),('GEN','ETENDU','PSP',1,59,98.16,'EURO_PAR_MOIS'),('GEN','ETENDU','PSP',1,60,99.29,'EURO_PAR_MOIS'),('GEN','ETENDU','PSP',1,61,101.75,'EURO_PAR_MOIS'),('GEN','ETENDU','PSP',1,62,104.27,'EURO_PAR_MOIS'),('GEN','ETENDU','PSP',1,63,107.36,'EURO_PAR_MOIS'),('GEN','ETENDU','PSP',1,64,110.56,'EURO_PAR_MOIS'),('GEN','ETENDU','PSP',1,65,113.84,'EURO_PAR_MOIS'),('GEN','ETENDU','PSP',1,66,117.23,'EURO_PAR_MOIS'),('GEN','ETENDU','PSP',1,67,120.72,'EURO_PAR_MOIS'),('GEN','ETENDU','PSP',1,68,124.31,'EURO_PAR_MOIS'),('GEN','ETENDU','PSP',1,69,128.01,'EURO_PAR_MOIS'),('GEN','ETENDU','PSP',1,70,131.51,'EURO_PAR_MOIS'),('GEN','ETENDU','PSP',1,71,135.10,'EURO_PAR_MOIS'),('GEN','ETENDU','PSP',1,72,138.78,'EURO_PAR_MOIS'),('GEN','ETENDU','PSP',1,73,142.58,'EURO_PAR_MOIS'),('GEN','ETENDU','PSP',1,74,146.47,'EURO_PAR_MOIS'),('GEN','ETENDU','PSP',1,75,150.47,'EURO_PAR_MOIS'),('GEN','ETENDU','PSP',1,76,154.58,'EURO_PAR_MOIS'),('GEN','ETENDU','PSP',1,77,158.81,'EURO_PAR_MOIS'),('GEN','ETENDU','PSP',1,78,163.15,'EURO_PAR_MOIS'),('GEN','ETENDU','PSP',1,79,167.61,'EURO_PAR_MOIS'),('GEN','ETENDU','PSP',1,80,192.74,'EURO_PAR_MOIS'),('GEN','ETENDU','PSP',1,81,197.53,'EURO_PAR_MOIS'),('GEN','ETENDU','PSP',1,82,202.45,'EURO_PAR_MOIS'),('GEN','ETENDU','PSP',1,83,207.49,'EURO_PAR_MOIS'),('GEN','ETENDU','PSP',1,84,212.65,'EURO_PAR_MOIS'),('GEN','ETENDU','PSP',1,85,217.94,'EURO_PAR_MOIS'),('GEN','ETENDU','PSP',1,86,223.37,'EURO_PAR_MOIS'),('GEN','ETENDU','PSP',1,87,228.92,'EURO_PAR_MOIS'),('GEN','ETENDU','PSP',1,88,234.63,'EURO_PAR_MOIS'),('GEN','ETENDU','PSP',1,89,240.46,'EURO_PAR_MOIS'),('GEN','ETENDU','PSP',1,90,246.45,'EURO_PAR_MOIS'),('GEN','ETENDU','PSP',2,0,57.71,'EURO_PAR_MOIS'),('GEN','ETENDU','PSP',2,1,57.71,'EURO_PAR_MOIS'),('GEN','ETENDU','PSP',2,2,57.71,'EURO_PAR_MOIS'),('GEN','ETENDU','PSP',2,3,57.71,'EURO_PAR_MOIS'),('GEN','ETENDU','PSP',2,4,57.71,'EURO_PAR_MOIS'),('GEN','ETENDU','PSP',2,5,57.71,'EURO_PAR_MOIS'),('GEN','ETENDU','PSP',2,6,57.71,'EURO_PAR_MOIS'),('GEN','ETENDU','PSP',2,7,57.71,'EURO_PAR_MOIS'),('GEN','ETENDU','PSP',2,8,57.71,'EURO_PAR_MOIS'),('GEN','ETENDU','PSP',2,9,57.71,'EURO_PAR_MOIS'),('GEN','ETENDU','PSP',2,10,57.71,'EURO_PAR_MOIS'),('GEN','ETENDU','PSP',2,11,57.71,'EURO_PAR_MOIS'),('GEN','ETENDU','PSP',2,12,57.71,'EURO_PAR_MOIS'),('GEN','ETENDU','PSP',2,13,57.71,'EURO_PAR_MOIS'),('GEN','ETENDU','PSP',2,14,57.71,'EURO_PAR_MOIS'),('GEN','ETENDU','PSP',2,15,57.71,'EURO_PAR_MOIS'),('GEN','ETENDU','PSP',2,16,57.71,'EURO_PAR_MOIS'),('GEN','ETENDU','PSP',2,17,57.71,'EURO_PAR_MOIS'),('GEN','ETENDU','PSP',2,18,57.71,'EURO_PAR_MOIS'),('GEN','ETENDU','PSP',2,19,57.87,'EURO_PAR_MOIS'),('GEN','ETENDU','PSP',2,20,58.03,'EURO_PAR_MOIS'),('GEN','ETENDU','PSP',2,21,59.24,'EURO_PAR_MOIS'),('GEN','ETENDU','PSP',2,22,60.55,'EURO_PAR_MOIS'),('GEN','ETENDU','PSP',2,23,61.99,'EURO_PAR_MOIS'),('GEN','ETENDU','PSP',2,24,63.50,'EURO_PAR_MOIS'),('GEN','ETENDU','PSP',2,25,64.68,'EURO_PAR_MOIS'),('GEN','ETENDU','PSP',2,26,65.86,'EURO_PAR_MOIS'),('GEN','ETENDU','PSP',2,27,67.10,'EURO_PAR_MOIS'),('GEN','ETENDU','PSP',2,28,68.40,'EURO_PAR_MOIS'),('GEN','ETENDU','PSP',2,29,69.75,'EURO_PAR_MOIS'),('GEN','ETENDU','PSP',2,30,71.39,'EURO_PAR_MOIS'),('GEN','ETENDU','PSP',2,31,73.01,'EURO_PAR_MOIS'),('GEN','ETENDU','PSP',2,32,74.60,'EURO_PAR_MOIS'),('GEN','ETENDU','PSP',2,33,76.17,'EURO_PAR_MOIS'),('GEN','ETENDU','PSP',2,34,77.74,'EURO_PAR_MOIS'),('GEN','ETENDU','PSP',2,35,79.28,'EURO_PAR_MOIS'),('GEN','ETENDU','PSP',2,36,80.79,'EURO_PAR_MOIS'),('GEN','ETENDU','PSP',2,37,82.26,'EURO_PAR_MOIS'),('GEN','ETENDU','PSP',2,38,83.72,'EURO_PAR_MOIS'),('GEN','ETENDU','PSP',2,39,85.16,'EURO_PAR_MOIS'),('GEN','ETENDU','PSP',2,40,86.57,'EURO_PAR_MOIS'),('GEN','ETENDU','PSP',2,41,87.35,'EURO_PAR_MOIS'),('GEN','ETENDU','PSP',2,42,88.14,'EURO_PAR_MOIS'),('GEN','ETENDU','PSP',2,43,88.93,'EURO_PAR_MOIS'),('GEN','ETENDU','PSP',2,44,89.73,'EURO_PAR_MOIS'),('GEN','ETENDU','PSP',2,45,90.54,'EURO_PAR_MOIS'),('GEN','ETENDU','PSP',2,46,91.93,'EURO_PAR_MOIS'),('GEN','ETENDU','PSP',2,47,93.30,'EURO_PAR_MOIS'),('GEN','ETENDU','PSP',2,48,94.46,'EURO_PAR_MOIS'),('GEN','ETENDU','PSP',2,49,95.64,'EURO_PAR_MOIS'),('GEN','ETENDU','PSP',2,50,96.38,'EURO_PAR_MOIS'),('GEN','ETENDU','PSP',2,51,97.14,'EURO_PAR_MOIS'),('GEN','ETENDU','PSP',2,52,97.93,'EURO_PAR_MOIS'),('GEN','ETENDU','PSP',2,53,98.75,'EURO_PAR_MOIS'),('GEN','ETENDU','PSP',2,54,100.08,'EURO_PAR_MOIS'),('GEN','ETENDU','PSP',2,55,101.45,'EURO_PAR_MOIS'),('GEN','ETENDU','PSP',2,56,102.80,'EURO_PAR_MOIS'),('GEN','ETENDU','PSP',2,57,104.10,'EURO_PAR_MOIS'),('GEN','ETENDU','PSP',2,58,105.40,'EURO_PAR_MOIS'),('GEN','ETENDU','PSP',2,59,106.65,'EURO_PAR_MOIS'),('GEN','ETENDU','PSP',2,60,107.88,'EURO_PAR_MOIS'),('GEN','ETENDU','PSP',2,61,110.55,'EURO_PAR_MOIS'),('GEN','ETENDU','PSP',2,62,113.29,'EURO_PAR_MOIS'),('GEN','ETENDU','PSP',2,63,116.66,'EURO_PAR_MOIS'),('GEN','ETENDU','PSP',2,64,120.13,'EURO_PAR_MOIS'),('GEN','ETENDU','PSP',2,65,123.71,'EURO_PAR_MOIS'),('GEN','ETENDU','PSP',2,66,127.39,'EURO_PAR_MOIS'),('GEN','ETENDU','PSP',2,67,131.18,'EURO_PAR_MOIS'),('GEN','ETENDU','PSP',2,68,135.09,'EURO_PAR_MOIS'),('GEN','ETENDU','PSP',2,69,139.11,'EURO_PAR_MOIS'),('GEN','ETENDU','PSP',2,70,142.91,'EURO_PAR_MOIS'),('GEN','ETENDU','PSP',2,71,146.82,'EURO_PAR_MOIS'),('GEN','ETENDU','PSP',2,72,150.83,'EURO_PAR_MOIS'),('GEN','ETENDU','PSP',2,73,154.95,'EURO_PAR_MOIS'),('GEN','ETENDU','PSP',2,74,159.18,'EURO_PAR_MOIS'),('GEN','ETENDU','PSP',2,75,163.53,'EURO_PAR_MOIS'),('GEN','ETENDU','PSP',2,76,168.00,'EURO_PAR_MOIS'),('GEN','ETENDU','PSP',2,77,172.60,'EURO_PAR_MOIS'),('GEN','ETENDU','PSP',2,78,177.32,'EURO_PAR_MOIS'),('GEN','ETENDU','PSP',2,79,182.17,'EURO_PAR_MOIS'),('GEN','ETENDU','PSP',2,80,187.15,'EURO_PAR_MOIS'),('GEN','ETENDU','PSP',2,81,191.81,'EURO_PAR_MOIS'),('GEN','ETENDU','PSP',2,82,196.58,'EURO_PAR_MOIS'),('GEN','ETENDU','PSP',2,83,201.47,'EURO_PAR_MOIS'),('GEN','ETENDU','PSP',2,84,206.48,'EURO_PAR_MOIS'),('GEN','ETENDU','PSP',2,85,211.62,'EURO_PAR_MOIS'),('GEN','ETENDU','PSP',2,86,216.89,'EURO_PAR_MOIS'),('GEN','ETENDU','PSP',2,87,222.28,'EURO_PAR_MOIS'),('GEN','ETENDU','PSP',2,88,227.82,'EURO_PAR_MOIS'),('GEN','ETENDU','PSP',2,89,233.49,'EURO_PAR_MOIS'),('GEN','ETENDU','PSP',2,90,239.30,'EURO_PAR_MOIS'),('GEN','HOSPI','PSP',1,0,10.65,'EURO_PAR_MOIS'),('GEN','HOSPI','PSP',1,1,10.65,'EURO_PAR_MOIS'),('GEN','HOSPI','PSP',1,2,10.65,'EURO_PAR_MOIS'),('GEN','HOSPI','PSP',1,3,10.65,'EURO_PAR_MOIS'),('GEN','HOSPI','PSP',1,4,10.65,'EURO_PAR_MOIS'),('GEN','HOSPI','PSP',1,5,10.65,'EURO_PAR_MOIS'),('GEN','HOSPI','PSP',1,6,10.65,'EURO_PAR_MOIS'),('GEN','HOSPI','PSP',1,7,10.65,'EURO_PAR_MOIS'),('GEN','HOSPI','PSP',1,8,10.65,'EURO_PAR_MOIS'),('GEN','HOSPI','PSP',1,9,10.65,'EURO_PAR_MOIS'),('GEN','HOSPI','PSP',1,10,10.65,'EURO_PAR_MOIS'),('GEN','HOSPI','PSP',1,11,10.65,'EURO_PAR_MOIS'),('GEN','HOSPI','PSP',1,12,10.65,'EURO_PAR_MOIS'),('GEN','HOSPI','PSP',1,13,10.65,'EURO_PAR_MOIS'),('GEN','HOSPI','PSP',1,14,10.65,'EURO_PAR_MOIS'),('GEN','HOSPI','PSP',1,15,10.65,'EURO_PAR_MOIS'),('GEN','HOSPI','PSP',1,16,10.65,'EURO_PAR_MOIS'),('GEN','HOSPI','PSP',1,17,10.65,'EURO_PAR_MOIS'),('GEN','HOSPI','PSP',1,18,10.65,'EURO_PAR_MOIS'),('GEN','HOSPI','PSP',1,19,10.65,'EURO_PAR_MOIS'),('GEN','HOSPI','PSP',1,20,10.65,'EURO_PAR_MOIS'),('GEN','HOSPI','PSP',1,21,10.65,'EURO_PAR_MOIS'),('GEN','HOSPI','PSP',1,22,10.65,'EURO_PAR_MOIS'),('GEN','HOSPI','PSP',1,23,10.65,'EURO_PAR_MOIS'),('GEN','HOSPI','PSP',1,24,10.65,'EURO_PAR_MOIS'),('GEN','HOSPI','PSP',1,25,10.65,'EURO_PAR_MOIS'),('GEN','HOSPI','PSP',1,26,10.65,'EURO_PAR_MOIS'),('GEN','HOSPI','PSP',1,27,10.65,'EURO_PAR_MOIS'),('GEN','HOSPI','PSP',1,28,10.65,'EURO_PAR_MOIS'),('GEN','HOSPI','PSP',1,29,12.24,'EURO_PAR_MOIS'),('GEN','HOSPI','PSP',1,30,12.51,'EURO_PAR_MOIS'),('GEN','HOSPI','PSP',1,31,12.78,'EURO_PAR_MOIS'),('GEN','HOSPI','PSP',1,32,13.05,'EURO_PAR_MOIS'),('GEN','HOSPI','PSP',1,33,13.30,'EURO_PAR_MOIS'),('GEN','HOSPI','PSP',1,34,13.55,'EURO_PAR_MOIS'),('GEN','HOSPI','PSP',1,35,13.80,'EURO_PAR_MOIS'),('GEN','HOSPI','PSP',1,36,14.05,'EURO_PAR_MOIS'),('GEN','HOSPI','PSP',1,37,14.28,'EURO_PAR_MOIS'),('GEN','HOSPI','PSP',1,38,14.51,'EURO_PAR_MOIS'),('GEN','HOSPI','PSP',1,39,14.74,'EURO_PAR_MOIS'),('GEN','HOSPI','PSP',1,40,14.97,'EURO_PAR_MOIS'),('GEN','HOSPI','PSP',1,41,15.20,'EURO_PAR_MOIS'),('GEN','HOSPI','PSP',1,42,15.43,'EURO_PAR_MOIS'),('GEN','HOSPI','PSP',1,43,15.66,'EURO_PAR_MOIS'),('GEN','HOSPI','PSP',1,44,15.89,'EURO_PAR_MOIS'),('GEN','HOSPI','PSP',1,45,16.12,'EURO_PAR_MOIS'),('GEN','HOSPI','PSP',1,46,16.35,'EURO_PAR_MOIS'),('GEN','HOSPI','PSP',1,47,16.58,'EURO_PAR_MOIS'),('GEN','HOSPI','PSP',1,48,16.81,'EURO_PAR_MOIS'),('GEN','HOSPI','PSP',1,49,17.06,'EURO_PAR_MOIS'),('GEN','HOSPI','PSP',1,50,17.31,'EURO_PAR_MOIS'),('GEN','HOSPI','PSP',1,51,17.56,'EURO_PAR_MOIS'),('GEN','HOSPI','PSP',1,52,17.83,'EURO_PAR_MOIS'),('GEN','HOSPI','PSP',1,53,18.10,'EURO_PAR_MOIS'),('GEN','HOSPI','PSP',1,54,18.47,'EURO_PAR_MOIS'),('GEN','HOSPI','PSP',1,55,18.83,'EURO_PAR_MOIS'),('GEN','HOSPI','PSP',1,56,19.20,'EURO_PAR_MOIS'),('GEN','HOSPI','PSP',1,57,19.56,'EURO_PAR_MOIS'),('GEN','HOSPI','PSP',1,58,19.93,'EURO_PAR_MOIS'),('GEN','HOSPI','PSP',1,59,20.29,'EURO_PAR_MOIS'),('GEN','HOSPI','PSP',1,60,20.66,'EURO_PAR_MOIS'),('GEN','HOSPI','PSP',1,61,21.05,'EURO_PAR_MOIS'),('GEN','HOSPI','PSP',1,62,21.45,'EURO_PAR_MOIS'),('GEN','HOSPI','PSP',1,63,21.86,'EURO_PAR_MOIS'),('GEN','HOSPI','PSP',1,64,22.28,'EURO_PAR_MOIS'),('GEN','HOSPI','PSP',1,65,22.71,'EURO_PAR_MOIS'),('GEN','HOSPI','PSP',1,66,23.14,'EURO_PAR_MOIS'),('GEN','HOSPI','PSP',1,67,23.59,'EURO_PAR_MOIS'),('GEN','HOSPI','PSP',1,68,24.04,'EURO_PAR_MOIS'),('GEN','HOSPI','PSP',1,69,24.50,'EURO_PAR_MOIS'),('GEN','HOSPI','PSP',1,70,24.97,'EURO_PAR_MOIS'),('GEN','HOSPI','PSP',1,71,25.45,'EURO_PAR_MOIS'),('GEN','HOSPI','PSP',1,72,25.94,'EURO_PAR_MOIS'),('GEN','HOSPI','PSP',1,73,26.44,'EURO_PAR_MOIS'),('GEN','HOSPI','PSP',1,74,26.95,'EURO_PAR_MOIS'),('GEN','HOSPI','PSP',1,75,27.47,'EURO_PAR_MOIS'),('GEN','HOSPI','PSP',1,76,28.00,'EURO_PAR_MOIS'),('GEN','HOSPI','PSP',1,77,28.54,'EURO_PAR_MOIS'),('GEN','HOSPI','PSP',1,78,29.09,'EURO_PAR_MOIS'),('GEN','HOSPI','PSP',1,79,29.66,'EURO_PAR_MOIS'),('GEN','HOSPI','PSP',1,80,33.74,'EURO_PAR_MOIS'),('GEN','HOSPI','PSP',1,81,34.56,'EURO_PAR_MOIS'),('GEN','HOSPI','PSP',1,82,35.40,'EURO_PAR_MOIS'),('GEN','HOSPI','PSP',1,83,36.26,'EURO_PAR_MOIS'),('GEN','HOSPI','PSP',1,84,37.15,'EURO_PAR_MOIS'),('GEN','HOSPI','PSP',1,85,38.05,'EURO_PAR_MOIS'),('GEN','HOSPI','PSP',1,86,38.97,'EURO_PAR_MOIS'),('GEN','HOSPI','PSP',1,87,39.92,'EURO_PAR_MOIS'),('GEN','HOSPI','PSP',1,88,40.90,'EURO_PAR_MOIS'),('GEN','HOSPI','PSP',1,89,41.90,'EURO_PAR_MOIS'),('GEN','HOSPI','PSP',1,90,42.93,'EURO_PAR_MOIS'),('GEN','HOSPI','PSP',2,0,11.43,'EURO_PAR_MOIS'),('GEN','HOSPI','PSP',2,1,11.43,'EURO_PAR_MOIS'),('GEN','HOSPI','PSP',2,2,11.43,'EURO_PAR_MOIS'),('GEN','HOSPI','PSP',2,3,11.43,'EURO_PAR_MOIS'),('GEN','HOSPI','PSP',2,4,11.43,'EURO_PAR_MOIS'),('GEN','HOSPI','PSP',2,5,11.43,'EURO_PAR_MOIS'),('GEN','HOSPI','PSP',2,6,11.43,'EURO_PAR_MOIS'),('GEN','HOSPI','PSP',2,7,11.43,'EURO_PAR_MOIS'),('GEN','HOSPI','PSP',2,8,11.43,'EURO_PAR_MOIS'),('GEN','HOSPI','PSP',2,9,11.43,'EURO_PAR_MOIS'),('GEN','HOSPI','PSP',2,10,11.43,'EURO_PAR_MOIS'),('GEN','HOSPI','PSP',2,11,11.43,'EURO_PAR_MOIS'),('GEN','HOSPI','PSP',2,12,11.43,'EURO_PAR_MOIS'),('GEN','HOSPI','PSP',2,13,11.43,'EURO_PAR_MOIS'),('GEN','HOSPI','PSP',2,14,11.43,'EURO_PAR_MOIS'),('GEN','HOSPI','PSP',2,15,11.43,'EURO_PAR_MOIS'),('GEN','HOSPI','PSP',2,16,11.43,'EURO_PAR_MOIS'),('GEN','HOSPI','PSP',2,17,11.43,'EURO_PAR_MOIS'),('GEN','HOSPI','PSP',2,18,11.43,'EURO_PAR_MOIS'),('GEN','HOSPI','PSP',2,19,11.46,'EURO_PAR_MOIS'),('GEN','HOSPI','PSP',2,20,11.49,'EURO_PAR_MOIS'),('GEN','HOSPI','PSP',2,21,11.71,'EURO_PAR_MOIS'),('GEN','HOSPI','PSP',2,22,11.95,'EURO_PAR_MOIS'),('GEN','HOSPI','PSP',2,23,12.22,'EURO_PAR_MOIS'),('GEN','HOSPI','PSP',2,24,12.50,'EURO_PAR_MOIS'),('GEN','HOSPI','PSP',2,25,12.71,'EURO_PAR_MOIS'),('GEN','HOSPI','PSP',2,26,12.93,'EURO_PAR_MOIS'),('GEN','HOSPI','PSP',2,27,13.16,'EURO_PAR_MOIS'),('GEN','HOSPI','PSP',2,28,13.40,'EURO_PAR_MOIS'),('GEN','HOSPI','PSP',2,29,13.65,'EURO_PAR_MOIS'),('GEN','HOSPI','PSP',2,30,13.95,'EURO_PAR_MOIS'),('GEN','HOSPI','PSP',2,31,14.26,'EURO_PAR_MOIS'),('GEN','HOSPI','PSP',2,32,14.56,'EURO_PAR_MOIS'),('GEN','HOSPI','PSP',2,33,14.84,'EURO_PAR_MOIS'),('GEN','HOSPI','PSP',2,34,15.12,'EURO_PAR_MOIS'),('GEN','HOSPI','PSP',2,35,15.40,'EURO_PAR_MOIS'),('GEN','HOSPI','PSP',2,36,15.68,'EURO_PAR_MOIS'),('GEN','HOSPI','PSP',2,37,15.94,'EURO_PAR_MOIS'),('GEN','HOSPI','PSP',2,38,16.20,'EURO_PAR_MOIS'),('GEN','HOSPI','PSP',2,39,16.46,'EURO_PAR_MOIS'),('GEN','HOSPI','PSP',2,40,16.72,'EURO_PAR_MOIS'),('GEN','HOSPI','PSP',2,41,16.86,'EURO_PAR_MOIS'),('GEN','HOSPI','PSP',2,42,17.01,'EURO_PAR_MOIS'),('GEN','HOSPI','PSP',2,43,17.15,'EURO_PAR_MOIS'),('GEN','HOSPI','PSP',2,44,17.30,'EURO_PAR_MOIS'),('GEN','HOSPI','PSP',2,45,17.45,'EURO_PAR_MOIS'),('GEN','HOSPI','PSP',2,46,17.70,'EURO_PAR_MOIS'),('GEN','HOSPI','PSP',2,47,17.95,'EURO_PAR_MOIS'),('GEN','HOSPI','PSP',2,48,18.20,'EURO_PAR_MOIS'),('GEN','HOSPI','PSP',2,49,18.47,'EURO_PAR_MOIS'),('GEN','HOSPI','PSP',2,50,18.74,'EURO_PAR_MOIS'),('GEN','HOSPI','PSP',2,51,19.01,'EURO_PAR_MOIS'),('GEN','HOSPI','PSP',2,52,19.31,'EURO_PAR_MOIS'),('GEN','HOSPI','PSP',2,53,19.60,'EURO_PAR_MOIS'),('GEN','HOSPI','PSP',2,54,20.00,'EURO_PAR_MOIS'),('GEN','HOSPI','PSP',2,55,20.39,'EURO_PAR_MOIS'),('GEN','HOSPI','PSP',2,56,20.79,'EURO_PAR_MOIS'),('GEN','HOSPI','PSP',2,57,21.19,'EURO_PAR_MOIS'),('GEN','HOSPI','PSP',2,58,21.58,'EURO_PAR_MOIS'),('GEN','HOSPI','PSP',2,59,21.98,'EURO_PAR_MOIS'),('GEN','HOSPI','PSP',2,60,22.38,'EURO_PAR_MOIS'),('GEN','HOSPI','PSP',2,61,22.81,'EURO_PAR_MOIS'),('GEN','HOSPI','PSP',2,62,23.24,'EURO_PAR_MOIS'),('GEN','HOSPI','PSP',2,63,23.69,'EURO_PAR_MOIS'),('GEN','HOSPI','PSP',2,64,24.14,'EURO_PAR_MOIS'),('GEN','HOSPI','PSP',2,65,24.61,'EURO_PAR_MOIS'),('GEN','HOSPI','PSP',2,66,25.08,'EURO_PAR_MOIS'),('GEN','HOSPI','PSP',2,67,25.56,'EURO_PAR_MOIS'),('GEN','HOSPI','PSP',2,68,26.06,'EURO_PAR_MOIS'),('GEN','HOSPI','PSP',2,69,26.56,'EURO_PAR_MOIS'),('GEN','HOSPI','PSP',2,70,27.07,'EURO_PAR_MOIS'),('GEN','HOSPI','PSP',2,71,27.59,'EURO_PAR_MOIS'),('GEN','HOSPI','PSP',2,72,28.12,'EURO_PAR_MOIS'),('GEN','HOSPI','PSP',2,73,28.67,'EURO_PAR_MOIS'),('GEN','HOSPI','PSP',2,74,29.22,'EURO_PAR_MOIS'),('GEN','HOSPI','PSP',2,75,29.79,'EURO_PAR_MOIS'),('GEN','HOSPI','PSP',2,76,30.36,'EURO_PAR_MOIS'),('GEN','HOSPI','PSP',2,77,30.95,'EURO_PAR_MOIS'),('GEN','HOSPI','PSP',2,78,31.55,'EURO_PAR_MOIS'),('GEN','HOSPI','PSP',2,79,32.16,'EURO_PAR_MOIS'),('GEN','HOSPI','PSP',2,80,32.79,'EURO_PAR_MOIS'),('GEN','HOSPI','PSP',2,81,33.58,'EURO_PAR_MOIS'),('GEN','HOSPI','PSP',2,82,34.40,'EURO_PAR_MOIS'),('GEN','HOSPI','PSP',2,83,35.23,'EURO_PAR_MOIS'),('GEN','HOSPI','PSP',2,84,36.09,'EURO_PAR_MOIS'),('GEN','HOSPI','PSP',2,85,36.97,'EURO_PAR_MOIS'),('GEN','HOSPI','PSP',2,86,37.87,'EURO_PAR_MOIS'),('GEN','HOSPI','PSP',2,87,38.79,'EURO_PAR_MOIS'),('GEN','HOSPI','PSP',2,88,39.74,'EURO_PAR_MOIS'),('GEN','HOSPI','PSP',2,89,40.71,'EURO_PAR_MOIS'),('GEN','HOSPI','PSP',2,90,41.70,'EURO_PAR_MOIS'),('GEN','INITIAL','PSP',1,0,24.62,'EURO_PAR_MOIS'),('GEN','INITIAL','PSP',1,1,24.62,'EURO_PAR_MOIS'),('GEN','INITIAL','PSP',1,2,24.62,'EURO_PAR_MOIS'),('GEN','INITIAL','PSP',1,3,24.62,'EURO_PAR_MOIS'),('GEN','INITIAL','PSP',1,4,24.62,'EURO_PAR_MOIS'),('GEN','INITIAL','PSP',1,5,24.62,'EURO_PAR_MOIS'),('GEN','INITIAL','PSP',1,6,24.62,'EURO_PAR_MOIS'),('GEN','INITIAL','PSP',1,7,24.62,'EURO_PAR_MOIS'),('GEN','INITIAL','PSP',1,8,24.62,'EURO_PAR_MOIS'),('GEN','INITIAL','PSP',1,9,24.62,'EURO_PAR_MOIS'),('GEN','INITIAL','PSP',1,10,24.62,'EURO_PAR_MOIS'),('GEN','INITIAL','PSP',1,11,24.62,'EURO_PAR_MOIS'),('GEN','INITIAL','PSP',1,12,24.62,'EURO_PAR_MOIS'),('GEN','INITIAL','PSP',1,13,24.62,'EURO_PAR_MOIS'),('GEN','INITIAL','PSP',1,14,24.62,'EURO_PAR_MOIS'),('GEN','INITIAL','PSP',1,15,24.62,'EURO_PAR_MOIS'),('GEN','INITIAL','PSP',1,16,24.62,'EURO_PAR_MOIS'),('GEN','INITIAL','PSP',1,17,24.62,'EURO_PAR_MOIS'),('GEN','INITIAL','PSP',1,18,24.62,'EURO_PAR_MOIS'),('GEN','INITIAL','PSP',1,19,24.62,'EURO_PAR_MOIS'),('GEN','INITIAL','PSP',1,20,24.62,'EURO_PAR_MOIS'),('GEN','INITIAL','PSP',1,21,24.62,'EURO_PAR_MOIS'),('GEN','INITIAL','PSP',1,22,24.62,'EURO_PAR_MOIS'),('GEN','INITIAL','PSP',1,23,24.62,'EURO_PAR_MOIS'),('GEN','INITIAL','PSP',1,24,24.62,'EURO_PAR_MOIS'),('GEN','INITIAL','PSP',1,25,24.62,'EURO_PAR_MOIS'),('GEN','INITIAL','PSP',1,26,24.62,'EURO_PAR_MOIS'),('GEN','INITIAL','PSP',1,27,24.62,'EURO_PAR_MOIS'),('GEN','INITIAL','PSP',1,28,24.62,'EURO_PAR_MOIS'),('GEN','INITIAL','PSP',1,29,28.48,'EURO_PAR_MOIS'),('GEN','INITIAL','PSP',1,30,29.15,'EURO_PAR_MOIS'),('GEN','INITIAL','PSP',1,31,29.79,'EURO_PAR_MOIS'),('GEN','INITIAL','PSP',1,32,30.43,'EURO_PAR_MOIS'),('GEN','INITIAL','PSP',1,33,31.06,'EURO_PAR_MOIS'),('GEN','INITIAL','PSP',1,34,31.68,'EURO_PAR_MOIS'),('GEN','INITIAL','PSP',1,35,32.30,'EURO_PAR_MOIS'),('GEN','INITIAL','PSP',1,36,32.90,'EURO_PAR_MOIS'),('GEN','INITIAL','PSP',1,37,33.49,'EURO_PAR_MOIS'),('GEN','INITIAL','PSP',1,38,34.08,'EURO_PAR_MOIS'),('GEN','INITIAL','PSP',1,39,34.67,'EURO_PAR_MOIS'),('GEN','INITIAL','PSP',1,40,35.24,'EURO_PAR_MOIS'),('GEN','INITIAL','PSP',1,41,35.81,'EURO_PAR_MOIS'),('GEN','INITIAL','PSP',1,42,36.37,'EURO_PAR_MOIS'),('GEN','INITIAL','PSP',1,43,36.93,'EURO_PAR_MOIS'),('GEN','INITIAL','PSP',1,44,37.50,'EURO_PAR_MOIS'),('GEN','INITIAL','PSP',1,45,38.06,'EURO_PAR_MOIS'),('GEN','INITIAL','PSP',1,46,38.64,'EURO_PAR_MOIS'),('GEN','INITIAL','PSP',1,47,39.19,'EURO_PAR_MOIS'),('GEN','INITIAL','PSP',1,48,39.77,'EURO_PAR_MOIS'),('GEN','INITIAL','PSP',1,49,40.36,'EURO_PAR_MOIS'),('GEN','INITIAL','PSP',1,50,40.96,'EURO_PAR_MOIS'),('GEN','INITIAL','PSP',1,51,41.58,'EURO_PAR_MOIS'),('GEN','INITIAL','PSP',1,52,42.21,'EURO_PAR_MOIS'),('GEN','INITIAL','PSP',1,53,42.88,'EURO_PAR_MOIS'),('GEN','INITIAL','PSP',1,54,43.77,'EURO_PAR_MOIS'),('GEN','INITIAL','PSP',1,55,44.67,'EURO_PAR_MOIS'),('GEN','INITIAL','PSP',1,56,45.59,'EURO_PAR_MOIS'),('GEN','INITIAL','PSP',1,57,46.50,'EURO_PAR_MOIS'),('GEN','INITIAL','PSP',1,58,47.42,'EURO_PAR_MOIS'),('GEN','INITIAL','PSP',1,59,48.32,'EURO_PAR_MOIS'),('GEN','INITIAL','PSP',1,60,49.23,'EURO_PAR_MOIS'),('GEN','INITIAL','PSP',1,61,50.19,'EURO_PAR_MOIS'),('GEN','INITIAL','PSP',1,62,51.18,'EURO_PAR_MOIS'),('GEN','INITIAL','PSP',1,63,52.18,'EURO_PAR_MOIS'),('GEN','INITIAL','PSP',1,64,53.21,'EURO_PAR_MOIS'),('GEN','INITIAL','PSP',1,65,54.25,'EURO_PAR_MOIS'),('GEN','INITIAL','PSP',1,66,55.32,'EURO_PAR_MOIS'),('GEN','INITIAL','PSP',1,67,56.41,'EURO_PAR_MOIS'),('GEN','INITIAL','PSP',1,68,57.51,'EURO_PAR_MOIS'),('GEN','INITIAL','PSP',1,69,58.65,'EURO_PAR_MOIS'),('GEN','INITIAL','PSP',1,70,59.80,'EURO_PAR_MOIS'),('GEN','INITIAL','PSP',1,71,60.98,'EURO_PAR_MOIS'),('GEN','INITIAL','PSP',1,72,62.18,'EURO_PAR_MOIS'),('GEN','INITIAL','PSP',1,73,63.40,'EURO_PAR_MOIS'),('GEN','INITIAL','PSP',1,74,64.65,'EURO_PAR_MOIS'),('GEN','INITIAL','PSP',1,75,65.92,'EURO_PAR_MOIS'),('GEN','INITIAL','PSP',1,76,67.22,'EURO_PAR_MOIS'),('GEN','INITIAL','PSP',1,77,68.55,'EURO_PAR_MOIS'),('GEN','INITIAL','PSP',1,78,69.90,'EURO_PAR_MOIS'),('GEN','INITIAL','PSP',1,79,71.28,'EURO_PAR_MOIS'),('GEN','INITIAL','PSP',1,80,81.29,'EURO_PAR_MOIS'),('GEN','INITIAL','PSP',1,81,83.30,'EURO_PAR_MOIS'),('GEN','INITIAL','PSP',1,82,85.36,'EURO_PAR_MOIS'),('GEN','INITIAL','PSP',1,83,87.47,'EURO_PAR_MOIS'),('GEN','INITIAL','PSP',1,84,89.63,'EURO_PAR_MOIS'),('GEN','INITIAL','PSP',1,85,91.85,'EURO_PAR_MOIS'),('GEN','INITIAL','PSP',1,86,94.12,'EURO_PAR_MOIS'),('GEN','INITIAL','PSP',1,87,96.45,'EURO_PAR_MOIS'),('GEN','INITIAL','PSP',1,88,98.84,'EURO_PAR_MOIS'),('GEN','INITIAL','PSP',1,89,101.28,'EURO_PAR_MOIS'),('GEN','INITIAL','PSP',1,90,103.79,'EURO_PAR_MOIS'),('GEN','INITIAL','PSP',2,0,26.50,'EURO_PAR_MOIS'),('GEN','INITIAL','PSP',2,1,26.50,'EURO_PAR_MOIS'),('GEN','INITIAL','PSP',2,2,26.50,'EURO_PAR_MOIS'),('GEN','INITIAL','PSP',2,3,26.50,'EURO_PAR_MOIS'),('GEN','INITIAL','PSP',2,4,26.50,'EURO_PAR_MOIS'),('GEN','INITIAL','PSP',2,5,26.50,'EURO_PAR_MOIS'),('GEN','INITIAL','PSP',2,6,26.50,'EURO_PAR_MOIS'),('GEN','INITIAL','PSP',2,7,26.50,'EURO_PAR_MOIS'),('GEN','INITIAL','PSP',2,8,26.50,'EURO_PAR_MOIS'),('GEN','INITIAL','PSP',2,9,26.50,'EURO_PAR_MOIS'),('GEN','INITIAL','PSP',2,10,26.50,'EURO_PAR_MOIS'),('GEN','INITIAL','PSP',2,11,26.50,'EURO_PAR_MOIS'),('GEN','INITIAL','PSP',2,12,26.50,'EURO_PAR_MOIS'),('GEN','INITIAL','PSP',2,13,26.50,'EURO_PAR_MOIS'),('GEN','INITIAL','PSP',2,14,26.50,'EURO_PAR_MOIS'),('GEN','INITIAL','PSP',2,15,26.50,'EURO_PAR_MOIS'),('GEN','INITIAL','PSP',2,16,26.50,'EURO_PAR_MOIS'),('GEN','INITIAL','PSP',2,17,26.50,'EURO_PAR_MOIS'),('GEN','INITIAL','PSP',2,18,26.50,'EURO_PAR_MOIS'),('GEN','INITIAL','PSP',2,19,26.57,'EURO_PAR_MOIS'),('GEN','INITIAL','PSP',2,20,26.65,'EURO_PAR_MOIS'),('GEN','INITIAL','PSP',2,21,27.19,'EURO_PAR_MOIS'),('GEN','INITIAL','PSP',2,22,27.78,'EURO_PAR_MOIS'),('GEN','INITIAL','PSP',2,23,28.43,'EURO_PAR_MOIS'),('GEN','INITIAL','PSP',2,24,29.11,'EURO_PAR_MOIS'),('GEN','INITIAL','PSP',2,25,29.64,'EURO_PAR_MOIS'),('GEN','INITIAL','PSP',2,26,30.17,'EURO_PAR_MOIS'),('GEN','INITIAL','PSP',2,27,30.73,'EURO_PAR_MOIS'),('GEN','INITIAL','PSP',2,28,31.31,'EURO_PAR_MOIS'),('GEN','INITIAL','PSP',2,29,31.92,'EURO_PAR_MOIS'),('GEN','INITIAL','PSP',2,30,32.67,'EURO_PAR_MOIS'),('GEN','INITIAL','PSP',2,31,33.40,'EURO_PAR_MOIS'),('GEN','INITIAL','PSP',2,32,34.11,'EURO_PAR_MOIS'),('GEN','INITIAL','PSP',2,33,34.82,'EURO_PAR_MOIS'),('GEN','INITIAL','PSP',2,34,35.52,'EURO_PAR_MOIS'),('GEN','INITIAL','PSP',2,35,36.21,'EURO_PAR_MOIS'),('GEN','INITIAL','PSP',2,36,36.89,'EURO_PAR_MOIS'),('GEN','INITIAL','PSP',2,37,37.55,'EURO_PAR_MOIS'),('GEN','INITIAL','PSP',2,38,38.22,'EURO_PAR_MOIS'),('GEN','INITIAL','PSP',2,39,38.88,'EURO_PAR_MOIS'),('GEN','INITIAL','PSP',2,40,39.52,'EURO_PAR_MOIS'),('GEN','INITIAL','PSP',2,41,39.87,'EURO_PAR_MOIS'),('GEN','INITIAL','PSP',2,42,40.23,'EURO_PAR_MOIS'),('GEN','INITIAL','PSP',2,43,40.58,'EURO_PAR_MOIS'),('GEN','INITIAL','PSP',2,44,40.94,'EURO_PAR_MOIS'),('GEN','INITIAL','PSP',2,45,41.30,'EURO_PAR_MOIS'),('GEN','INITIAL','PSP',2,46,41.93,'EURO_PAR_MOIS'),('GEN','INITIAL','PSP',2,47,42.54,'EURO_PAR_MOIS'),('GEN','INITIAL','PSP',2,48,43.16,'EURO_PAR_MOIS'),('GEN','INITIAL','PSP',2,49,43.80,'EURO_PAR_MOIS'),('GEN','INITIAL','PSP',2,50,44.45,'EURO_PAR_MOIS'),('GEN','INITIAL','PSP',2,51,45.13,'EURO_PAR_MOIS'),('GEN','INITIAL','PSP',2,52,45.82,'EURO_PAR_MOIS'),('GEN','INITIAL','PSP',2,53,46.54,'EURO_PAR_MOIS'),('GEN','INITIAL','PSP',2,54,47.51,'EURO_PAR_MOIS'),('GEN','INITIAL','PSP',2,55,48.49,'EURO_PAR_MOIS'),('GEN','INITIAL','PSP',2,56,49.49,'EURO_PAR_MOIS'),('GEN','INITIAL','PSP',2,57,50.48,'EURO_PAR_MOIS'),('GEN','INITIAL','PSP',2,58,51.48,'EURO_PAR_MOIS'),('GEN','INITIAL','PSP',2,59,52.46,'EURO_PAR_MOIS'),('GEN','INITIAL','PSP',2,60,53.45,'EURO_PAR_MOIS'),('GEN','INITIAL','PSP',2,61,54.50,'EURO_PAR_MOIS'),('GEN','INITIAL','PSP',2,62,55.57,'EURO_PAR_MOIS'),('GEN','INITIAL','PSP',2,63,56.66,'EURO_PAR_MOIS'),('GEN','INITIAL','PSP',2,64,57.77,'EURO_PAR_MOIS'),('GEN','INITIAL','PSP',2,65,58.91,'EURO_PAR_MOIS'),('GEN','INITIAL','PSP',2,66,60.07,'EURO_PAR_MOIS'),('GEN','INITIAL','PSP',2,67,61.25,'EURO_PAR_MOIS'),('GEN','INITIAL','PSP',2,68,62.46,'EURO_PAR_MOIS'),('GEN','INITIAL','PSP',2,69,63.69,'EURO_PAR_MOIS'),('GEN','INITIAL','PSP',2,70,64.94,'EURO_PAR_MOIS'),('GEN','INITIAL','PSP',2,71,66.22,'EURO_PAR_MOIS'),('GEN','INITIAL','PSP',2,72,67.52,'EURO_PAR_MOIS'),('GEN','INITIAL','PSP',2,73,68.86,'EURO_PAR_MOIS'),('GEN','INITIAL','PSP',2,74,70.21,'EURO_PAR_MOIS'),('GEN','INITIAL','PSP',2,75,71.60,'EURO_PAR_MOIS'),('GEN','INITIAL','PSP',2,76,73.01,'EURO_PAR_MOIS'),('GEN','INITIAL','PSP',2,77,74.45,'EURO_PAR_MOIS'),('GEN','INITIAL','PSP',2,78,75.92,'EURO_PAR_MOIS'),('GEN','INITIAL','PSP',2,79,77.42,'EURO_PAR_MOIS'),('GEN','INITIAL','PSP',2,80,78.95,'EURO_PAR_MOIS'),('GEN','INITIAL','PSP',2,81,80.90,'EURO_PAR_MOIS'),('GEN','INITIAL','PSP',2,82,82.90,'EURO_PAR_MOIS'),('GEN','INITIAL','PSP',2,83,84.95,'EURO_PAR_MOIS'),('GEN','INITIAL','PSP',2,84,87.05,'EURO_PAR_MOIS'),('GEN','INITIAL','PSP',2,85,89.20,'EURO_PAR_MOIS'),('GEN','INITIAL','PSP',2,86,91.41,'EURO_PAR_MOIS'),('GEN','INITIAL','PSP',2,87,93.67,'EURO_PAR_MOIS'),('GEN','INITIAL','PSP',2,88,95.98,'EURO_PAR_MOIS'),('GEN','INITIAL','PSP',2,89,98.36,'EURO_PAR_MOIS'),('GEN','INITIAL','PSP',2,90,100.80,'EURO_PAR_MOIS'),('GEN','INTEGRAL','PSP',1,0,69.17,'EURO_PAR_MOIS'),('GEN','INTEGRAL','PSP',1,1,69.17,'EURO_PAR_MOIS'),('GEN','INTEGRAL','PSP',1,2,69.17,'EURO_PAR_MOIS'),('GEN','INTEGRAL','PSP',1,3,69.17,'EURO_PAR_MOIS'),('GEN','INTEGRAL','PSP',1,4,69.17,'EURO_PAR_MOIS'),('GEN','INTEGRAL','PSP',1,5,69.17,'EURO_PAR_MOIS'),('GEN','INTEGRAL','PSP',1,6,69.17,'EURO_PAR_MOIS'),('GEN','INTEGRAL','PSP',1,7,69.17,'EURO_PAR_MOIS'),('GEN','INTEGRAL','PSP',1,8,69.17,'EURO_PAR_MOIS'),('GEN','INTEGRAL','PSP',1,9,69.17,'EURO_PAR_MOIS'),('GEN','INTEGRAL','PSP',1,10,69.17,'EURO_PAR_MOIS'),('GEN','INTEGRAL','PSP',1,11,69.17,'EURO_PAR_MOIS'),('GEN','INTEGRAL','PSP',1,12,69.17,'EURO_PAR_MOIS'),('GEN','INTEGRAL','PSP',1,13,69.17,'EURO_PAR_MOIS'),('GEN','INTEGRAL','PSP',1,14,69.17,'EURO_PAR_MOIS'),('GEN','INTEGRAL','PSP',1,15,69.17,'EURO_PAR_MOIS'),('GEN','INTEGRAL','PSP',1,16,69.17,'EURO_PAR_MOIS'),('GEN','INTEGRAL','PSP',1,17,69.17,'EURO_PAR_MOIS'),('GEN','INTEGRAL','PSP',1,18,69.17,'EURO_PAR_MOIS'),('GEN','INTEGRAL','PSP',1,19,69.17,'EURO_PAR_MOIS'),('GEN','INTEGRAL','PSP',1,20,69.17,'EURO_PAR_MOIS'),('GEN','INTEGRAL','PSP',1,21,69.17,'EURO_PAR_MOIS'),('GEN','INTEGRAL','PSP',1,22,69.17,'EURO_PAR_MOIS'),('GEN','INTEGRAL','PSP',1,23,69.17,'EURO_PAR_MOIS'),('GEN','INTEGRAL','PSP',1,24,69.17,'EURO_PAR_MOIS'),('GEN','INTEGRAL','PSP',1,25,69.17,'EURO_PAR_MOIS'),('GEN','INTEGRAL','PSP',1,26,69.17,'EURO_PAR_MOIS'),('GEN','INTEGRAL','PSP',1,27,69.17,'EURO_PAR_MOIS'),('GEN','INTEGRAL','PSP',1,28,69.17,'EURO_PAR_MOIS'),('GEN','INTEGRAL','PSP',1,29,80.33,'EURO_PAR_MOIS'),('GEN','INTEGRAL','PSP',1,30,82.22,'EURO_PAR_MOIS'),('GEN','INTEGRAL','PSP',1,31,84.09,'EURO_PAR_MOIS'),('GEN','INTEGRAL','PSP',1,32,85.93,'EURO_PAR_MOIS'),('GEN','INTEGRAL','PSP',1,33,87.74,'EURO_PAR_MOIS'),('GEN','INTEGRAL','PSP',1,34,89.54,'EURO_PAR_MOIS'),('GEN','INTEGRAL','PSP',1,35,91.32,'EURO_PAR_MOIS'),('GEN','INTEGRAL','PSP',1,36,93.07,'EURO_PAR_MOIS'),('GEN','INTEGRAL','PSP',1,37,94.76,'EURO_PAR_MOIS'),('GEN','INTEGRAL','PSP',1,38,96.45,'EURO_PAR_MOIS'),('GEN','INTEGRAL','PSP',1,39,98.11,'EURO_PAR_MOIS'),('GEN','INTEGRAL','PSP',1,40,99.74,'EURO_PAR_MOIS'),('GEN','INTEGRAL','PSP',1,41,101.40,'EURO_PAR_MOIS'),('GEN','INTEGRAL','PSP',1,42,103.03,'EURO_PAR_MOIS'),('GEN','INTEGRAL','PSP',1,43,104.63,'EURO_PAR_MOIS'),('GEN','INTEGRAL','PSP',1,44,106.26,'EURO_PAR_MOIS'),('GEN','INTEGRAL','PSP',1,45,107.89,'EURO_PAR_MOIS'),('GEN','INTEGRAL','PSP',1,46,109.55,'EURO_PAR_MOIS'),('GEN','INTEGRAL','PSP',1,47,111.18,'EURO_PAR_MOIS'),('GEN','INTEGRAL','PSP',1,48,111.63,'EURO_PAR_MOIS'),('GEN','INTEGRAL','PSP',1,49,112.08,'EURO_PAR_MOIS'),('GEN','INTEGRAL','PSP',1,50,112.57,'EURO_PAR_MOIS'),('GEN','INTEGRAL','PSP',1,51,113.06,'EURO_PAR_MOIS'),('GEN','INTEGRAL','PSP',1,52,113.59,'EURO_PAR_MOIS'),('GEN','INTEGRAL','PSP',1,53,114.15,'EURO_PAR_MOIS'),('GEN','INTEGRAL','PSP',1,54,114.84,'EURO_PAR_MOIS'),('GEN','INTEGRAL','PSP',1,55,115.56,'EURO_PAR_MOIS'),('GEN','INTEGRAL','PSP',1,56,116.70,'EURO_PAR_MOIS'),('GEN','INTEGRAL','PSP',1,57,117.77,'EURO_PAR_MOIS'),('GEN','INTEGRAL','PSP',1,58,118.84,'EURO_PAR_MOIS'),('GEN','INTEGRAL','PSP',1,59,119.83,'EURO_PAR_MOIS'),('GEN','INTEGRAL','PSP',1,60,120.80,'EURO_PAR_MOIS'),('GEN','INTEGRAL','PSP',1,61,124.51,'EURO_PAR_MOIS'),('GEN','INTEGRAL','PSP',1,62,128.34,'EURO_PAR_MOIS'),('GEN','INTEGRAL','PSP',1,63,132.29,'EURO_PAR_MOIS'),('GEN','INTEGRAL','PSP',1,64,136.36,'EURO_PAR_MOIS'),('GEN','INTEGRAL','PSP',1,65,140.56,'EURO_PAR_MOIS'),('GEN','INTEGRAL','PSP',1,66,145.45,'EURO_PAR_MOIS'),('GEN','INTEGRAL','PSP',1,67,150.50,'EURO_PAR_MOIS'),('GEN','INTEGRAL','PSP',1,68,155.74,'EURO_PAR_MOIS'),('GEN','INTEGRAL','PSP',1,69,161.16,'EURO_PAR_MOIS'),('GEN','INTEGRAL','PSP',1,70,166.76,'EURO_PAR_MOIS'),('GEN','INTEGRAL','PSP',1,71,172.57,'EURO_PAR_MOIS'),('GEN','INTEGRAL','PSP',1,72,178.57,'EURO_PAR_MOIS'),('GEN','INTEGRAL','PSP',1,73,184.79,'EURO_PAR_MOIS'),('GEN','INTEGRAL','PSP',1,74,191.22,'EURO_PAR_MOIS'),('GEN','INTEGRAL','PSP',1,75,197.88,'EURO_PAR_MOIS'),('GEN','INTEGRAL','PSP',1,76,203.30,'EURO_PAR_MOIS'),('GEN','INTEGRAL','PSP',1,77,208.86,'EURO_PAR_MOIS'),('GEN','INTEGRAL','PSP',1,78,214.58,'EURO_PAR_MOIS'),('GEN','INTEGRAL','PSP',1,79,220.45,'EURO_PAR_MOIS'),('GEN','INTEGRAL','PSP',1,80,253.55,'EURO_PAR_MOIS'),('GEN','INTEGRAL','PSP',1,81,259.87,'EURO_PAR_MOIS'),('GEN','INTEGRAL','PSP',1,82,266.34,'EURO_PAR_MOIS'),('GEN','INTEGRAL','PSP',1,83,272.97,'EURO_PAR_MOIS'),('GEN','INTEGRAL','PSP',1,84,279.77,'EURO_PAR_MOIS'),('GEN','INTEGRAL','PSP',1,85,286.75,'EURO_PAR_MOIS'),('GEN','INTEGRAL','PSP',1,86,293.88,'EURO_PAR_MOIS'),('GEN','INTEGRAL','PSP',1,87,301.21,'EURO_PAR_MOIS'),('GEN','INTEGRAL','PSP',1,88,308.71,'EURO_PAR_MOIS'),('GEN','INTEGRAL','PSP',1,89,316.41,'EURO_PAR_MOIS'),('GEN','INTEGRAL','PSP',1,90,324.30,'EURO_PAR_MOIS'),('GEN','INTEGRAL','PSP',2,0,74.62,'EURO_PAR_MOIS'),('GEN','INTEGRAL','PSP',2,1,74.62,'EURO_PAR_MOIS'),('GEN','INTEGRAL','PSP',2,2,74.62,'EURO_PAR_MOIS'),('GEN','INTEGRAL','PSP',2,3,74.62,'EURO_PAR_MOIS'),('GEN','INTEGRAL','PSP',2,4,74.62,'EURO_PAR_MOIS'),('GEN','INTEGRAL','PSP',2,5,74.62,'EURO_PAR_MOIS'),('GEN','INTEGRAL','PSP',2,6,74.62,'EURO_PAR_MOIS'),('GEN','INTEGRAL','PSP',2,7,74.62,'EURO_PAR_MOIS'),('GEN','INTEGRAL','PSP',2,8,74.62,'EURO_PAR_MOIS'),('GEN','INTEGRAL','PSP',2,9,74.62,'EURO_PAR_MOIS'),('GEN','INTEGRAL','PSP',2,10,74.62,'EURO_PAR_MOIS'),('GEN','INTEGRAL','PSP',2,11,74.62,'EURO_PAR_MOIS'),('GEN','INTEGRAL','PSP',2,12,74.62,'EURO_PAR_MOIS'),('GEN','INTEGRAL','PSP',2,13,74.62,'EURO_PAR_MOIS'),('GEN','INTEGRAL','PSP',2,14,74.62,'EURO_PAR_MOIS'),('GEN','INTEGRAL','PSP',2,15,74.62,'EURO_PAR_MOIS'),('GEN','INTEGRAL','PSP',2,16,74.62,'EURO_PAR_MOIS'),('GEN','INTEGRAL','PSP',2,17,74.62,'EURO_PAR_MOIS'),('GEN','INTEGRAL','PSP',2,18,74.62,'EURO_PAR_MOIS'),('GEN','INTEGRAL','PSP',2,19,74.83,'EURO_PAR_MOIS'),('GEN','INTEGRAL','PSP',2,20,75.03,'EURO_PAR_MOIS'),('GEN','INTEGRAL','PSP',2,21,76.60,'EURO_PAR_MOIS'),('GEN','INTEGRAL','PSP',2,22,78.30,'EURO_PAR_MOIS'),('GEN','INTEGRAL','PSP',2,23,80.17,'EURO_PAR_MOIS'),('GEN','INTEGRAL','PSP',2,24,82.14,'EURO_PAR_MOIS'),('GEN','INTEGRAL','PSP',2,25,83.66,'EURO_PAR_MOIS'),('GEN','INTEGRAL','PSP',2,26,85.20,'EURO_PAR_MOIS'),('GEN','INTEGRAL','PSP',2,27,86.81,'EURO_PAR_MOIS'),('GEN','INTEGRAL','PSP',2,28,88.49,'EURO_PAR_MOIS'),('GEN','INTEGRAL','PSP',2,29,90.24,'EURO_PAR_MOIS'),('GEN','INTEGRAL','PSP',2,30,92.38,'EURO_PAR_MOIS'),('GEN','INTEGRAL','PSP',2,31,94.48,'EURO_PAR_MOIS'),('GEN','INTEGRAL','PSP',2,32,96.54,'EURO_PAR_MOIS'),('GEN','INTEGRAL','PSP',2,33,98.58,'EURO_PAR_MOIS'),('GEN','INTEGRAL','PSP',2,34,100.61,'EURO_PAR_MOIS'),('GEN','INTEGRAL','PSP',2,35,102.61,'EURO_PAR_MOIS'),('GEN','INTEGRAL','PSP',2,36,104.58,'EURO_PAR_MOIS'),('GEN','INTEGRAL','PSP',2,37,106.48,'EURO_PAR_MOIS'),('GEN','INTEGRAL','PSP',2,38,108.38,'EURO_PAR_MOIS'),('GEN','INTEGRAL','PSP',2,39,110.24,'EURO_PAR_MOIS'),('GEN','INTEGRAL','PSP',2,40,112.08,'EURO_PAR_MOIS'),('GEN','INTEGRAL','PSP',2,41,113.09,'EURO_PAR_MOIS'),('GEN','INTEGRAL','PSP',2,42,114.11,'EURO_PAR_MOIS'),('GEN','INTEGRAL','PSP',2,43,115.14,'EURO_PAR_MOIS'),('GEN','INTEGRAL','PSP',2,44,116.18,'EURO_PAR_MOIS'),('GEN','INTEGRAL','PSP',2,45,117.23,'EURO_PAR_MOIS'),('GEN','INTEGRAL','PSP',2,46,119.04,'EURO_PAR_MOIS'),('GEN','INTEGRAL','PSP',2,47,120.81,'EURO_PAR_MOIS'),('GEN','INTEGRAL','PSP',2,48,121.30,'EURO_PAR_MOIS'),('GEN','INTEGRAL','PSP',2,49,121.79,'EURO_PAR_MOIS'),('GEN','INTEGRAL','PSP',2,50,122.32,'EURO_PAR_MOIS'),('GEN','INTEGRAL','PSP',2,51,122.86,'EURO_PAR_MOIS'),('GEN','INTEGRAL','PSP',2,52,123.43,'EURO_PAR_MOIS'),('GEN','INTEGRAL','PSP',2,53,124.03,'EURO_PAR_MOIS'),('GEN','INTEGRAL','PSP',2,54,124.78,'EURO_PAR_MOIS'),('GEN','INTEGRAL','PSP',2,55,125.57,'EURO_PAR_MOIS'),('GEN','INTEGRAL','PSP',2,56,126.81,'EURO_PAR_MOIS'),('GEN','INTEGRAL','PSP',2,57,127.98,'EURO_PAR_MOIS'),('GEN','INTEGRAL','PSP',2,58,129.13,'EURO_PAR_MOIS'),('GEN','INTEGRAL','PSP',2,59,130.22,'EURO_PAR_MOIS'),('GEN','INTEGRAL','PSP',2,60,131.27,'EURO_PAR_MOIS'),('GEN','INTEGRAL','PSP',2,61,135.31,'EURO_PAR_MOIS'),('GEN','INTEGRAL','PSP',2,62,139.47,'EURO_PAR_MOIS'),('GEN','INTEGRAL','PSP',2,63,143.77,'EURO_PAR_MOIS'),('GEN','INTEGRAL','PSP',2,64,148.19,'EURO_PAR_MOIS'),('GEN','INTEGRAL','PSP',2,65,152.76,'EURO_PAR_MOIS'),('GEN','INTEGRAL','PSP',2,66,158.07,'EURO_PAR_MOIS'),('GEN','INTEGRAL','PSP',2,67,163.57,'EURO_PAR_MOIS'),('GEN','INTEGRAL','PSP',2,68,169.26,'EURO_PAR_MOIS'),('GEN','INTEGRAL','PSP',2,69,175.15,'EURO_PAR_MOIS'),('GEN','INTEGRAL','PSP',2,70,181.25,'EURO_PAR_MOIS'),('GEN','INTEGRAL','PSP',2,71,187.56,'EURO_PAR_MOIS'),('GEN','INTEGRAL','PSP',2,72,194.09,'EURO_PAR_MOIS'),('GEN','INTEGRAL','PSP',2,73,200.85,'EURO_PAR_MOIS'),('GEN','INTEGRAL','PSP',2,74,207.85,'EURO_PAR_MOIS'),('GEN','INTEGRAL','PSP',2,75,215.09,'EURO_PAR_MOIS'),('GEN','INTEGRAL','PSP',2,76,220.98,'EURO_PAR_MOIS'),('GEN','INTEGRAL','PSP',2,77,227.03,'EURO_PAR_MOIS'),('GEN','INTEGRAL','PSP',2,78,233.24,'EURO_PAR_MOIS'),('GEN','INTEGRAL','PSP',2,79,239.63,'EURO_PAR_MOIS'),('GEN','INTEGRAL','PSP',2,80,246.19,'EURO_PAR_MOIS'),('GEN','INTEGRAL','PSP',2,81,252.32,'EURO_PAR_MOIS'),('GEN','INTEGRAL','PSP',2,82,258.61,'EURO_PAR_MOIS'),('GEN','INTEGRAL','PSP',2,83,265.05,'EURO_PAR_MOIS'),('GEN','INTEGRAL','PSP',2,84,271.65,'EURO_PAR_MOIS'),('GEN','INTEGRAL','PSP',2,85,278.42,'EURO_PAR_MOIS'),('GEN','INTEGRAL','PSP',2,86,285.36,'EURO_PAR_MOIS'),('GEN','INTEGRAL','PSP',2,87,292.47,'EURO_PAR_MOIS'),('GEN','INTEGRAL','PSP',2,88,299.75,'EURO_PAR_MOIS'),('GEN','INTEGRAL','PSP',2,89,307.22,'EURO_PAR_MOIS'),('GEN','INTEGRAL','PSP',2,90,314.88,'EURO_PAR_MOIS'),('GEN','INTERMEDIAIRE','PSP',1,0,34.68,'EURO_PAR_MOIS'),('GEN','INTERMEDIAIRE','PSP',1,1,34.68,'EURO_PAR_MOIS'),('GEN','INTERMEDIAIRE','PSP',1,2,34.68,'EURO_PAR_MOIS'),('GEN','INTERMEDIAIRE','PSP',1,3,34.68,'EURO_PAR_MOIS'),('GEN','INTERMEDIAIRE','PSP',1,4,34.68,'EURO_PAR_MOIS'),('GEN','INTERMEDIAIRE','PSP',1,5,34.68,'EURO_PAR_MOIS'),('GEN','INTERMEDIAIRE','PSP',1,6,34.68,'EURO_PAR_MOIS'),('GEN','INTERMEDIAIRE','PSP',1,7,34.68,'EURO_PAR_MOIS'),('GEN','INTERMEDIAIRE','PSP',1,8,34.68,'EURO_PAR_MOIS'),('GEN','INTERMEDIAIRE','PSP',1,9,34.68,'EURO_PAR_MOIS'),('GEN','INTERMEDIAIRE','PSP',1,10,34.68,'EURO_PAR_MOIS'),('GEN','INTERMEDIAIRE','PSP',1,11,34.68,'EURO_PAR_MOIS'),('GEN','INTERMEDIAIRE','PSP',1,12,34.68,'EURO_PAR_MOIS'),('GEN','INTERMEDIAIRE','PSP',1,13,34.68,'EURO_PAR_MOIS'),('GEN','INTERMEDIAIRE','PSP',1,14,34.68,'EURO_PAR_MOIS'),('GEN','INTERMEDIAIRE','PSP',1,15,34.68,'EURO_PAR_MOIS'),('GEN','INTERMEDIAIRE','PSP',1,16,34.68,'EURO_PAR_MOIS'),('GEN','INTERMEDIAIRE','PSP',1,17,34.68,'EURO_PAR_MOIS'),('GEN','INTERMEDIAIRE','PSP',1,18,34.68,'EURO_PAR_MOIS'),('GEN','INTERMEDIAIRE','PSP',1,19,34.68,'EURO_PAR_MOIS'),('GEN','INTERMEDIAIRE','PSP',1,20,34.68,'EURO_PAR_MOIS'),('GEN','INTERMEDIAIRE','PSP',1,21,34.68,'EURO_PAR_MOIS'),('GEN','INTERMEDIAIRE','PSP',1,22,34.68,'EURO_PAR_MOIS'),('GEN','INTERMEDIAIRE','PSP',1,23,34.68,'EURO_PAR_MOIS'),('GEN','INTERMEDIAIRE','PSP',1,24,34.68,'EURO_PAR_MOIS'),('GEN','INTERMEDIAIRE','PSP',1,25,34.68,'EURO_PAR_MOIS'),('GEN','INTERMEDIAIRE','PSP',1,26,34.68,'EURO_PAR_MOIS'),('GEN','INTERMEDIAIRE','PSP',1,27,34.68,'EURO_PAR_MOIS'),('GEN','INTERMEDIAIRE','PSP',1,28,34.68,'EURO_PAR_MOIS'),('GEN','INTERMEDIAIRE','PSP',1,29,40.20,'EURO_PAR_MOIS'),('GEN','INTERMEDIAIRE','PSP',1,30,41.14,'EURO_PAR_MOIS'),('GEN','INTERMEDIAIRE','PSP',1,31,42.06,'EURO_PAR_MOIS'),('GEN','INTERMEDIAIRE','PSP',1,32,42.97,'EURO_PAR_MOIS'),('GEN','INTERMEDIAIRE','PSP',1,33,43.86,'EURO_PAR_MOIS'),('GEN','INTERMEDIAIRE','PSP',1,34,44.76,'EURO_PAR_MOIS'),('GEN','INTERMEDIAIRE','PSP',1,35,45.64,'EURO_PAR_MOIS'),('GEN','INTERMEDIAIRE','PSP',1,36,46.50,'EURO_PAR_MOIS'),('GEN','INTERMEDIAIRE','PSP',1,37,47.34,'EURO_PAR_MOIS'),('GEN','INTERMEDIAIRE','PSP',1,38,48.17,'EURO_PAR_MOIS'),('GEN','INTERMEDIAIRE','PSP',1,39,48.99,'EURO_PAR_MOIS'),('GEN','INTERMEDIAIRE','PSP',1,40,49.80,'EURO_PAR_MOIS'),('GEN','INTERMEDIAIRE','PSP',1,41,50.62,'EURO_PAR_MOIS'),('GEN','INTERMEDIAIRE','PSP',1,42,51.42,'EURO_PAR_MOIS'),('GEN','INTERMEDIAIRE','PSP',1,43,52.21,'EURO_PAR_MOIS'),('GEN','INTERMEDIAIRE','PSP',1,44,53.02,'EURO_PAR_MOIS'),('GEN','INTERMEDIAIRE','PSP',1,45,53.83,'EURO_PAR_MOIS'),('GEN','INTERMEDIAIRE','PSP',1,46,54.65,'EURO_PAR_MOIS'),('GEN','INTERMEDIAIRE','PSP',1,47,55.45,'EURO_PAR_MOIS'),('GEN','INTERMEDIAIRE','PSP',1,48,56.14,'EURO_PAR_MOIS'),('GEN','INTERMEDIAIRE','PSP',1,49,56.83,'EURO_PAR_MOIS'),('GEN','INTERMEDIAIRE','PSP',1,50,57.27,'EURO_PAR_MOIS'),('GEN','INTERMEDIAIRE','PSP',1,51,57.72,'EURO_PAR_MOIS'),('GEN','INTERMEDIAIRE','PSP',1,52,58.18,'EURO_PAR_MOIS'),('GEN','INTERMEDIAIRE','PSP',1,53,58.67,'EURO_PAR_MOIS'),('GEN','INTERMEDIAIRE','PSP',1,54,59.45,'EURO_PAR_MOIS'),('GEN','INTERMEDIAIRE','PSP',1,55,60.26,'EURO_PAR_MOIS'),('GEN','INTERMEDIAIRE','PSP',1,56,61.06,'EURO_PAR_MOIS'),('GEN','INTERMEDIAIRE','PSP',1,57,61.83,'EURO_PAR_MOIS'),('GEN','INTERMEDIAIRE','PSP',1,58,62.60,'EURO_PAR_MOIS'),('GEN','INTERMEDIAIRE','PSP',1,59,63.33,'EURO_PAR_MOIS'),('GEN','INTERMEDIAIRE','PSP',1,60,64.06,'EURO_PAR_MOIS'),('GEN','INTERMEDIAIRE','PSP',1,61,65.63,'EURO_PAR_MOIS'),('GEN','INTERMEDIAIRE','PSP',1,62,67.25,'EURO_PAR_MOIS'),('GEN','INTERMEDIAIRE','PSP',1,63,69.24,'EURO_PAR_MOIS'),('GEN','INTERMEDIAIRE','PSP',1,64,71.29,'EURO_PAR_MOIS'),('GEN','INTERMEDIAIRE','PSP',1,65,73.40,'EURO_PAR_MOIS'),('GEN','INTERMEDIAIRE','PSP',1,66,75.57,'EURO_PAR_MOIS'),('GEN','INTERMEDIAIRE','PSP',1,67,77.81,'EURO_PAR_MOIS'),('GEN','INTERMEDIAIRE','PSP',1,68,80.12,'EURO_PAR_MOIS'),('GEN','INTERMEDIAIRE','PSP',1,69,82.49,'EURO_PAR_MOIS'),('GEN','INTERMEDIAIRE','PSP',1,70,84.73,'EURO_PAR_MOIS'),('GEN','INTERMEDIAIRE','PSP',1,71,87.04,'EURO_PAR_MOIS'),('GEN','INTERMEDIAIRE','PSP',1,72,89.40,'EURO_PAR_MOIS'),('GEN','INTERMEDIAIRE','PSP',1,73,91.84,'EURO_PAR_MOIS'),('GEN','INTERMEDIAIRE','PSP',1,74,94.33,'EURO_PAR_MOIS'),('GEN','INTERMEDIAIRE','PSP',1,75,96.90,'EURO_PAR_MOIS'),('GEN','INTERMEDIAIRE','PSP',1,76,99.54,'EURO_PAR_MOIS'),('GEN','INTERMEDIAIRE','PSP',1,77,102.25,'EURO_PAR_MOIS'),('GEN','INTERMEDIAIRE','PSP',1,78,105.04,'EURO_PAR_MOIS'),('GEN','INTERMEDIAIRE','PSP',1,79,107.90,'EURO_PAR_MOIS'),('GEN','INTERMEDIAIRE','PSP',1,80,124.03,'EURO_PAR_MOIS'),('GEN','INTERMEDIAIRE','PSP',1,81,127.11,'EURO_PAR_MOIS'),('GEN','INTERMEDIAIRE','PSP',1,82,130.25,'EURO_PAR_MOIS'),('GEN','INTERMEDIAIRE','PSP',1,83,133.49,'EURO_PAR_MOIS'),('GEN','INTERMEDIAIRE','PSP',1,84,136.80,'EURO_PAR_MOIS'),('GEN','INTERMEDIAIRE','PSP',1,85,140.20,'EURO_PAR_MOIS'),('GEN','INTERMEDIAIRE','PSP',1,86,143.68,'EURO_PAR_MOIS'),('GEN','INTERMEDIAIRE','PSP',1,87,147.24,'EURO_PAR_MOIS'),('GEN','INTERMEDIAIRE','PSP',1,88,150.91,'EURO_PAR_MOIS'),('GEN','INTERMEDIAIRE','PSP',1,89,154.66,'EURO_PAR_MOIS'),('GEN','INTERMEDIAIRE','PSP',1,90,158.50,'EURO_PAR_MOIS'),('GEN','INTERMEDIAIRE','PSP',2,0,37.38,'EURO_PAR_MOIS'),('GEN','INTERMEDIAIRE','PSP',2,1,37.38,'EURO_PAR_MOIS'),('GEN','INTERMEDIAIRE','PSP',2,2,37.38,'EURO_PAR_MOIS'),('GEN','INTERMEDIAIRE','PSP',2,3,37.38,'EURO_PAR_MOIS'),('GEN','INTERMEDIAIRE','PSP',2,4,37.38,'EURO_PAR_MOIS'),('GEN','INTERMEDIAIRE','PSP',2,5,37.38,'EURO_PAR_MOIS'),('GEN','INTERMEDIAIRE','PSP',2,6,37.38,'EURO_PAR_MOIS'),('GEN','INTERMEDIAIRE','PSP',2,7,37.38,'EURO_PAR_MOIS'),('GEN','INTERMEDIAIRE','PSP',2,8,37.38,'EURO_PAR_MOIS'),('GEN','INTERMEDIAIRE','PSP',2,9,37.38,'EURO_PAR_MOIS'),('GEN','INTERMEDIAIRE','PSP',2,10,37.38,'EURO_PAR_MOIS'),('GEN','INTERMEDIAIRE','PSP',2,11,37.38,'EURO_PAR_MOIS'),('GEN','INTERMEDIAIRE','PSP',2,12,37.38,'EURO_PAR_MOIS'),('GEN','INTERMEDIAIRE','PSP',2,13,37.38,'EURO_PAR_MOIS'),('GEN','INTERMEDIAIRE','PSP',2,14,37.38,'EURO_PAR_MOIS'),('GEN','INTERMEDIAIRE','PSP',2,15,37.38,'EURO_PAR_MOIS'),('GEN','INTERMEDIAIRE','PSP',2,16,37.38,'EURO_PAR_MOIS'),('GEN','INTERMEDIAIRE','PSP',2,17,37.38,'EURO_PAR_MOIS'),('GEN','INTERMEDIAIRE','PSP',2,18,37.38,'EURO_PAR_MOIS'),('GEN','INTERMEDIAIRE','PSP',2,19,37.48,'EURO_PAR_MOIS'),('GEN','INTERMEDIAIRE','PSP',2,20,37.58,'EURO_PAR_MOIS'),('GEN','INTERMEDIAIRE','PSP',2,21,38.36,'EURO_PAR_MOIS'),('GEN','INTERMEDIAIRE','PSP',2,22,39.20,'EURO_PAR_MOIS'),('GEN','INTERMEDIAIRE','PSP',2,23,40.12,'EURO_PAR_MOIS'),('GEN','INTERMEDIAIRE','PSP',2,24,41.10,'EURO_PAR_MOIS'),('GEN','INTERMEDIAIRE','PSP',2,25,41.85,'EURO_PAR_MOIS'),('GEN','INTERMEDIAIRE','PSP',2,26,42.61,'EURO_PAR_MOIS'),('GEN','INTERMEDIAIRE','PSP',2,27,43.40,'EURO_PAR_MOIS'),('GEN','INTERMEDIAIRE','PSP',2,28,44.24,'EURO_PAR_MOIS'),('GEN','INTERMEDIAIRE','PSP',2,29,45.10,'EURO_PAR_MOIS'),('GEN','INTERMEDIAIRE','PSP',2,30,46.16,'EURO_PAR_MOIS'),('GEN','INTERMEDIAIRE','PSP',2,31,47.19,'EURO_PAR_MOIS'),('GEN','INTERMEDIAIRE','PSP',2,32,48.22,'EURO_PAR_MOIS'),('GEN','INTERMEDIAIRE','PSP',2,33,49.22,'EURO_PAR_MOIS'),('GEN','INTERMEDIAIRE','PSP',2,34,50.23,'EURO_PAR_MOIS'),('GEN','INTERMEDIAIRE','PSP',2,35,51.22,'EURO_PAR_MOIS'),('GEN','INTERMEDIAIRE','PSP',2,36,52.19,'EURO_PAR_MOIS'),('GEN','INTERMEDIAIRE','PSP',2,37,53.13,'EURO_PAR_MOIS'),('GEN','INTERMEDIAIRE','PSP',2,38,54.07,'EURO_PAR_MOIS'),('GEN','INTERMEDIAIRE','PSP',2,39,54.99,'EURO_PAR_MOIS'),('GEN','INTERMEDIAIRE','PSP',2,40,55.90,'EURO_PAR_MOIS'),('GEN','INTERMEDIAIRE','PSP',2,41,56.40,'EURO_PAR_MOIS'),('GEN','INTERMEDIAIRE','PSP',2,42,56.90,'EURO_PAR_MOIS'),('GEN','INTERMEDIAIRE','PSP',2,43,57.41,'EURO_PAR_MOIS'),('GEN','INTERMEDIAIRE','PSP',2,44,57.93,'EURO_PAR_MOIS'),('GEN','INTERMEDIAIRE','PSP',2,45,58.45,'EURO_PAR_MOIS'),('GEN','INTERMEDIAIRE','PSP',2,46,59.34,'EURO_PAR_MOIS'),('GEN','INTERMEDIAIRE','PSP',2,47,60.21,'EURO_PAR_MOIS'),('GEN','INTERMEDIAIRE','PSP',2,48,60.96,'EURO_PAR_MOIS'),('GEN','INTERMEDIAIRE','PSP',2,49,61.71,'EURO_PAR_MOIS'),('GEN','INTERMEDIAIRE','PSP',2,50,62.19,'EURO_PAR_MOIS'),('GEN','INTERMEDIAIRE','PSP',2,51,62.68,'EURO_PAR_MOIS'),('GEN','INTERMEDIAIRE','PSP',2,52,63.18,'EURO_PAR_MOIS'),('GEN','INTERMEDIAIRE','PSP',2,53,63.71,'EURO_PAR_MOIS'),('GEN','INTERMEDIAIRE','PSP',2,54,64.56,'EURO_PAR_MOIS'),('GEN','INTERMEDIAIRE','PSP',2,55,65.45,'EURO_PAR_MOIS'),('GEN','INTERMEDIAIRE','PSP',2,56,66.31,'EURO_PAR_MOIS'),('GEN','INTERMEDIAIRE','PSP',2,57,67.15,'EURO_PAR_MOIS'),('GEN','INTERMEDIAIRE','PSP',2,58,67.98,'EURO_PAR_MOIS'),('GEN','INTERMEDIAIRE','PSP',2,59,68.78,'EURO_PAR_MOIS'),('GEN','INTERMEDIAIRE','PSP',2,60,69.57,'EURO_PAR_MOIS'),('GEN','INTERMEDIAIRE','PSP',2,61,71.29,'EURO_PAR_MOIS'),('GEN','INTERMEDIAIRE','PSP',2,62,73.04,'EURO_PAR_MOIS'),('GEN','INTERMEDIAIRE','PSP',2,63,75.21,'EURO_PAR_MOIS'),('GEN','INTERMEDIAIRE','PSP',2,64,77.43,'EURO_PAR_MOIS'),('GEN','INTERMEDIAIRE','PSP',2,65,79.73,'EURO_PAR_MOIS'),('GEN','INTERMEDIAIRE','PSP',2,66,82.09,'EURO_PAR_MOIS'),('GEN','INTERMEDIAIRE','PSP',2,67,84.52,'EURO_PAR_MOIS'),('GEN','INTERMEDIAIRE','PSP',2,68,87.03,'EURO_PAR_MOIS'),('GEN','INTERMEDIAIRE','PSP',2,69,89.61,'EURO_PAR_MOIS'),('GEN','INTERMEDIAIRE','PSP',2,70,92.05,'EURO_PAR_MOIS'),('GEN','INTERMEDIAIRE','PSP',2,71,94.56,'EURO_PAR_MOIS'),('GEN','INTERMEDIAIRE','PSP',2,72,97.13,'EURO_PAR_MOIS'),('GEN','INTERMEDIAIRE','PSP',2,73,99.78,'EURO_PAR_MOIS'),('GEN','INTERMEDIAIRE','PSP',2,74,102.49,'EURO_PAR_MOIS'),('GEN','INTERMEDIAIRE','PSP',2,75,105.29,'EURO_PAR_MOIS'),('GEN','INTERMEDIAIRE','PSP',2,76,108.15,'EURO_PAR_MOIS'),('GEN','INTERMEDIAIRE','PSP',2,77,111.10,'EURO_PAR_MOIS'),('GEN','INTERMEDIAIRE','PSP',2,78,114.13,'EURO_PAR_MOIS'),('GEN','INTERMEDIAIRE','PSP',2,79,117.24,'EURO_PAR_MOIS'),('GEN','INTERMEDIAIRE','PSP',2,80,120.44,'EURO_PAR_MOIS'),('GEN','INTERMEDIAIRE','PSP',2,81,123.43,'EURO_PAR_MOIS'),('GEN','INTERMEDIAIRE','PSP',2,82,126.49,'EURO_PAR_MOIS'),('GEN','INTERMEDIAIRE','PSP',2,83,129.63,'EURO_PAR_MOIS'),('GEN','INTERMEDIAIRE','PSP',2,84,132.84,'EURO_PAR_MOIS'),('GEN','INTERMEDIAIRE','PSP',2,85,136.14,'EURO_PAR_MOIS'),('GEN','INTERMEDIAIRE','PSP',2,86,139.52,'EURO_PAR_MOIS'),('GEN','INTERMEDIAIRE','PSP',2,87,142.99,'EURO_PAR_MOIS'),('GEN','INTERMEDIAIRE','PSP',2,88,146.54,'EURO_PAR_MOIS'),('GEN','INTERMEDIAIRE','PSP',2,89,150.18,'EURO_PAR_MOIS'),('GEN','INTERMEDIAIRE','PSP',2,90,153.91,'EURO_PAR_MOIS'),('LOC','ETENDU','PSP',1,0,35.99,'EURO_PAR_MOIS'),('LOC','ETENDU','PSP',1,1,35.99,'EURO_PAR_MOIS'),('LOC','ETENDU','PSP',1,2,35.99,'EURO_PAR_MOIS'),('LOC','ETENDU','PSP',1,3,35.99,'EURO_PAR_MOIS'),('LOC','ETENDU','PSP',1,4,35.99,'EURO_PAR_MOIS'),('LOC','ETENDU','PSP',1,5,35.99,'EURO_PAR_MOIS'),('LOC','ETENDU','PSP',1,6,35.99,'EURO_PAR_MOIS'),('LOC','ETENDU','PSP',1,7,35.99,'EURO_PAR_MOIS'),('LOC','ETENDU','PSP',1,8,35.99,'EURO_PAR_MOIS'),('LOC','ETENDU','PSP',1,9,35.99,'EURO_PAR_MOIS'),('LOC','ETENDU','PSP',1,10,35.99,'EURO_PAR_MOIS'),('LOC','ETENDU','PSP',1,11,35.99,'EURO_PAR_MOIS'),('LOC','ETENDU','PSP',1,12,35.99,'EURO_PAR_MOIS'),('LOC','ETENDU','PSP',1,13,35.99,'EURO_PAR_MOIS'),('LOC','ETENDU','PSP',1,14,35.99,'EURO_PAR_MOIS'),('LOC','ETENDU','PSP',1,15,35.99,'EURO_PAR_MOIS'),('LOC','ETENDU','PSP',1,16,35.99,'EURO_PAR_MOIS'),('LOC','ETENDU','PSP',1,17,35.99,'EURO_PAR_MOIS'),('LOC','ETENDU','PSP',1,18,35.99,'EURO_PAR_MOIS'),('LOC','ETENDU','PSP',1,19,35.99,'EURO_PAR_MOIS'),('LOC','ETENDU','PSP',1,20,35.99,'EURO_PAR_MOIS'),('LOC','ETENDU','PSP',1,21,35.99,'EURO_PAR_MOIS'),('LOC','ETENDU','PSP',1,22,35.99,'EURO_PAR_MOIS'),('LOC','ETENDU','PSP',1,23,35.99,'EURO_PAR_MOIS'),('LOC','ETENDU','PSP',1,24,35.99,'EURO_PAR_MOIS'),('LOC','ETENDU','PSP',1,25,35.99,'EURO_PAR_MOIS'),('LOC','ETENDU','PSP',1,26,35.99,'EURO_PAR_MOIS'),('LOC','ETENDU','PSP',1,27,35.99,'EURO_PAR_MOIS'),('LOC','ETENDU','PSP',1,28,35.99,'EURO_PAR_MOIS'),('LOC','ETENDU','PSP',1,29,41.73,'EURO_PAR_MOIS'),('LOC','ETENDU','PSP',1,30,42.70,'EURO_PAR_MOIS'),('LOC','ETENDU','PSP',1,31,43.66,'EURO_PAR_MOIS'),('LOC','ETENDU','PSP',1,32,44.60,'EURO_PAR_MOIS'),('LOC','ETENDU','PSP',1,33,45.53,'EURO_PAR_MOIS'),('LOC','ETENDU','PSP',1,34,46.46,'EURO_PAR_MOIS'),('LOC','ETENDU','PSP',1,35,47.37,'EURO_PAR_MOIS'),('LOC','ETENDU','PSP',1,36,48.27,'EURO_PAR_MOIS'),('LOC','ETENDU','PSP',1,37,49.14,'EURO_PAR_MOIS'),('LOC','ETENDU','PSP',1,38,50.01,'EURO_PAR_MOIS'),('LOC','ETENDU','PSP',1,39,50.86,'EURO_PAR_MOIS'),('LOC','ETENDU','PSP',1,40,51.70,'EURO_PAR_MOIS'),('LOC','ETENDU','PSP',1,41,52.55,'EURO_PAR_MOIS'),('LOC','ETENDU','PSP',1,42,53.39,'EURO_PAR_MOIS'),('LOC','ETENDU','PSP',1,43,54.21,'EURO_PAR_MOIS'),('LOC','ETENDU','PSP',1,44,55.05,'EURO_PAR_MOIS'),('LOC','ETENDU','PSP',1,45,55.88,'EURO_PAR_MOIS'),('LOC','ETENDU','PSP',1,46,56.74,'EURO_PAR_MOIS'),('LOC','ETENDU','PSP',1,47,57.57,'EURO_PAR_MOIS'),('LOC','ETENDU','PSP',1,48,58.28,'EURO_PAR_MOIS'),('LOC','ETENDU','PSP',1,49,59.01,'EURO_PAR_MOIS'),('LOC','ETENDU','PSP',1,50,59.46,'EURO_PAR_MOIS'),('LOC','ETENDU','PSP',1,51,59.93,'EURO_PAR_MOIS'),('LOC','ETENDU','PSP',1,52,60.41,'EURO_PAR_MOIS'),('LOC','ETENDU','PSP',1,53,60.91,'EURO_PAR_MOIS'),('LOC','ETENDU','PSP',1,54,61.73,'EURO_PAR_MOIS'),('LOC','ETENDU','PSP',1,55,62.57,'EURO_PAR_MOIS'),('LOC','ETENDU','PSP',1,56,63.40,'EURO_PAR_MOIS'),('LOC','ETENDU','PSP',1,57,64.20,'EURO_PAR_MOIS'),('LOC','ETENDU','PSP',1,58,64.99,'EURO_PAR_MOIS'),('LOC','ETENDU','PSP',1,59,65.76,'EURO_PAR_MOIS'),('LOC','ETENDU','PSP',1,60,66.51,'EURO_PAR_MOIS'),('LOC','ETENDU','PSP',1,61,68.15,'EURO_PAR_MOIS'),('LOC','ETENDU','PSP',1,62,69.83,'EURO_PAR_MOIS'),('LOC','ETENDU','PSP',1,63,71.90,'EURO_PAR_MOIS'),('LOC','ETENDU','PSP',1,64,74.02,'EURO_PAR_MOIS'),('LOC','ETENDU','PSP',1,65,76.22,'EURO_PAR_MOIS'),('LOC','ETENDU','PSP',1,66,78.47,'EURO_PAR_MOIS'),('LOC','ETENDU','PSP',1,67,80.80,'EURO_PAR_MOIS'),('LOC','ETENDU','PSP',1,68,83.19,'EURO_PAR_MOIS'),('LOC','ETENDU','PSP',1,69,85.66,'EURO_PAR_MOIS'),('LOC','ETENDU','PSP',1,70,87.99,'EURO_PAR_MOIS'),('LOC','ETENDU','PSP',1,71,90.38,'EURO_PAR_MOIS'),('LOC','ETENDU','PSP',1,72,92.84,'EURO_PAR_MOIS'),('LOC','ETENDU','PSP',1,73,95.37,'EURO_PAR_MOIS'),('LOC','ETENDU','PSP',1,74,97.97,'EURO_PAR_MOIS'),('LOC','ETENDU','PSP',1,75,100.63,'EURO_PAR_MOIS'),('LOC','ETENDU','PSP',1,76,103.38,'EURO_PAR_MOIS'),('LOC','ETENDU','PSP',1,77,106.19,'EURO_PAR_MOIS'),('LOC','ETENDU','PSP',1,78,109.09,'EURO_PAR_MOIS'),('LOC','ETENDU','PSP',1,79,112.06,'EURO_PAR_MOIS'),('LOC','ETENDU','PSP',1,80,128.81,'EURO_PAR_MOIS'),('LOC','ETENDU','PSP',1,81,132.01,'EURO_PAR_MOIS'),('LOC','ETENDU','PSP',1,82,135.28,'EURO_PAR_MOIS'),('LOC','ETENDU','PSP',1,83,138.64,'EURO_PAR_MOIS'),('LOC','ETENDU','PSP',1,84,142.08,'EURO_PAR_MOIS'),('LOC','ETENDU','PSP',1,85,145.61,'EURO_PAR_MOIS'),('LOC','ETENDU','PSP',1,86,149.23,'EURO_PAR_MOIS'),('LOC','ETENDU','PSP',1,87,152.93,'EURO_PAR_MOIS'),('LOC','ETENDU','PSP',1,88,156.74,'EURO_PAR_MOIS'),('LOC','ETENDU','PSP',1,89,160.63,'EURO_PAR_MOIS'),('LOC','ETENDU','PSP',1,90,164.63,'EURO_PAR_MOIS'),('LOC','ETENDU','PSP',2,0,38.79,'EURO_PAR_MOIS'),('LOC','ETENDU','PSP',2,1,38.79,'EURO_PAR_MOIS'),('LOC','ETENDU','PSP',2,2,38.79,'EURO_PAR_MOIS'),('LOC','ETENDU','PSP',2,3,38.79,'EURO_PAR_MOIS'),('LOC','ETENDU','PSP',2,4,38.79,'EURO_PAR_MOIS'),('LOC','ETENDU','PSP',2,5,38.79,'EURO_PAR_MOIS'),('LOC','ETENDU','PSP',2,6,38.79,'EURO_PAR_MOIS'),('LOC','ETENDU','PSP',2,7,38.79,'EURO_PAR_MOIS'),('LOC','ETENDU','PSP',2,8,38.79,'EURO_PAR_MOIS'),('LOC','ETENDU','PSP',2,9,38.79,'EURO_PAR_MOIS'),('LOC','ETENDU','PSP',2,10,38.79,'EURO_PAR_MOIS'),('LOC','ETENDU','PSP',2,11,38.79,'EURO_PAR_MOIS'),('LOC','ETENDU','PSP',2,12,38.79,'EURO_PAR_MOIS'),('LOC','ETENDU','PSP',2,13,38.79,'EURO_PAR_MOIS'),('LOC','ETENDU','PSP',2,14,38.79,'EURO_PAR_MOIS'),('LOC','ETENDU','PSP',2,15,38.79,'EURO_PAR_MOIS'),('LOC','ETENDU','PSP',2,16,38.79,'EURO_PAR_MOIS'),('LOC','ETENDU','PSP',2,17,38.79,'EURO_PAR_MOIS'),('LOC','ETENDU','PSP',2,18,38.79,'EURO_PAR_MOIS'),('LOC','ETENDU','PSP',2,19,38.90,'EURO_PAR_MOIS'),('LOC','ETENDU','PSP',2,20,39.01,'EURO_PAR_MOIS'),('LOC','ETENDU','PSP',2,21,39.81,'EURO_PAR_MOIS'),('LOC','ETENDU','PSP',2,22,40.69,'EURO_PAR_MOIS'),('LOC','ETENDU','PSP',2,23,41.64,'EURO_PAR_MOIS'),('LOC','ETENDU','PSP',2,24,42.66,'EURO_PAR_MOIS'),('LOC','ETENDU','PSP',2,25,43.44,'EURO_PAR_MOIS'),('LOC','ETENDU','PSP',2,26,44.23,'EURO_PAR_MOIS'),('LOC','ETENDU','PSP',2,27,45.05,'EURO_PAR_MOIS'),('LOC','ETENDU','PSP',2,28,45.92,'EURO_PAR_MOIS'),('LOC','ETENDU','PSP',2,29,46.82,'EURO_PAR_MOIS'),('LOC','ETENDU','PSP',2,30,47.91,'EURO_PAR_MOIS'),('LOC','ETENDU','PSP',2,31,48.99,'EURO_PAR_MOIS'),('LOC','ETENDU','PSP',2,32,50.05,'EURO_PAR_MOIS'),('LOC','ETENDU','PSP',2,33,51.10,'EURO_PAR_MOIS'),('LOC','ETENDU','PSP',2,34,52.14,'EURO_PAR_MOIS'),('LOC','ETENDU','PSP',2,35,53.17,'EURO_PAR_MOIS'),('LOC','ETENDU','PSP',2,36,54.18,'EURO_PAR_MOIS'),('LOC','ETENDU','PSP',2,37,55.16,'EURO_PAR_MOIS'),('LOC','ETENDU','PSP',2,38,56.13,'EURO_PAR_MOIS'),('LOC','ETENDU','PSP',2,39,57.09,'EURO_PAR_MOIS'),('LOC','ETENDU','PSP',2,40,58.03,'EURO_PAR_MOIS'),('LOC','ETENDU','PSP',2,41,58.55,'EURO_PAR_MOIS'),('LOC','ETENDU','PSP',2,42,59.08,'EURO_PAR_MOIS'),('LOC','ETENDU','PSP',2,43,59.61,'EURO_PAR_MOIS'),('LOC','ETENDU','PSP',2,44,60.14,'EURO_PAR_MOIS'),('LOC','ETENDU','PSP',2,45,60.68,'EURO_PAR_MOIS'),('LOC','ETENDU','PSP',2,46,61.61,'EURO_PAR_MOIS'),('LOC','ETENDU','PSP',2,47,62.52,'EURO_PAR_MOIS'),('LOC','ETENDU','PSP',2,48,63.29,'EURO_PAR_MOIS'),('LOC','ETENDU','PSP',2,49,64.08,'EURO_PAR_MOIS'),('LOC','ETENDU','PSP',2,50,64.58,'EURO_PAR_MOIS'),('LOC','ETENDU','PSP',2,51,65.08,'EURO_PAR_MOIS'),('LOC','ETENDU','PSP',2,52,65.60,'EURO_PAR_MOIS'),('LOC','ETENDU','PSP',2,53,66.15,'EURO_PAR_MOIS'),('LOC','ETENDU','PSP',2,54,67.04,'EURO_PAR_MOIS'),('LOC','ETENDU','PSP',2,55,67.95,'EURO_PAR_MOIS'),('LOC','ETENDU','PSP',2,56,68.85,'EURO_PAR_MOIS'),('LOC','ETENDU','PSP',2,57,69.72,'EURO_PAR_MOIS'),('LOC','ETENDU','PSP',2,58,70.59,'EURO_PAR_MOIS'),('LOC','ETENDU','PSP',2,59,71.42,'EURO_PAR_MOIS'),('LOC','ETENDU','PSP',2,60,72.24,'EURO_PAR_MOIS'),('LOC','ETENDU','PSP',2,61,74.02,'EURO_PAR_MOIS'),('LOC','ETENDU','PSP',2,62,75.85,'EURO_PAR_MOIS'),('LOC','ETENDU','PSP',2,63,78.09,'EURO_PAR_MOIS'),('LOC','ETENDU','PSP',2,64,80.41,'EURO_PAR_MOIS'),('LOC','ETENDU','PSP',2,65,82.79,'EURO_PAR_MOIS'),('LOC','ETENDU','PSP',2,66,85.25,'EURO_PAR_MOIS'),('LOC','ETENDU','PSP',2,67,87.77,'EURO_PAR_MOIS'),('LOC','ETENDU','PSP',2,68,90.38,'EURO_PAR_MOIS'),('LOC','ETENDU','PSP',2,69,93.06,'EURO_PAR_MOIS'),('LOC','ETENDU','PSP',2,70,95.59,'EURO_PAR_MOIS'),('LOC','ETENDU','PSP',2,71,98.20,'EURO_PAR_MOIS'),('LOC','ETENDU','PSP',2,72,100.87,'EURO_PAR_MOIS'),('LOC','ETENDU','PSP',2,73,103.62,'EURO_PAR_MOIS'),('LOC','ETENDU','PSP',2,74,106.44,'EURO_PAR_MOIS'),('LOC','ETENDU','PSP',2,75,109.34,'EURO_PAR_MOIS'),('LOC','ETENDU','PSP',2,76,112.32,'EURO_PAR_MOIS'),('LOC','ETENDU','PSP',2,77,115.39,'EURO_PAR_MOIS'),('LOC','ETENDU','PSP',2,78,118.53,'EURO_PAR_MOIS'),('LOC','ETENDU','PSP',2,79,121.77,'EURO_PAR_MOIS'),('LOC','ETENDU','PSP',2,80,125.09,'EURO_PAR_MOIS'),('LOC','ETENDU','PSP',2,81,128.19,'EURO_PAR_MOIS'),('LOC','ETENDU','PSP',2,82,131.37,'EURO_PAR_MOIS'),('LOC','ETENDU','PSP',2,83,134.63,'EURO_PAR_MOIS'),('LOC','ETENDU','PSP',2,84,137.97,'EURO_PAR_MOIS'),('LOC','ETENDU','PSP',2,85,141.40,'EURO_PAR_MOIS'),('LOC','ETENDU','PSP',2,86,144.91,'EURO_PAR_MOIS'),('LOC','ETENDU','PSP',2,87,148.51,'EURO_PAR_MOIS'),('LOC','ETENDU','PSP',2,88,152.20,'EURO_PAR_MOIS'),('LOC','ETENDU','PSP',2,89,155.98,'EURO_PAR_MOIS'),('LOC','ETENDU','PSP',2,90,159.85,'EURO_PAR_MOIS'),('LOC','HOSPI','PSP',1,0,9.57,'EURO_PAR_MOIS'),('LOC','HOSPI','PSP',1,1,9.57,'EURO_PAR_MOIS'),('LOC','HOSPI','PSP',1,2,9.57,'EURO_PAR_MOIS'),('LOC','HOSPI','PSP',1,3,9.57,'EURO_PAR_MOIS'),('LOC','HOSPI','PSP',1,4,9.57,'EURO_PAR_MOIS'),('LOC','HOSPI','PSP',1,5,9.57,'EURO_PAR_MOIS'),('LOC','HOSPI','PSP',1,6,9.57,'EURO_PAR_MOIS'),('LOC','HOSPI','PSP',1,7,9.57,'EURO_PAR_MOIS'),('LOC','HOSPI','PSP',1,8,9.57,'EURO_PAR_MOIS'),('LOC','HOSPI','PSP',1,9,9.57,'EURO_PAR_MOIS'),('LOC','HOSPI','PSP',1,10,9.57,'EURO_PAR_MOIS'),('LOC','HOSPI','PSP',1,11,9.57,'EURO_PAR_MOIS'),('LOC','HOSPI','PSP',1,12,9.57,'EURO_PAR_MOIS'),('LOC','HOSPI','PSP',1,13,9.57,'EURO_PAR_MOIS'),('LOC','HOSPI','PSP',1,14,9.57,'EURO_PAR_MOIS'),('LOC','HOSPI','PSP',1,15,9.57,'EURO_PAR_MOIS'),('LOC','HOSPI','PSP',1,16,9.57,'EURO_PAR_MOIS'),('LOC','HOSPI','PSP',1,17,9.57,'EURO_PAR_MOIS'),('LOC','HOSPI','PSP',1,18,9.57,'EURO_PAR_MOIS'),('LOC','HOSPI','PSP',1,19,9.57,'EURO_PAR_MOIS'),('LOC','HOSPI','PSP',1,20,9.57,'EURO_PAR_MOIS'),('LOC','HOSPI','PSP',1,21,9.57,'EURO_PAR_MOIS'),('LOC','HOSPI','PSP',1,22,9.57,'EURO_PAR_MOIS'),('LOC','HOSPI','PSP',1,23,9.57,'EURO_PAR_MOIS'),('LOC','HOSPI','PSP',1,24,9.57,'EURO_PAR_MOIS'),('LOC','HOSPI','PSP',1,25,9.57,'EURO_PAR_MOIS'),('LOC','HOSPI','PSP',1,26,9.57,'EURO_PAR_MOIS'),('LOC','HOSPI','PSP',1,27,9.57,'EURO_PAR_MOIS'),('LOC','HOSPI','PSP',1,28,9.57,'EURO_PAR_MOIS'),('LOC','HOSPI','PSP',1,29,10.99,'EURO_PAR_MOIS'),('LOC','HOSPI','PSP',1,30,11.23,'EURO_PAR_MOIS'),('LOC','HOSPI','PSP',1,31,11.47,'EURO_PAR_MOIS'),('LOC','HOSPI','PSP',1,32,11.70,'EURO_PAR_MOIS'),('LOC','HOSPI','PSP',1,33,11.93,'EURO_PAR_MOIS'),('LOC','HOSPI','PSP',1,34,12.15,'EURO_PAR_MOIS'),('LOC','HOSPI','PSP',1,35,12.37,'EURO_PAR_MOIS'),('LOC','HOSPI','PSP',1,36,12.59,'EURO_PAR_MOIS'),('LOC','HOSPI','PSP',1,37,12.80,'EURO_PAR_MOIS'),('LOC','HOSPI','PSP',1,38,13.00,'EURO_PAR_MOIS'),('LOC','HOSPI','PSP',1,39,13.21,'EURO_PAR_MOIS'),('LOC','HOSPI','PSP',1,40,13.41,'EURO_PAR_MOIS'),('LOC','HOSPI','PSP',1,41,13.62,'EURO_PAR_MOIS'),('LOC','HOSPI','PSP',1,42,13.82,'EURO_PAR_MOIS'),('LOC','HOSPI','PSP',1,43,14.03,'EURO_PAR_MOIS'),('LOC','HOSPI','PSP',1,44,14.23,'EURO_PAR_MOIS'),('LOC','HOSPI','PSP',1,45,14.44,'EURO_PAR_MOIS'),('LOC','HOSPI','PSP',1,46,14.64,'EURO_PAR_MOIS'),('LOC','HOSPI','PSP',1,47,14.85,'EURO_PAR_MOIS'),('LOC','HOSPI','PSP',1,48,15.05,'EURO_PAR_MOIS'),('LOC','HOSPI','PSP',1,49,15.27,'EURO_PAR_MOIS'),('LOC','HOSPI','PSP',1,50,15.50,'EURO_PAR_MOIS'),('LOC','HOSPI','PSP',1,51,15.72,'EURO_PAR_MOIS'),('LOC','HOSPI','PSP',1,52,15.96,'EURO_PAR_MOIS'),('LOC','HOSPI','PSP',1,53,16.20,'EURO_PAR_MOIS'),('LOC','HOSPI','PSP',1,54,16.52,'EURO_PAR_MOIS'),('LOC','HOSPI','PSP',1,55,16.85,'EURO_PAR_MOIS'),('LOC','HOSPI','PSP',1,56,17.17,'EURO_PAR_MOIS'),('LOC','HOSPI','PSP',1,57,17.50,'EURO_PAR_MOIS'),('LOC','HOSPI','PSP',1,58,17.82,'EURO_PAR_MOIS'),('LOC','HOSPI','PSP',1,59,18.14,'EURO_PAR_MOIS'),('LOC','HOSPI','PSP',1,60,18.47,'EURO_PAR_MOIS'),('LOC','HOSPI','PSP',1,61,18.82,'EURO_PAR_MOIS'),('LOC','HOSPI','PSP',1,62,19.18,'EURO_PAR_MOIS'),('LOC','HOSPI','PSP',1,63,19.54,'EURO_PAR_MOIS'),('LOC','HOSPI','PSP',1,64,19.91,'EURO_PAR_MOIS'),('LOC','HOSPI','PSP',1,65,20.29,'EURO_PAR_MOIS'),('LOC','HOSPI','PSP',1,66,20.68,'EURO_PAR_MOIS'),('LOC','HOSPI','PSP',1,67,21.07,'EURO_PAR_MOIS'),('LOC','HOSPI','PSP',1,68,21.47,'EURO_PAR_MOIS'),('LOC','HOSPI','PSP',1,69,21.89,'EURO_PAR_MOIS'),('LOC','HOSPI','PSP',1,70,22.30,'EURO_PAR_MOIS'),('LOC','HOSPI','PSP',1,71,22.73,'EURO_PAR_MOIS'),('LOC','HOSPI','PSP',1,72,23.17,'EURO_PAR_MOIS'),('LOC','HOSPI','PSP',1,73,23.61,'EURO_PAR_MOIS'),('LOC','HOSPI','PSP',1,74,24.06,'EURO_PAR_MOIS'),('LOC','HOSPI','PSP',1,75,24.53,'EURO_PAR_MOIS'),('LOC','HOSPI','PSP',1,76,25.00,'EURO_PAR_MOIS'),('LOC','HOSPI','PSP',1,77,25.48,'EURO_PAR_MOIS'),('LOC','HOSPI','PSP',1,78,25.97,'EURO_PAR_MOIS'),('LOC','HOSPI','PSP',1,79,26.47,'EURO_PAR_MOIS'),('LOC','HOSPI','PSP',1,80,30.10,'EURO_PAR_MOIS'),('LOC','HOSPI','PSP',1,81,30.83,'EURO_PAR_MOIS'),('LOC','HOSPI','PSP',1,82,31.57,'EURO_PAR_MOIS'),('LOC','HOSPI','PSP',1,83,32.34,'EURO_PAR_MOIS'),('LOC','HOSPI','PSP',1,84,33.13,'EURO_PAR_MOIS'),('LOC','HOSPI','PSP',1,85,33.93,'EURO_PAR_MOIS'),('LOC','HOSPI','PSP',1,86,34.75,'EURO_PAR_MOIS'),('LOC','HOSPI','PSP',1,87,35.60,'EURO_PAR_MOIS'),('LOC','HOSPI','PSP',1,88,36.46,'EURO_PAR_MOIS'),('LOC','HOSPI','PSP',1,89,37.35,'EURO_PAR_MOIS'),('LOC','HOSPI','PSP',1,90,38.26,'EURO_PAR_MOIS'),('LOC','HOSPI','PSP',2,0,10.27,'EURO_PAR_MOIS'),('LOC','HOSPI','PSP',2,1,10.27,'EURO_PAR_MOIS'),('LOC','HOSPI','PSP',2,2,10.27,'EURO_PAR_MOIS'),('LOC','HOSPI','PSP',2,3,10.27,'EURO_PAR_MOIS'),('LOC','HOSPI','PSP',2,4,10.27,'EURO_PAR_MOIS'),('LOC','HOSPI','PSP',2,5,10.27,'EURO_PAR_MOIS'),('LOC','HOSPI','PSP',2,6,10.27,'EURO_PAR_MOIS'),('LOC','HOSPI','PSP',2,7,10.27,'EURO_PAR_MOIS'),('LOC','HOSPI','PSP',2,8,10.27,'EURO_PAR_MOIS'),('LOC','HOSPI','PSP',2,9,10.27,'EURO_PAR_MOIS'),('LOC','HOSPI','PSP',2,10,10.27,'EURO_PAR_MOIS'),('LOC','HOSPI','PSP',2,11,10.27,'EURO_PAR_MOIS'),('LOC','HOSPI','PSP',2,12,10.27,'EURO_PAR_MOIS'),('LOC','HOSPI','PSP',2,13,10.27,'EURO_PAR_MOIS'),('LOC','HOSPI','PSP',2,14,10.27,'EURO_PAR_MOIS'),('LOC','HOSPI','PSP',2,15,10.27,'EURO_PAR_MOIS'),('LOC','HOSPI','PSP',2,16,10.27,'EURO_PAR_MOIS'),('LOC','HOSPI','PSP',2,17,10.27,'EURO_PAR_MOIS'),('LOC','HOSPI','PSP',2,18,10.27,'EURO_PAR_MOIS'),('LOC','HOSPI','PSP',2,19,10.29,'EURO_PAR_MOIS'),('LOC','HOSPI','PSP',2,20,10.32,'EURO_PAR_MOIS'),('LOC','HOSPI','PSP',2,21,10.52,'EURO_PAR_MOIS'),('LOC','HOSPI','PSP',2,22,10.73,'EURO_PAR_MOIS'),('LOC','HOSPI','PSP',2,23,10.97,'EURO_PAR_MOIS'),('LOC','HOSPI','PSP',2,24,11.22,'EURO_PAR_MOIS'),('LOC','HOSPI','PSP',2,25,11.41,'EURO_PAR_MOIS'),('LOC','HOSPI','PSP',2,26,11.60,'EURO_PAR_MOIS'),('LOC','HOSPI','PSP',2,27,11.81,'EURO_PAR_MOIS'),('LOC','HOSPI','PSP',2,28,12.02,'EURO_PAR_MOIS'),('LOC','HOSPI','PSP',2,29,12.24,'EURO_PAR_MOIS'),('LOC','HOSPI','PSP',2,30,12.51,'EURO_PAR_MOIS'),('LOC','HOSPI','PSP',2,31,12.78,'EURO_PAR_MOIS'),('LOC','HOSPI','PSP',2,32,13.05,'EURO_PAR_MOIS'),('LOC','HOSPI','PSP',2,33,13.30,'EURO_PAR_MOIS'),('LOC','HOSPI','PSP',2,34,13.55,'EURO_PAR_MOIS'),('LOC','HOSPI','PSP',2,35,13.80,'EURO_PAR_MOIS'),('LOC','HOSPI','PSP',2,36,14.05,'EURO_PAR_MOIS'),('LOC','HOSPI','PSP',2,37,14.28,'EURO_PAR_MOIS'),('LOC','HOSPI','PSP',2,38,14.51,'EURO_PAR_MOIS'),('LOC','HOSPI','PSP',2,39,14.74,'EURO_PAR_MOIS'),('LOC','HOSPI','PSP',2,40,14.97,'EURO_PAR_MOIS'),('LOC','HOSPI','PSP',2,41,15.10,'EURO_PAR_MOIS'),('LOC','HOSPI','PSP',2,42,15.22,'EURO_PAR_MOIS'),('LOC','HOSPI','PSP',2,43,15.35,'EURO_PAR_MOIS'),('LOC','HOSPI','PSP',2,44,15.48,'EURO_PAR_MOIS'),('LOC','HOSPI','PSP',2,45,15.62,'EURO_PAR_MOIS'),('LOC','HOSPI','PSP',2,46,15.84,'EURO_PAR_MOIS'),('LOC','HOSPI','PSP',2,47,16.06,'EURO_PAR_MOIS'),('LOC','HOSPI','PSP',2,48,16.28,'EURO_PAR_MOIS'),('LOC','HOSPI','PSP',2,49,16.53,'EURO_PAR_MOIS'),('LOC','HOSPI','PSP',2,50,16.77,'EURO_PAR_MOIS'),('LOC','HOSPI','PSP',2,51,17.01,'EURO_PAR_MOIS'),('LOC','HOSPI','PSP',2,52,17.27,'EURO_PAR_MOIS'),('LOC','HOSPI','PSP',2,53,17.53,'EURO_PAR_MOIS'),('LOC','HOSPI','PSP',2,54,17.88,'EURO_PAR_MOIS'),('LOC','HOSPI','PSP',2,55,18.23,'EURO_PAR_MOIS'),('LOC','HOSPI','PSP',2,56,18.59,'EURO_PAR_MOIS'),('LOC','HOSPI','PSP',2,57,18.94,'EURO_PAR_MOIS'),('LOC','HOSPI','PSP',2,58,19.29,'EURO_PAR_MOIS'),('LOC','HOSPI','PSP',2,59,19.65,'EURO_PAR_MOIS'),('LOC','HOSPI','PSP',2,60,20.00,'EURO_PAR_MOIS'),('LOC','HOSPI','PSP',2,61,20.38,'EURO_PAR_MOIS'),('LOC','HOSPI','PSP',2,62,20.77,'EURO_PAR_MOIS'),('LOC','HOSPI','PSP',2,63,21.16,'EURO_PAR_MOIS'),('LOC','HOSPI','PSP',2,64,21.57,'EURO_PAR_MOIS'),('LOC','HOSPI','PSP',2,65,21.98,'EURO_PAR_MOIS'),('LOC','HOSPI','PSP',2,66,22.40,'EURO_PAR_MOIS'),('LOC','HOSPI','PSP',2,67,22.83,'EURO_PAR_MOIS'),('LOC','HOSPI','PSP',2,68,23.27,'EURO_PAR_MOIS'),('LOC','HOSPI','PSP',2,69,23.71,'EURO_PAR_MOIS'),('LOC','HOSPI','PSP',2,70,24.17,'EURO_PAR_MOIS'),('LOC','HOSPI','PSP',2,71,24.63,'EURO_PAR_MOIS'),('LOC','HOSPI','PSP',2,72,25.11,'EURO_PAR_MOIS'),('LOC','HOSPI','PSP',2,73,25.59,'EURO_PAR_MOIS'),('LOC','HOSPI','PSP',2,74,26.08,'EURO_PAR_MOIS'),('LOC','HOSPI','PSP',2,75,26.58,'EURO_PAR_MOIS'),('LOC','HOSPI','PSP',2,76,27.10,'EURO_PAR_MOIS'),('LOC','HOSPI','PSP',2,77,27.62,'EURO_PAR_MOIS'),('LOC','HOSPI','PSP',2,78,28.15,'EURO_PAR_MOIS'),('LOC','HOSPI','PSP',2,79,28.70,'EURO_PAR_MOIS'),('LOC','HOSPI','PSP',2,80,29.25,'EURO_PAR_MOIS'),('LOC','HOSPI','PSP',2,81,29.96,'EURO_PAR_MOIS'),('LOC','HOSPI','PSP',2,82,30.68,'EURO_PAR_MOIS'),('LOC','HOSPI','PSP',2,83,31.43,'EURO_PAR_MOIS'),('LOC','HOSPI','PSP',2,84,32.19,'EURO_PAR_MOIS'),('LOC','HOSPI','PSP',2,85,32.97,'EURO_PAR_MOIS'),('LOC','HOSPI','PSP',2,86,33.77,'EURO_PAR_MOIS'),('LOC','HOSPI','PSP',2,87,34.59,'EURO_PAR_MOIS'),('LOC','HOSPI','PSP',2,88,35.43,'EURO_PAR_MOIS'),('LOC','HOSPI','PSP',2,89,36.29,'EURO_PAR_MOIS'),('LOC','HOSPI','PSP',2,90,37.17,'EURO_PAR_MOIS'),('LOC','INITIAL','PSP',1,0,14.10,'EURO_PAR_MOIS'),('LOC','INITIAL','PSP',1,1,14.10,'EURO_PAR_MOIS'),('LOC','INITIAL','PSP',1,2,14.10,'EURO_PAR_MOIS'),('LOC','INITIAL','PSP',1,3,14.10,'EURO_PAR_MOIS'),('LOC','INITIAL','PSP',1,4,14.10,'EURO_PAR_MOIS'),('LOC','INITIAL','PSP',1,5,14.10,'EURO_PAR_MOIS'),('LOC','INITIAL','PSP',1,6,14.10,'EURO_PAR_MOIS'),('LOC','INITIAL','PSP',1,7,14.10,'EURO_PAR_MOIS'),('LOC','INITIAL','PSP',1,8,14.10,'EURO_PAR_MOIS'),('LOC','INITIAL','PSP',1,9,14.10,'EURO_PAR_MOIS'),('LOC','INITIAL','PSP',1,10,14.10,'EURO_PAR_MOIS'),('LOC','INITIAL','PSP',1,11,14.10,'EURO_PAR_MOIS'),('LOC','INITIAL','PSP',1,12,14.10,'EURO_PAR_MOIS'),('LOC','INITIAL','PSP',1,13,14.10,'EURO_PAR_MOIS'),('LOC','INITIAL','PSP',1,14,14.10,'EURO_PAR_MOIS'),('LOC','INITIAL','PSP',1,15,14.10,'EURO_PAR_MOIS'),('LOC','INITIAL','PSP',1,16,14.10,'EURO_PAR_MOIS'),('LOC','INITIAL','PSP',1,17,14.10,'EURO_PAR_MOIS'),('LOC','INITIAL','PSP',1,18,14.10,'EURO_PAR_MOIS'),('LOC','INITIAL','PSP',1,19,14.10,'EURO_PAR_MOIS'),('LOC','INITIAL','PSP',1,20,14.10,'EURO_PAR_MOIS'),('LOC','INITIAL','PSP',1,21,14.10,'EURO_PAR_MOIS'),('LOC','INITIAL','PSP',1,22,14.10,'EURO_PAR_MOIS'),('LOC','INITIAL','PSP',1,23,14.10,'EURO_PAR_MOIS'),('LOC','INITIAL','PSP',1,24,14.10,'EURO_PAR_MOIS'),('LOC','INITIAL','PSP',1,25,14.10,'EURO_PAR_MOIS'),('LOC','INITIAL','PSP',1,26,14.10,'EURO_PAR_MOIS'),('LOC','INITIAL','PSP',1,27,14.10,'EURO_PAR_MOIS'),('LOC','INITIAL','PSP',1,28,14.10,'EURO_PAR_MOIS'),('LOC','INITIAL','PSP',1,29,16.25,'EURO_PAR_MOIS'),('LOC','INITIAL','PSP',1,30,16.62,'EURO_PAR_MOIS'),('LOC','INITIAL','PSP',1,31,16.98,'EURO_PAR_MOIS'),('LOC','INITIAL','PSP',1,32,17.33,'EURO_PAR_MOIS'),('LOC','INITIAL','PSP',1,33,17.68,'EURO_PAR_MOIS'),('LOC','INITIAL','PSP',1,34,18.03,'EURO_PAR_MOIS'),('LOC','INITIAL','PSP',1,35,18.37,'EURO_PAR_MOIS'),('LOC','INITIAL','PSP',1,36,18.71,'EURO_PAR_MOIS'),('LOC','INITIAL','PSP',1,37,19.03,'EURO_PAR_MOIS'),('LOC','INITIAL','PSP',1,38,19.36,'EURO_PAR_MOIS'),('LOC','INITIAL','PSP',1,39,19.69,'EURO_PAR_MOIS'),('LOC','INITIAL','PSP',1,40,20.01,'EURO_PAR_MOIS'),('LOC','INITIAL','PSP',1,41,20.32,'EURO_PAR_MOIS'),('LOC','INITIAL','PSP',1,42,20.63,'EURO_PAR_MOIS'),('LOC','INITIAL','PSP',1,43,20.94,'EURO_PAR_MOIS'),('LOC','INITIAL','PSP',1,44,21.26,'EURO_PAR_MOIS'),('LOC','INITIAL','PSP',1,45,21.57,'EURO_PAR_MOIS'),('LOC','INITIAL','PSP',1,46,21.89,'EURO_PAR_MOIS'),('LOC','INITIAL','PSP',1,47,22.20,'EURO_PAR_MOIS'),('LOC','INITIAL','PSP',1,48,22.52,'EURO_PAR_MOIS'),('LOC','INITIAL','PSP',1,49,22.85,'EURO_PAR_MOIS'),('LOC','INITIAL','PSP',1,50,23.18,'EURO_PAR_MOIS'),('LOC','INITIAL','PSP',1,51,23.53,'EURO_PAR_MOIS'),('LOC','INITIAL','PSP',1,52,23.88,'EURO_PAR_MOIS'),('LOC','INITIAL','PSP',1,53,24.25,'EURO_PAR_MOIS'),('LOC','INITIAL','PSP',1,54,24.74,'EURO_PAR_MOIS'),('LOC','INITIAL','PSP',1,55,25.24,'EURO_PAR_MOIS'),('LOC','INITIAL','PSP',1,56,25.76,'EURO_PAR_MOIS'),('LOC','INITIAL','PSP',1,57,26.26,'EURO_PAR_MOIS'),('LOC','INITIAL','PSP',1,58,26.77,'EURO_PAR_MOIS'),('LOC','INITIAL','PSP',1,59,27.27,'EURO_PAR_MOIS'),('LOC','INITIAL','PSP',1,60,27.78,'EURO_PAR_MOIS'),('LOC','INITIAL','PSP',1,61,28.31,'EURO_PAR_MOIS'),('LOC','INITIAL','PSP',1,62,28.86,'EURO_PAR_MOIS'),('LOC','INITIAL','PSP',1,63,29.42,'EURO_PAR_MOIS'),('LOC','INITIAL','PSP',1,64,29.99,'EURO_PAR_MOIS'),('LOC','INITIAL','PSP',1,65,30.57,'EURO_PAR_MOIS'),('LOC','INITIAL','PSP',1,66,31.16,'EURO_PAR_MOIS'),('LOC','INITIAL','PSP',1,67,31.76,'EURO_PAR_MOIS'),('LOC','INITIAL','PSP',1,68,32.38,'EURO_PAR_MOIS'),('LOC','INITIAL','PSP',1,69,33.01,'EURO_PAR_MOIS'),('LOC','INITIAL','PSP',1,70,33.65,'EURO_PAR_MOIS'),('LOC','INITIAL','PSP',1,71,34.30,'EURO_PAR_MOIS'),('LOC','INITIAL','PSP',1,72,34.97,'EURO_PAR_MOIS'),('LOC','INITIAL','PSP',1,73,35.65,'EURO_PAR_MOIS'),('LOC','INITIAL','PSP',1,74,36.34,'EURO_PAR_MOIS'),('LOC','INITIAL','PSP',1,75,37.05,'EURO_PAR_MOIS'),('LOC','INITIAL','PSP',1,76,37.77,'EURO_PAR_MOIS'),('LOC','INITIAL','PSP',1,77,38.51,'EURO_PAR_MOIS'),('LOC','INITIAL','PSP',1,78,39.26,'EURO_PAR_MOIS'),('LOC','INITIAL','PSP',1,79,40.03,'EURO_PAR_MOIS'),('LOC','INITIAL','PSP',1,80,45.59,'EURO_PAR_MOIS'),('LOC','INITIAL','PSP',1,81,46.70,'EURO_PAR_MOIS'),('LOC','INITIAL','PSP',1,82,47.84,'EURO_PAR_MOIS'),('LOC','INITIAL','PSP',1,83,49.02,'EURO_PAR_MOIS'),('LOC','INITIAL','PSP',1,84,50.22,'EURO_PAR_MOIS'),('LOC','INITIAL','PSP',1,85,51.45,'EURO_PAR_MOIS'),('LOC','INITIAL','PSP',1,86,52.72,'EURO_PAR_MOIS'),('LOC','INITIAL','PSP',1,87,54.01,'EURO_PAR_MOIS'),('LOC','INITIAL','PSP',1,88,55.34,'EURO_PAR_MOIS'),('LOC','INITIAL','PSP',1,89,56.69,'EURO_PAR_MOIS'),('LOC','INITIAL','PSP',1,90,58.09,'EURO_PAR_MOIS'),('LOC','INITIAL','PSP',2,0,15.15,'EURO_PAR_MOIS'),('LOC','INITIAL','PSP',2,1,15.15,'EURO_PAR_MOIS'),('LOC','INITIAL','PSP',2,2,15.15,'EURO_PAR_MOIS'),('LOC','INITIAL','PSP',2,3,15.15,'EURO_PAR_MOIS'),('LOC','INITIAL','PSP',2,4,15.15,'EURO_PAR_MOIS'),('LOC','INITIAL','PSP',2,5,15.15,'EURO_PAR_MOIS'),('LOC','INITIAL','PSP',2,6,15.15,'EURO_PAR_MOIS'),('LOC','INITIAL','PSP',2,7,15.15,'EURO_PAR_MOIS'),('LOC','INITIAL','PSP',2,8,15.15,'EURO_PAR_MOIS'),('LOC','INITIAL','PSP',2,9,15.15,'EURO_PAR_MOIS'),('LOC','INITIAL','PSP',2,10,15.15,'EURO_PAR_MOIS'),('LOC','INITIAL','PSP',2,11,15.15,'EURO_PAR_MOIS'),('LOC','INITIAL','PSP',2,12,15.15,'EURO_PAR_MOIS'),('LOC','INITIAL','PSP',2,13,15.15,'EURO_PAR_MOIS'),('LOC','INITIAL','PSP',2,14,15.15,'EURO_PAR_MOIS'),('LOC','INITIAL','PSP',2,15,15.15,'EURO_PAR_MOIS'),('LOC','INITIAL','PSP',2,16,15.15,'EURO_PAR_MOIS'),('LOC','INITIAL','PSP',2,17,15.15,'EURO_PAR_MOIS'),('LOC','INITIAL','PSP',2,18,15.15,'EURO_PAR_MOIS'),('LOC','INITIAL','PSP',2,19,15.19,'EURO_PAR_MOIS'),('LOC','INITIAL','PSP',2,20,15.23,'EURO_PAR_MOIS'),('LOC','INITIAL','PSP',2,21,15.53,'EURO_PAR_MOIS'),('LOC','INITIAL','PSP',2,22,15.86,'EURO_PAR_MOIS'),('LOC','INITIAL','PSP',2,23,16.22,'EURO_PAR_MOIS'),('LOC','INITIAL','PSP',2,24,16.60,'EURO_PAR_MOIS'),('LOC','INITIAL','PSP',2,25,16.89,'EURO_PAR_MOIS'),('LOC','INITIAL','PSP',2,26,17.19,'EURO_PAR_MOIS'),('LOC','INITIAL','PSP',2,27,17.50,'EURO_PAR_MOIS'),('LOC','INITIAL','PSP',2,28,17.82,'EURO_PAR_MOIS'),('LOC','INITIAL','PSP',2,29,18.16,'EURO_PAR_MOIS'),('LOC','INITIAL','PSP',2,30,18.57,'EURO_PAR_MOIS'),('LOC','INITIAL','PSP',2,31,18.98,'EURO_PAR_MOIS'),('LOC','INITIAL','PSP',2,32,19.38,'EURO_PAR_MOIS'),('LOC','INITIAL','PSP',2,33,19.77,'EURO_PAR_MOIS'),('LOC','INITIAL','PSP',2,34,20.16,'EURO_PAR_MOIS'),('LOC','INITIAL','PSP',2,35,20.55,'EURO_PAR_MOIS'),('LOC','INITIAL','PSP',2,36,20.92,'EURO_PAR_MOIS'),('LOC','INITIAL','PSP',2,37,21.29,'EURO_PAR_MOIS'),('LOC','INITIAL','PSP',2,38,21.66,'EURO_PAR_MOIS'),('LOC','INITIAL','PSP',2,39,22.03,'EURO_PAR_MOIS'),('LOC','INITIAL','PSP',2,40,22.38,'EURO_PAR_MOIS'),('LOC','INITIAL','PSP',2,41,22.58,'EURO_PAR_MOIS'),('LOC','INITIAL','PSP',2,42,22.77,'EURO_PAR_MOIS'),('LOC','INITIAL','PSP',2,43,22.97,'EURO_PAR_MOIS'),('LOC','INITIAL','PSP',2,44,23.17,'EURO_PAR_MOIS'),('LOC','INITIAL','PSP',2,45,23.37,'EURO_PAR_MOIS'),('LOC','INITIAL','PSP',2,46,23.72,'EURO_PAR_MOIS'),('LOC','INITIAL','PSP',2,47,24.06,'EURO_PAR_MOIS'),('LOC','INITIAL','PSP',2,48,24.40,'EURO_PAR_MOIS'),('LOC','INITIAL','PSP',2,49,24.76,'EURO_PAR_MOIS'),('LOC','INITIAL','PSP',2,50,25.12,'EURO_PAR_MOIS'),('LOC','INITIAL','PSP',2,51,25.50,'EURO_PAR_MOIS'),('LOC','INITIAL','PSP',2,52,25.88,'EURO_PAR_MOIS'),('LOC','INITIAL','PSP',2,53,26.28,'EURO_PAR_MOIS'),('LOC','INITIAL','PSP',2,54,26.82,'EURO_PAR_MOIS'),('LOC','INITIAL','PSP',2,55,27.37,'EURO_PAR_MOIS'),('LOC','INITIAL','PSP',2,56,27.92,'EURO_PAR_MOIS'),('LOC','INITIAL','PSP',2,57,28.47,'EURO_PAR_MOIS'),('LOC','INITIAL','PSP',2,58,29.02,'EURO_PAR_MOIS'),('LOC','INITIAL','PSP',2,59,29.57,'EURO_PAR_MOIS'),('LOC','INITIAL','PSP',2,60,30.12,'EURO_PAR_MOIS'),('LOC','INITIAL','PSP',2,61,30.70,'EURO_PAR_MOIS'),('LOC','INITIAL','PSP',2,62,31.30,'EURO_PAR_MOIS'),('LOC','INITIAL','PSP',2,63,31.90,'EURO_PAR_MOIS'),('LOC','INITIAL','PSP',2,64,32.52,'EURO_PAR_MOIS'),('LOC','INITIAL','PSP',2,65,33.15,'EURO_PAR_MOIS'),('LOC','INITIAL','PSP',2,66,33.80,'EURO_PAR_MOIS'),('LOC','INITIAL','PSP',2,67,34.45,'EURO_PAR_MOIS'),('LOC','INITIAL','PSP',2,68,35.12,'EURO_PAR_MOIS'),('LOC','INITIAL','PSP',2,69,35.81,'EURO_PAR_MOIS'),('LOC','INITIAL','PSP',2,70,36.50,'EURO_PAR_MOIS'),('LOC','INITIAL','PSP',2,71,37.22,'EURO_PAR_MOIS'),('LOC','INITIAL','PSP',2,72,37.94,'EURO_PAR_MOIS'),('LOC','INITIAL','PSP',2,73,38.68,'EURO_PAR_MOIS'),('LOC','INITIAL','PSP',2,74,39.43,'EURO_PAR_MOIS'),('LOC','INITIAL','PSP',2,75,40.20,'EURO_PAR_MOIS'),('LOC','INITIAL','PSP',2,76,40.99,'EURO_PAR_MOIS'),('LOC','INITIAL','PSP',2,77,41.79,'EURO_PAR_MOIS'),('LOC','INITIAL','PSP',2,78,42.61,'EURO_PAR_MOIS'),('LOC','INITIAL','PSP',2,79,43.44,'EURO_PAR_MOIS'),('LOC','INITIAL','PSP',2,80,44.29,'EURO_PAR_MOIS'),('LOC','INITIAL','PSP',2,81,45.37,'EURO_PAR_MOIS'),('LOC','INITIAL','PSP',2,82,46.48,'EURO_PAR_MOIS'),('LOC','INITIAL','PSP',2,83,47.62,'EURO_PAR_MOIS'),('LOC','INITIAL','PSP',2,84,48.79,'EURO_PAR_MOIS'),('LOC','INITIAL','PSP',2,85,49.98,'EURO_PAR_MOIS'),('LOC','INITIAL','PSP',2,86,51.21,'EURO_PAR_MOIS'),('LOC','INITIAL','PSP',2,87,52.46,'EURO_PAR_MOIS'),('LOC','INITIAL','PSP',2,88,53.75,'EURO_PAR_MOIS'),('LOC','INITIAL','PSP',2,89,55.07,'EURO_PAR_MOIS'),('LOC','INITIAL','PSP',2,90,56.42,'EURO_PAR_MOIS'),('LOC','INTEGRAL','PSP',1,0,46.43,'EURO_PAR_MOIS'),('LOC','INTEGRAL','PSP',1,1,46.43,'EURO_PAR_MOIS'),('LOC','INTEGRAL','PSP',1,2,46.43,'EURO_PAR_MOIS'),('LOC','INTEGRAL','PSP',1,3,46.43,'EURO_PAR_MOIS'),('LOC','INTEGRAL','PSP',1,4,46.43,'EURO_PAR_MOIS'),('LOC','INTEGRAL','PSP',1,5,46.43,'EURO_PAR_MOIS'),('LOC','INTEGRAL','PSP',1,6,46.43,'EURO_PAR_MOIS'),('LOC','INTEGRAL','PSP',1,7,46.43,'EURO_PAR_MOIS'),('LOC','INTEGRAL','PSP',1,8,46.43,'EURO_PAR_MOIS'),('LOC','INTEGRAL','PSP',1,9,46.43,'EURO_PAR_MOIS'),('LOC','INTEGRAL','PSP',1,10,46.43,'EURO_PAR_MOIS'),('LOC','INTEGRAL','PSP',1,11,46.43,'EURO_PAR_MOIS'),('LOC','INTEGRAL','PSP',1,12,46.43,'EURO_PAR_MOIS'),('LOC','INTEGRAL','PSP',1,13,46.43,'EURO_PAR_MOIS'),('LOC','INTEGRAL','PSP',1,14,46.43,'EURO_PAR_MOIS'),('LOC','INTEGRAL','PSP',1,15,46.43,'EURO_PAR_MOIS'),('LOC','INTEGRAL','PSP',1,16,46.43,'EURO_PAR_MOIS'),('LOC','INTEGRAL','PSP',1,17,46.43,'EURO_PAR_MOIS'),('LOC','INTEGRAL','PSP',1,18,46.43,'EURO_PAR_MOIS'),('LOC','INTEGRAL','PSP',1,19,46.43,'EURO_PAR_MOIS'),('LOC','INTEGRAL','PSP',1,20,46.43,'EURO_PAR_MOIS'),('LOC','INTEGRAL','PSP',1,21,46.43,'EURO_PAR_MOIS'),('LOC','INTEGRAL','PSP',1,22,46.43,'EURO_PAR_MOIS'),('LOC','INTEGRAL','PSP',1,23,46.43,'EURO_PAR_MOIS'),('LOC','INTEGRAL','PSP',1,24,46.43,'EURO_PAR_MOIS'),('LOC','INTEGRAL','PSP',1,25,46.43,'EURO_PAR_MOIS'),('LOC','INTEGRAL','PSP',1,26,46.43,'EURO_PAR_MOIS'),('LOC','INTEGRAL','PSP',1,27,46.43,'EURO_PAR_MOIS'),('LOC','INTEGRAL','PSP',1,28,46.43,'EURO_PAR_MOIS'),('LOC','INTEGRAL','PSP',1,29,53.87,'EURO_PAR_MOIS'),('LOC','INTEGRAL','PSP',1,30,55.14,'EURO_PAR_MOIS'),('LOC','INTEGRAL','PSP',1,31,56.38,'EURO_PAR_MOIS'),('LOC','INTEGRAL','PSP',1,32,57.61,'EURO_PAR_MOIS'),('LOC','INTEGRAL','PSP',1,33,58.81,'EURO_PAR_MOIS'),('LOC','INTEGRAL','PSP',1,34,60.02,'EURO_PAR_MOIS'),('LOC','INTEGRAL','PSP',1,35,61.20,'EURO_PAR_MOIS'),('LOC','INTEGRAL','PSP',1,36,62.37,'EURO_PAR_MOIS'),('LOC','INTEGRAL','PSP',1,37,63.49,'EURO_PAR_MOIS'),('LOC','INTEGRAL','PSP',1,38,64.62,'EURO_PAR_MOIS'),('LOC','INTEGRAL','PSP',1,39,65.73,'EURO_PAR_MOIS'),('LOC','INTEGRAL','PSP',1,40,66.81,'EURO_PAR_MOIS'),('LOC','INTEGRAL','PSP',1,41,67.92,'EURO_PAR_MOIS'),('LOC','INTEGRAL','PSP',1,42,69.01,'EURO_PAR_MOIS'),('LOC','INTEGRAL','PSP',1,43,70.07,'EURO_PAR_MOIS'),('LOC','INTEGRAL','PSP',1,44,71.16,'EURO_PAR_MOIS'),('LOC','INTEGRAL','PSP',1,45,72.25,'EURO_PAR_MOIS'),('LOC','INTEGRAL','PSP',1,46,73.35,'EURO_PAR_MOIS'),('LOC','INTEGRAL','PSP',1,47,74.44,'EURO_PAR_MOIS'),('LOC','INTEGRAL','PSP',1,48,74.74,'EURO_PAR_MOIS'),('LOC','INTEGRAL','PSP',1,49,75.04,'EURO_PAR_MOIS'),('LOC','INTEGRAL','PSP',1,50,75.37,'EURO_PAR_MOIS'),('LOC','INTEGRAL','PSP',1,51,75.69,'EURO_PAR_MOIS'),('LOC','INTEGRAL','PSP',1,52,76.05,'EURO_PAR_MOIS'),('LOC','INTEGRAL','PSP',1,53,76.42,'EURO_PAR_MOIS'),('LOC','INTEGRAL','PSP',1,54,76.88,'EURO_PAR_MOIS'),('LOC','INTEGRAL','PSP',1,55,77.36,'EURO_PAR_MOIS'),('LOC','INTEGRAL','PSP',1,56,78.12,'EURO_PAR_MOIS'),('LOC','INTEGRAL','PSP',1,57,78.84,'EURO_PAR_MOIS'),('LOC','INTEGRAL','PSP',1,58,79.54,'EURO_PAR_MOIS'),('LOC','INTEGRAL','PSP',1,59,80.21,'EURO_PAR_MOIS'),('LOC','INTEGRAL','PSP',1,60,80.85,'EURO_PAR_MOIS'),('LOC','INTEGRAL','PSP',1,61,83.33,'EURO_PAR_MOIS'),('LOC','INTEGRAL','PSP',1,62,85.88,'EURO_PAR_MOIS'),('LOC','INTEGRAL','PSP',1,63,88.51,'EURO_PAR_MOIS'),('LOC','INTEGRAL','PSP',1,64,91.23,'EURO_PAR_MOIS'),('LOC','INTEGRAL','PSP',1,65,94.03,'EURO_PAR_MOIS'),('LOC','INTEGRAL','PSP',1,66,97.28,'EURO_PAR_MOIS'),('LOC','INTEGRAL','PSP',1,67,100.66,'EURO_PAR_MOIS'),('LOC','INTEGRAL','PSP',1,68,104.15,'EURO_PAR_MOIS'),('LOC','INTEGRAL','PSP',1,69,107.76,'EURO_PAR_MOIS'),('LOC','INTEGRAL','PSP',1,70,111.49,'EURO_PAR_MOIS'),('LOC','INTEGRAL','PSP',1,71,115.36,'EURO_PAR_MOIS'),('LOC','INTEGRAL','PSP',1,72,119.37,'EURO_PAR_MOIS'),('LOC','INTEGRAL','PSP',1,73,123.51,'EURO_PAR_MOIS'),('LOC','INTEGRAL','PSP',1,74,127.80,'EURO_PAR_MOIS'),('LOC','INTEGRAL','PSP',1,75,132.24,'EURO_PAR_MOIS'),('LOC','INTEGRAL','PSP',1,76,135.85,'EURO_PAR_MOIS'),('LOC','INTEGRAL','PSP',1,77,139.56,'EURO_PAR_MOIS'),('LOC','INTEGRAL','PSP',1,78,143.37,'EURO_PAR_MOIS'),('LOC','INTEGRAL','PSP',1,79,147.29,'EURO_PAR_MOIS'),('LOC','INTEGRAL','PSP',1,80,169.35,'EURO_PAR_MOIS'),('LOC','INTEGRAL','PSP',1,81,173.56,'EURO_PAR_MOIS'),('LOC','INTEGRAL','PSP',1,82,177.88,'EURO_PAR_MOIS'),('LOC','INTEGRAL','PSP',1,83,182.30,'EURO_PAR_MOIS'),('LOC','INTEGRAL','PSP',1,84,186.84,'EURO_PAR_MOIS'),('LOC','INTEGRAL','PSP',1,85,191.48,'EURO_PAR_MOIS'),('LOC','INTEGRAL','PSP',1,86,196.24,'EURO_PAR_MOIS'),('LOC','INTEGRAL','PSP',1,87,201.13,'EURO_PAR_MOIS'),('LOC','INTEGRAL','PSP',1,88,206.13,'EURO_PAR_MOIS'),('LOC','INTEGRAL','PSP',1,89,211.26,'EURO_PAR_MOIS'),('LOC','INTEGRAL','PSP',1,90,216.52,'EURO_PAR_MOIS'),('LOC','INTEGRAL','PSP',2,0,50.07,'EURO_PAR_MOIS'),('LOC','INTEGRAL','PSP',2,1,50.07,'EURO_PAR_MOIS'),('LOC','INTEGRAL','PSP',2,2,50.07,'EURO_PAR_MOIS'),('LOC','INTEGRAL','PSP',2,3,50.07,'EURO_PAR_MOIS'),('LOC','INTEGRAL','PSP',2,4,50.07,'EURO_PAR_MOIS'),('LOC','INTEGRAL','PSP',2,5,50.07,'EURO_PAR_MOIS'),('LOC','INTEGRAL','PSP',2,6,50.07,'EURO_PAR_MOIS'),('LOC','INTEGRAL','PSP',2,7,50.07,'EURO_PAR_MOIS'),('LOC','INTEGRAL','PSP',2,8,50.07,'EURO_PAR_MOIS'),('LOC','INTEGRAL','PSP',2,9,50.07,'EURO_PAR_MOIS'),('LOC','INTEGRAL','PSP',2,10,50.07,'EURO_PAR_MOIS'),('LOC','INTEGRAL','PSP',2,11,50.07,'EURO_PAR_MOIS'),('LOC','INTEGRAL','PSP',2,12,50.07,'EURO_PAR_MOIS'),('LOC','INTEGRAL','PSP',2,13,50.07,'EURO_PAR_MOIS'),('LOC','INTEGRAL','PSP',2,14,50.07,'EURO_PAR_MOIS'),('LOC','INTEGRAL','PSP',2,15,50.07,'EURO_PAR_MOIS'),('LOC','INTEGRAL','PSP',2,16,50.07,'EURO_PAR_MOIS'),('LOC','INTEGRAL','PSP',2,17,50.07,'EURO_PAR_MOIS'),('LOC','INTEGRAL','PSP',2,18,50.07,'EURO_PAR_MOIS'),('LOC','INTEGRAL','PSP',2,19,50.20,'EURO_PAR_MOIS'),('LOC','INTEGRAL','PSP',2,20,50.34,'EURO_PAR_MOIS'),('LOC','INTEGRAL','PSP',2,21,51.39,'EURO_PAR_MOIS'),('LOC','INTEGRAL','PSP',2,22,52.52,'EURO_PAR_MOIS'),('LOC','INTEGRAL','PSP',2,23,53.77,'EURO_PAR_MOIS'),('LOC','INTEGRAL','PSP',2,24,55.08,'EURO_PAR_MOIS'),('LOC','INTEGRAL','PSP',2,25,56.09,'EURO_PAR_MOIS'),('LOC','INTEGRAL','PSP',2,26,57.12,'EURO_PAR_MOIS'),('LOC','INTEGRAL','PSP',2,27,58.19,'EURO_PAR_MOIS'),('LOC','INTEGRAL','PSP',2,28,59.32,'EURO_PAR_MOIS'),('LOC','INTEGRAL','PSP',2,29,60.48,'EURO_PAR_MOIS'),('LOC','INTEGRAL','PSP',2,30,61.90,'EURO_PAR_MOIS'),('LOC','INTEGRAL','PSP',2,31,63.30,'EURO_PAR_MOIS'),('LOC','INTEGRAL','PSP',2,32,64.68,'EURO_PAR_MOIS'),('LOC','INTEGRAL','PSP',2,33,66.04,'EURO_PAR_MOIS'),('LOC','INTEGRAL','PSP',2,34,67.39,'EURO_PAR_MOIS'),('LOC','INTEGRAL','PSP',2,35,68.73,'EURO_PAR_MOIS'),('LOC','INTEGRAL','PSP',2,36,70.04,'EURO_PAR_MOIS'),('LOC','INTEGRAL','PSP',2,37,71.31,'EURO_PAR_MOIS'),('LOC','INTEGRAL','PSP',2,38,72.57,'EURO_PAR_MOIS'),('LOC','INTEGRAL','PSP',2,39,73.82,'EURO_PAR_MOIS'),('LOC','INTEGRAL','PSP',2,40,75.04,'EURO_PAR_MOIS'),('LOC','INTEGRAL','PSP',2,41,75.71,'EURO_PAR_MOIS'),('LOC','INTEGRAL','PSP',2,42,76.39,'EURO_PAR_MOIS'),('LOC','INTEGRAL','PSP',2,43,77.08,'EURO_PAR_MOIS'),('LOC','INTEGRAL','PSP',2,44,77.78,'EURO_PAR_MOIS'),('LOC','INTEGRAL','PSP',2,45,78.48,'EURO_PAR_MOIS'),('LOC','INTEGRAL','PSP',2,46,79.68,'EURO_PAR_MOIS'),('LOC','INTEGRAL','PSP',2,47,80.86,'EURO_PAR_MOIS'),('LOC','INTEGRAL','PSP',2,48,81.18,'EURO_PAR_MOIS'),('LOC','INTEGRAL','PSP',2,49,81.51,'EURO_PAR_MOIS'),('LOC','INTEGRAL','PSP',2,50,81.87,'EURO_PAR_MOIS'),('LOC','INTEGRAL','PSP',2,51,82.22,'EURO_PAR_MOIS'),('LOC','INTEGRAL','PSP',2,52,82.61,'EURO_PAR_MOIS'),('LOC','INTEGRAL','PSP',2,53,83.01,'EURO_PAR_MOIS'),('LOC','INTEGRAL','PSP',2,54,83.51,'EURO_PAR_MOIS'),('LOC','INTEGRAL','PSP',2,55,84.04,'EURO_PAR_MOIS'),('LOC','INTEGRAL','PSP',2,56,84.86,'EURO_PAR_MOIS'),('LOC','INTEGRAL','PSP',2,57,85.64,'EURO_PAR_MOIS'),('LOC','INTEGRAL','PSP',2,58,86.41,'EURO_PAR_MOIS'),('LOC','INTEGRAL','PSP',2,59,87.13,'EURO_PAR_MOIS'),('LOC','INTEGRAL','PSP',2,60,87.83,'EURO_PAR_MOIS'),('LOC','INTEGRAL','PSP',2,61,90.53,'EURO_PAR_MOIS'),('LOC','INTEGRAL','PSP',2,62,93.30,'EURO_PAR_MOIS'),('LOC','INTEGRAL','PSP',2,63,96.16,'EURO_PAR_MOIS'),('LOC','INTEGRAL','PSP',2,64,99.12,'EURO_PAR_MOIS'),('LOC','INTEGRAL','PSP',2,65,102.16,'EURO_PAR_MOIS'),('LOC','INTEGRAL','PSP',2,66,105.70,'EURO_PAR_MOIS'),('LOC','INTEGRAL','PSP',2,67,109.37,'EURO_PAR_MOIS'),('LOC','INTEGRAL','PSP',2,68,113.16,'EURO_PAR_MOIS'),('LOC','INTEGRAL','PSP',2,69,117.09,'EURO_PAR_MOIS'),('LOC','INTEGRAL','PSP',2,70,121.15,'EURO_PAR_MOIS'),('LOC','INTEGRAL','PSP',2,71,125.36,'EURO_PAR_MOIS'),('LOC','INTEGRAL','PSP',2,72,129.71,'EURO_PAR_MOIS'),('LOC','INTEGRAL','PSP',2,73,134.22,'EURO_PAR_MOIS'),('LOC','INTEGRAL','PSP',2,74,138.88,'EURO_PAR_MOIS'),('LOC','INTEGRAL','PSP',2,75,143.71,'EURO_PAR_MOIS'),('LOC','INTEGRAL','PSP',2,76,147.64,'EURO_PAR_MOIS'),('LOC','INTEGRAL','PSP',2,77,151.67,'EURO_PAR_MOIS'),('LOC','INTEGRAL','PSP',2,78,155.81,'EURO_PAR_MOIS'),('LOC','INTEGRAL','PSP',2,79,160.07,'EURO_PAR_MOIS'),('LOC','INTEGRAL','PSP',2,80,164.45,'EURO_PAR_MOIS'),('LOC','INTEGRAL','PSP',2,81,168.54,'EURO_PAR_MOIS'),('LOC','INTEGRAL','PSP',2,82,172.73,'EURO_PAR_MOIS'),('LOC','INTEGRAL','PSP',2,83,177.02,'EURO_PAR_MOIS'),('LOC','INTEGRAL','PSP',2,84,181.42,'EURO_PAR_MOIS'),('LOC','INTEGRAL','PSP',2,85,185.93,'EURO_PAR_MOIS'),('LOC','INTEGRAL','PSP',2,86,190.56,'EURO_PAR_MOIS'),('LOC','INTEGRAL','PSP',2,87,195.30,'EURO_PAR_MOIS'),('LOC','INTEGRAL','PSP',2,88,200.16,'EURO_PAR_MOIS'),('LOC','INTEGRAL','PSP',2,89,205.14,'EURO_PAR_MOIS'),('LOC','INTEGRAL','PSP',2,90,210.24,'EURO_PAR_MOIS'),('LOC','INTERMEDIAIRE','PSP',1,0,23.44,'EURO_PAR_MOIS'),('LOC','INTERMEDIAIRE','PSP',1,1,23.44,'EURO_PAR_MOIS'),('LOC','INTERMEDIAIRE','PSP',1,2,23.44,'EURO_PAR_MOIS'),('LOC','INTERMEDIAIRE','PSP',1,3,23.44,'EURO_PAR_MOIS'),('LOC','INTERMEDIAIRE','PSP',1,4,23.44,'EURO_PAR_MOIS'),('LOC','INTERMEDIAIRE','PSP',1,5,23.44,'EURO_PAR_MOIS'),('LOC','INTERMEDIAIRE','PSP',1,6,23.44,'EURO_PAR_MOIS'),('LOC','INTERMEDIAIRE','PSP',1,7,23.44,'EURO_PAR_MOIS'),('LOC','INTERMEDIAIRE','PSP',1,8,23.44,'EURO_PAR_MOIS'),('LOC','INTERMEDIAIRE','PSP',1,9,23.44,'EURO_PAR_MOIS'),('LOC','INTERMEDIAIRE','PSP',1,10,23.44,'EURO_PAR_MOIS'),('LOC','INTERMEDIAIRE','PSP',1,11,23.44,'EURO_PAR_MOIS'),('LOC','INTERMEDIAIRE','PSP',1,12,23.44,'EURO_PAR_MOIS'),('LOC','INTERMEDIAIRE','PSP',1,13,23.44,'EURO_PAR_MOIS'),('LOC','INTERMEDIAIRE','PSP',1,14,23.44,'EURO_PAR_MOIS'),('LOC','INTERMEDIAIRE','PSP',1,15,23.44,'EURO_PAR_MOIS'),('LOC','INTERMEDIAIRE','PSP',1,16,23.44,'EURO_PAR_MOIS'),('LOC','INTERMEDIAIRE','PSP',1,17,23.44,'EURO_PAR_MOIS'),('LOC','INTERMEDIAIRE','PSP',1,18,23.44,'EURO_PAR_MOIS'),('LOC','INTERMEDIAIRE','PSP',1,19,23.44,'EURO_PAR_MOIS'),('LOC','INTERMEDIAIRE','PSP',1,20,23.44,'EURO_PAR_MOIS'),('LOC','INTERMEDIAIRE','PSP',1,21,23.44,'EURO_PAR_MOIS'),('LOC','INTERMEDIAIRE','PSP',1,22,23.44,'EURO_PAR_MOIS'),('LOC','INTERMEDIAIRE','PSP',1,23,23.44,'EURO_PAR_MOIS'),('LOC','INTERMEDIAIRE','PSP',1,24,23.44,'EURO_PAR_MOIS'),('LOC','INTERMEDIAIRE','PSP',1,25,23.44,'EURO_PAR_MOIS'),('LOC','INTERMEDIAIRE','PSP',1,26,23.44,'EURO_PAR_MOIS'),('LOC','INTERMEDIAIRE','PSP',1,27,23.44,'EURO_PAR_MOIS'),('LOC','INTERMEDIAIRE','PSP',1,28,23.44,'EURO_PAR_MOIS'),('LOC','INTERMEDIAIRE','PSP',1,29,27.12,'EURO_PAR_MOIS'),('LOC','INTERMEDIAIRE','PSP',1,30,27.75,'EURO_PAR_MOIS'),('LOC','INTERMEDIAIRE','PSP',1,31,28.36,'EURO_PAR_MOIS'),('LOC','INTERMEDIAIRE','PSP',1,32,28.97,'EURO_PAR_MOIS'),('LOC','INTERMEDIAIRE','PSP',1,33,29.56,'EURO_PAR_MOIS'),('LOC','INTERMEDIAIRE','PSP',1,34,30.16,'EURO_PAR_MOIS'),('LOC','INTERMEDIAIRE','PSP',1,35,30.74,'EURO_PAR_MOIS'),('LOC','INTERMEDIAIRE','PSP',1,36,31.32,'EURO_PAR_MOIS'),('LOC','INTERMEDIAIRE','PSP',1,37,31.88,'EURO_PAR_MOIS'),('LOC','INTERMEDIAIRE','PSP',1,38,32.43,'EURO_PAR_MOIS'),('LOC','INTERMEDIAIRE','PSP',1,39,32.98,'EURO_PAR_MOIS'),('LOC','INTERMEDIAIRE','PSP',1,40,33.52,'EURO_PAR_MOIS'),('LOC','INTERMEDIAIRE','PSP',1,41,34.07,'EURO_PAR_MOIS'),('LOC','INTERMEDIAIRE','PSP',1,42,34.60,'EURO_PAR_MOIS'),('LOC','INTERMEDIAIRE','PSP',1,43,35.13,'EURO_PAR_MOIS'),('LOC','INTERMEDIAIRE','PSP',1,44,35.67,'EURO_PAR_MOIS'),('LOC','INTERMEDIAIRE','PSP',1,45,36.20,'EURO_PAR_MOIS'),('LOC','INTERMEDIAIRE','PSP',1,46,36.75,'EURO_PAR_MOIS'),('LOC','INTERMEDIAIRE','PSP',1,47,37.29,'EURO_PAR_MOIS'),('LOC','INTERMEDIAIRE','PSP',1,48,37.74,'EURO_PAR_MOIS'),('LOC','INTERMEDIAIRE','PSP',1,49,38.21,'EURO_PAR_MOIS'),('LOC','INTERMEDIAIRE','PSP',1,50,38.50,'EURO_PAR_MOIS'),('LOC','INTERMEDIAIRE','PSP',1,51,38.80,'EURO_PAR_MOIS'),('LOC','INTERMEDIAIRE','PSP',1,52,39.11,'EURO_PAR_MOIS'),('LOC','INTERMEDIAIRE','PSP',1,53,39.43,'EURO_PAR_MOIS'),('LOC','INTERMEDIAIRE','PSP',1,54,39.96,'EURO_PAR_MOIS'),('LOC','INTERMEDIAIRE','PSP',1,55,40.50,'EURO_PAR_MOIS'),('LOC','INTERMEDIAIRE','PSP',1,56,41.03,'EURO_PAR_MOIS'),('LOC','INTERMEDIAIRE','PSP',1,57,41.54,'EURO_PAR_MOIS'),('LOC','INTERMEDIAIRE','PSP',1,58,42.05,'EURO_PAR_MOIS'),('LOC','INTERMEDIAIRE','PSP',1,59,42.54,'EURO_PAR_MOIS'),('LOC','INTERMEDIAIRE','PSP',1,60,43.03,'EURO_PAR_MOIS'),('LOC','INTERMEDIAIRE','PSP',1,61,44.08,'EURO_PAR_MOIS'),('LOC','INTERMEDIAIRE','PSP',1,62,45.15,'EURO_PAR_MOIS'),('LOC','INTERMEDIAIRE','PSP',1,63,46.48,'EURO_PAR_MOIS'),('LOC','INTERMEDIAIRE','PSP',1,64,47.85,'EURO_PAR_MOIS'),('LOC','INTERMEDIAIRE','PSP',1,65,49.25,'EURO_PAR_MOIS'),('LOC','INTERMEDIAIRE','PSP',1,66,50.70,'EURO_PAR_MOIS'),('LOC','INTERMEDIAIRE','PSP',1,67,52.19,'EURO_PAR_MOIS'),('LOC','INTERMEDIAIRE','PSP',1,68,53.73,'EURO_PAR_MOIS'),('LOC','INTERMEDIAIRE','PSP',1,69,55.31,'EURO_PAR_MOIS'),('LOC','INTERMEDIAIRE','PSP',1,70,56.81,'EURO_PAR_MOIS'),('LOC','INTERMEDIAIRE','PSP',1,71,58.34,'EURO_PAR_MOIS'),('LOC','INTERMEDIAIRE','PSP',1,72,59.92,'EURO_PAR_MOIS'),('LOC','INTERMEDIAIRE','PSP',1,73,61.54,'EURO_PAR_MOIS'),('LOC','INTERMEDIAIRE','PSP',1,74,63.21,'EURO_PAR_MOIS'),('LOC','INTERMEDIAIRE','PSP',1,75,64.92,'EURO_PAR_MOIS'),('LOC','INTERMEDIAIRE','PSP',1,76,66.68,'EURO_PAR_MOIS'),('LOC','INTERMEDIAIRE','PSP',1,77,68.49,'EURO_PAR_MOIS'),('LOC','INTERMEDIAIRE','PSP',1,78,70.35,'EURO_PAR_MOIS'),('LOC','INTERMEDIAIRE','PSP',1,79,72.25,'EURO_PAR_MOIS'),('LOC','INTERMEDIAIRE','PSP',1,80,83.00,'EURO_PAR_MOIS'),('LOC','INTERMEDIAIRE','PSP',1,81,85.06,'EURO_PAR_MOIS'),('LOC','INTERMEDIAIRE','PSP',1,82,87.16,'EURO_PAR_MOIS'),('LOC','INTERMEDIAIRE','PSP',1,83,89.32,'EURO_PAR_MOIS'),('LOC','INTERMEDIAIRE','PSP',1,84,91.52,'EURO_PAR_MOIS'),('LOC','INTERMEDIAIRE','PSP',1,85,93.79,'EURO_PAR_MOIS'),('LOC','INTERMEDIAIRE','PSP',1,86,96.10,'EURO_PAR_MOIS'),('LOC','INTERMEDIAIRE','PSP',1,87,98.49,'EURO_PAR_MOIS'),('LOC','INTERMEDIAIRE','PSP',1,88,100.92,'EURO_PAR_MOIS'),('LOC','INTERMEDIAIRE','PSP',1,89,103.42,'EURO_PAR_MOIS'),('LOC','INTERMEDIAIRE','PSP',1,90,105.98,'EURO_PAR_MOIS'),('LOC','INTERMEDIAIRE','PSP',2,0,25.24,'EURO_PAR_MOIS'),('LOC','INTERMEDIAIRE','PSP',2,1,25.24,'EURO_PAR_MOIS'),('LOC','INTERMEDIAIRE','PSP',2,2,25.24,'EURO_PAR_MOIS'),('LOC','INTERMEDIAIRE','PSP',2,3,25.24,'EURO_PAR_MOIS'),('LOC','INTERMEDIAIRE','PSP',2,4,25.24,'EURO_PAR_MOIS'),('LOC','INTERMEDIAIRE','PSP',2,5,25.24,'EURO_PAR_MOIS'),('LOC','INTERMEDIAIRE','PSP',2,6,25.24,'EURO_PAR_MOIS'),('LOC','INTERMEDIAIRE','PSP',2,7,25.24,'EURO_PAR_MOIS'),('LOC','INTERMEDIAIRE','PSP',2,8,25.24,'EURO_PAR_MOIS'),('LOC','INTERMEDIAIRE','PSP',2,9,25.24,'EURO_PAR_MOIS'),('LOC','INTERMEDIAIRE','PSP',2,10,25.24,'EURO_PAR_MOIS'),('LOC','INTERMEDIAIRE','PSP',2,11,25.24,'EURO_PAR_MOIS'),('LOC','INTERMEDIAIRE','PSP',2,12,25.24,'EURO_PAR_MOIS'),('LOC','INTERMEDIAIRE','PSP',2,13,25.24,'EURO_PAR_MOIS'),('LOC','INTERMEDIAIRE','PSP',2,14,25.24,'EURO_PAR_MOIS'),('LOC','INTERMEDIAIRE','PSP',2,15,25.24,'EURO_PAR_MOIS'),('LOC','INTERMEDIAIRE','PSP',2,16,25.24,'EURO_PAR_MOIS'),('LOC','INTERMEDIAIRE','PSP',2,17,25.24,'EURO_PAR_MOIS'),('LOC','INTERMEDIAIRE','PSP',2,18,25.24,'EURO_PAR_MOIS'),('LOC','INTERMEDIAIRE','PSP',2,19,25.31,'EURO_PAR_MOIS'),('LOC','INTERMEDIAIRE','PSP',2,20,25.38,'EURO_PAR_MOIS'),('LOC','INTERMEDIAIRE','PSP',2,21,25.89,'EURO_PAR_MOIS'),('LOC','INTERMEDIAIRE','PSP',2,22,26.45,'EURO_PAR_MOIS'),('LOC','INTERMEDIAIRE','PSP',2,23,27.07,'EURO_PAR_MOIS'),('LOC','INTERMEDIAIRE','PSP',2,24,27.72,'EURO_PAR_MOIS'),('LOC','INTERMEDIAIRE','PSP',2,25,28.22,'EURO_PAR_MOIS'),('LOC','INTERMEDIAIRE','PSP',2,26,28.72,'EURO_PAR_MOIS'),('LOC','INTERMEDIAIRE','PSP',2,27,29.26,'EURO_PAR_MOIS'),('LOC','INTERMEDIAIRE','PSP',2,28,29.81,'EURO_PAR_MOIS'),('LOC','INTERMEDIAIRE','PSP',2,29,30.39,'EURO_PAR_MOIS'),('LOC','INTERMEDIAIRE','PSP',2,30,31.09,'EURO_PAR_MOIS'),('LOC','INTERMEDIAIRE','PSP',2,31,31.78,'EURO_PAR_MOIS'),('LOC','INTERMEDIAIRE','PSP',2,32,32.46,'EURO_PAR_MOIS'),('LOC','INTERMEDIAIRE','PSP',2,33,33.13,'EURO_PAR_MOIS'),('LOC','INTERMEDIAIRE','PSP',2,34,33.80,'EURO_PAR_MOIS'),('LOC','INTERMEDIAIRE','PSP',2,35,34.46,'EURO_PAR_MOIS'),('LOC','INTERMEDIAIRE','PSP',2,36,35.11,'EURO_PAR_MOIS'),('LOC','INTERMEDIAIRE','PSP',2,37,35.74,'EURO_PAR_MOIS'),('LOC','INTERMEDIAIRE','PSP',2,38,36.37,'EURO_PAR_MOIS'),('LOC','INTERMEDIAIRE','PSP',2,39,36.98,'EURO_PAR_MOIS'),('LOC','INTERMEDIAIRE','PSP',2,40,37.59,'EURO_PAR_MOIS'),('LOC','INTERMEDIAIRE','PSP',2,41,37.92,'EURO_PAR_MOIS'),('LOC','INTERMEDIAIRE','PSP',2,42,38.26,'EURO_PAR_MOIS'),('LOC','INTERMEDIAIRE','PSP',2,43,38.60,'EURO_PAR_MOIS'),('LOC','INTERMEDIAIRE','PSP',2,44,38.94,'EURO_PAR_MOIS'),('LOC','INTERMEDIAIRE','PSP',2,45,39.28,'EURO_PAR_MOIS'),('LOC','INTERMEDIAIRE','PSP',2,46,39.88,'EURO_PAR_MOIS'),('LOC','INTERMEDIAIRE','PSP',2,47,40.46,'EURO_PAR_MOIS'),('LOC','INTERMEDIAIRE','PSP',2,48,40.96,'EURO_PAR_MOIS'),('LOC','INTERMEDIAIRE','PSP',2,49,41.46,'EURO_PAR_MOIS'),('LOC','INTERMEDIAIRE','PSP',2,50,41.78,'EURO_PAR_MOIS'),('LOC','INTERMEDIAIRE','PSP',2,51,42.11,'EURO_PAR_MOIS'),('LOC','INTERMEDIAIRE','PSP',2,52,42.44,'EURO_PAR_MOIS'),('LOC','INTERMEDIAIRE','PSP',2,53,42.79,'EURO_PAR_MOIS'),('LOC','INTERMEDIAIRE','PSP',2,54,43.36,'EURO_PAR_MOIS'),('LOC','INTERMEDIAIRE','PSP',2,55,43.95,'EURO_PAR_MOIS'),('LOC','INTERMEDIAIRE','PSP',2,56,44.53,'EURO_PAR_MOIS'),('LOC','INTERMEDIAIRE','PSP',2,57,45.08,'EURO_PAR_MOIS'),('LOC','INTERMEDIAIRE','PSP',2,58,45.64,'EURO_PAR_MOIS'),('LOC','INTERMEDIAIRE','PSP',2,59,46.18,'EURO_PAR_MOIS'),('LOC','INTERMEDIAIRE','PSP',2,60,46.70,'EURO_PAR_MOIS'),('LOC','INTERMEDIAIRE','PSP',2,61,47.84,'EURO_PAR_MOIS'),('LOC','INTERMEDIAIRE','PSP',2,62,49.02,'EURO_PAR_MOIS'),('LOC','INTERMEDIAIRE','PSP',2,63,50.46,'EURO_PAR_MOIS'),('LOC','INTERMEDIAIRE','PSP',2,64,51.94,'EURO_PAR_MOIS'),('LOC','INTERMEDIAIRE','PSP',2,65,53.47,'EURO_PAR_MOIS'),('LOC','INTERMEDIAIRE','PSP',2,66,55.05,'EURO_PAR_MOIS'),('LOC','INTERMEDIAIRE','PSP',2,67,56.67,'EURO_PAR_MOIS'),('LOC','INTERMEDIAIRE','PSP',2,68,58.34,'EURO_PAR_MOIS'),('LOC','INTERMEDIAIRE','PSP',2,69,60.06,'EURO_PAR_MOIS'),('LOC','INTERMEDIAIRE','PSP',2,70,61.69,'EURO_PAR_MOIS'),('LOC','INTERMEDIAIRE','PSP',2,71,63.36,'EURO_PAR_MOIS'),('LOC','INTERMEDIAIRE','PSP',2,72,65.07,'EURO_PAR_MOIS'),('LOC','INTERMEDIAIRE','PSP',2,73,66.84,'EURO_PAR_MOIS'),('LOC','INTERMEDIAIRE','PSP',2,74,68.65,'EURO_PAR_MOIS'),('LOC','INTERMEDIAIRE','PSP',2,75,70.51,'EURO_PAR_MOIS'),('LOC','INTERMEDIAIRE','PSP',2,76,72.42,'EURO_PAR_MOIS'),('LOC','INTERMEDIAIRE','PSP',2,77,74.39,'EURO_PAR_MOIS'),('LOC','INTERMEDIAIRE','PSP',2,78,76.41,'EURO_PAR_MOIS'),('LOC','INTERMEDIAIRE','PSP',2,79,78.48,'EURO_PAR_MOIS'),('LOC','INTERMEDIAIRE','PSP',2,80,80.61,'EURO_PAR_MOIS'),('LOC','INTERMEDIAIRE','PSP',2,81,82.61,'EURO_PAR_MOIS'),('LOC','INTERMEDIAIRE','PSP',2,82,84.65,'EURO_PAR_MOIS'),('LOC','INTERMEDIAIRE','PSP',2,83,86.74,'EURO_PAR_MOIS'),('LOC','INTERMEDIAIRE','PSP',2,84,88.88,'EURO_PAR_MOIS'),('LOC','INTERMEDIAIRE','PSP',2,85,91.08,'EURO_PAR_MOIS'),('LOC','INTERMEDIAIRE','PSP',2,86,93.33,'EURO_PAR_MOIS'),('LOC','INTERMEDIAIRE','PSP',2,87,95.64,'EURO_PAR_MOIS'),('LOC','INTERMEDIAIRE','PSP',2,88,98.01,'EURO_PAR_MOIS'),('LOC','INTERMEDIAIRE','PSP',2,89,100.44,'EURO_PAR_MOIS'),('LOC','INTERMEDIAIRE','PSP',2,90,102.92,'EURO_PAR_MOIS');
/*!40000 ALTER TABLE `tarif_dt_formule_socle` ENABLE KEYS */;
UNLOCK TABLES;

--
-- Table structure for table `tarif_dt_option`
--

DROP TABLE IF EXISTS `tarif_dt_option`;
/*!40101 SET @saved_cs_client     = @@character_set_client */;
/*!40101 SET character_set_client = utf8 */;
CREATE TABLE `tarif_dt_option` (
  `code_formule` varchar(50) NOT NULL,
  `code_produit` varchar(10) NOT NULL,
  `id_generation` bigint(20) NOT NULL DEFAULT '1',
  `tarif` decimal(5,2) NOT NULL,
  `code_unite` varchar(50) DEFAULT NULL,
  PRIMARY KEY (`code_formule`,`code_produit`,`id_generation`),
  KEY `tarif_dt_option_a_unite_prestation_fk` (`code_unite`),
  KEY `tarif_dt_option_a_generation_tarif_fk` (`id_generation`),
  KEY `tarif_dt_option_a_produit_fk` (`code_produit`),
  CONSTRAINT `tarif_dt_option_a_produit_fk` FOREIGN KEY (`code_produit`) REFERENCES `produit` (`code`),
  CONSTRAINT `tarif_dt_option_a_formule_fk` FOREIGN KEY (`code_formule`) REFERENCES `formule` (`co_formule`),
  CONSTRAINT `tarif_dt_option_a_generation_tarif_fk` FOREIGN KEY (`id_generation`) REFERENCES `generation_tarif` (`id`),
  CONSTRAINT `tarif_dt_option_a_unite_prestation_fk` FOREIGN KEY (`code_unite`) REFERENCES `unite_prestation` (`code`)
) ENGINE=InnoDB DEFAULT CHARSET=latin1;
/*!40101 SET character_set_client = @saved_cs_client */;

--
-- Dumping data for table `tarif_dt_option`
--

LOCK TABLES `tarif_dt_option` WRITE;
/*!40000 ALTER TABLE `tarif_dt_option` DISABLE KEYS */;
INSERT INTO `tarif_dt_option` VALUES ('BIEN_ETRE','PSP',1,5.00,'EURO_PAR_MOIS'),('BIEN_ETRE','PSP',2,5.40,'EURO_PAR_MOIS'),('CONFORT','PSP',1,5.00,'EURO_PAR_MOIS'),('CONFORT','PSP',2,5.40,'EURO_PAR_MOIS');
/*!40000 ALTER TABLE `tarif_dt_option` ENABLE KEYS */;
UNLOCK TABLES;

--
-- Table structure for table `taux_reduction_cotisation`
--

DROP TABLE IF EXISTS `taux_reduction_cotisation`;
/*!40101 SET @saved_cs_client     = @@character_set_client */;
/*!40101 SET character_set_client = utf8 */;
CREATE TABLE `taux_reduction_cotisation` (
  `code_produit` varchar(10) NOT NULL,
  `type_reduction` varchar(25) NOT NULL,
  `date_effet_min` date NOT NULL,
  `date_effet_max` date NOT NULL DEFAULT '2099-12-31',
  `valeur` decimal(5,4) NOT NULL,
  PRIMARY KEY (`code_produit`,`type_reduction`,`date_effet_min`,`date_effet_max`),
  KEY `taux_reduction_cotisation_a_type_reduction_standard_fk` (`type_reduction`),
  CONSTRAINT `taux_reduction_cotisation_a_produit_fk` FOREIGN KEY (`code_produit`) REFERENCES `produit` (`code`),
  CONSTRAINT `taux_reduction_cotisation_a_type_reduction_standard_fk` FOREIGN KEY (`type_reduction`) REFERENCES `type_reduction_standard` (`code`)
) ENGINE=InnoDB DEFAULT CHARSET=latin1;
/*!40101 SET character_set_client = @saved_cs_client */;

--
-- Dumping data for table `taux_reduction_cotisation`
--

LOCK TABLES `taux_reduction_cotisation` WRITE;
/*!40000 ALTER TABLE `taux_reduction_cotisation` DISABLE KEYS */;
INSERT INTO `taux_reduction_cotisation` VALUES ('PSP','AFFINITAIRE','2020-01-01','2099-12-31',0.1000),('PSP','COUPLE','2020-01-01','2099-12-31',0.0500),('PSP','SORTIE_GROUPE_MH','2020-01-01','2099-12-31',0.1000);
/*!40000 ALTER TABLE `taux_reduction_cotisation` ENABLE KEYS */;
UNLOCK TABLES;

--
-- Table structure for table `taux_reduction_eco`
--

DROP TABLE IF EXISTS `taux_reduction_eco`;
/*!40101 SET @saved_cs_client     = @@character_set_client */;
/*!40101 SET character_set_client = utf8 */;
CREATE TABLE `taux_reduction_eco` (
  `nombre_eco` decimal(10,0) NOT NULL,
  `code_produit` varchar(10) NOT NULL,
  `date_effet_min` date NOT NULL,
  `date_effet_max` date NOT NULL,
  `taux_reduction_eco` decimal(3,2) NOT NULL,
  PRIMARY KEY (`nombre_eco`,`code_produit`,`date_effet_min`,`date_effet_max`),
  KEY `taux_reduction_eco_a_produit_fk` (`code_produit`),
  CONSTRAINT `taux_reduction_eco_a_produit_fk` FOREIGN KEY (`code_produit`) REFERENCES `produit` (`code`)
) ENGINE=InnoDB DEFAULT CHARSET=latin1;
/*!40101 SET character_set_client = @saved_cs_client */;

--
-- Dumping data for table `taux_reduction_eco`
--

LOCK TABLES `taux_reduction_eco` WRITE;
/*!40000 ALTER TABLE `taux_reduction_eco` DISABLE KEYS */;
INSERT INTO `taux_reduction_eco` VALUES (0,'PSP','2020-01-01','2099-12-31',1.00),(1,'PSP','2020-01-01','2099-12-31',0.93),(2,'PSP','2020-01-01','2099-12-31',0.85);
/*!40000 ALTER TABLE `taux_reduction_eco` ENABLE KEYS */;
UNLOCK TABLES;

--
-- Table structure for table `taux_taxe_solidarite_additionnelle`
--

DROP TABLE IF EXISTS `taux_taxe_solidarite_additionnelle`;
/*!40101 SET @saved_cs_client     = @@character_set_client */;
/*!40101 SET character_set_client = utf8 */;
CREATE TABLE `taux_taxe_solidarite_additionnelle` (
  `est_formule_responsable` bit(1) NOT NULL,
  `date_effet_min` date NOT NULL,
  `date_effet_max` date NOT NULL DEFAULT '2099-12-31',
  `valeur` decimal(5,4) NOT NULL,
  PRIMARY KEY (`est_formule_responsable`,`date_effet_min`,`date_effet_max`)
) ENGINE=InnoDB DEFAULT CHARSET=latin1;
/*!40101 SET character_set_client = @saved_cs_client */;

--
-- Dumping data for table `taux_taxe_solidarite_additionnelle`
--

LOCK TABLES `taux_taxe_solidarite_additionnelle` WRITE;
/*!40000 ALTER TABLE `taux_taxe_solidarite_additionnelle` DISABLE KEYS */;
INSERT INTO `taux_taxe_solidarite_additionnelle` VALUES ('\0','2020-01-01','2099-12-31',0.2027),('','2020-01-01','2099-12-31',0.1327);
/*!40000 ALTER TABLE `taux_taxe_solidarite_additionnelle` ENABLE KEYS */;
UNLOCK TABLES;

--
-- Table structure for table `type_formule`
--

DROP TABLE IF EXISTS `type_formule`;
/*!40101 SET @saved_cs_client     = @@character_set_client */;
/*!40101 SET character_set_client = utf8 */;
CREATE TABLE `type_formule` (
  `code_produit` varchar(10) NOT NULL,
  `code` varchar(50) NOT NULL,
  `libelle` varchar(50) NOT NULL,
  PRIMARY KEY (`code`,`code_produit`),
  KEY `type_formule_a_produit_fk` (`code_produit`),
  CONSTRAINT `type_formule_a_produit_fk` FOREIGN KEY (`code_produit`) REFERENCES `produit` (`code`)
) ENGINE=InnoDB DEFAULT CHARSET=latin1;
/*!40101 SET character_set_client = @saved_cs_client */;

--
-- Dumping data for table `type_formule`
--

LOCK TABLES `type_formule` WRITE;
/*!40000 ALTER TABLE `type_formule` DISABLE KEYS */;
INSERT INTO `type_formule` VALUES ('PSP','FORMULE_AVEC_ECO','Formule avec ECO'),('PSP','FORMULE_SOCLE','Formule socle'),('PSP','OPTION','Option');
/*!40000 ALTER TABLE `type_formule` ENABLE KEYS */;
UNLOCK TABLES;

--
-- Table structure for table `type_garantie`
--

DROP TABLE IF EXISTS `type_garantie`;
/*!40101 SET @saved_cs_client     = @@character_set_client */;
/*!40101 SET character_set_client = utf8 */;
CREATE TABLE `type_garantie` (
  `code` varchar(50) NOT NULL,
  `libelle` varchar(50) NOT NULL,
  `ordre` decimal(10,0) NOT NULL,
  PRIMARY KEY (`code`)
) ENGINE=InnoDB DEFAULT CHARSET=latin1;
/*!40101 SET character_set_client = @saved_cs_client */;

--
-- Dumping data for table `type_garantie`
--

LOCK TABLES `type_garantie` WRITE;
/*!40000 ALTER TABLE `type_garantie` DISABLE KEYS */;
INSERT INTO `type_garantie` VALUES ('AUDIO','AUDIO',3),('BIEN_ETRE','Bien Etre',0),('CONFORT','Confort',0),('DENTAIRE','DENTAIRE',5),('HOSPIT','HOSPIT',1),('OPTIQUE','OPTIQUE',4),('SOINS_COURANTS','SOINS COURANTS',2);
/*!40000 ALTER TABLE `type_garantie` ENABLE KEYS */;
UNLOCK TABLES;

--
-- Table structure for table `type_libelle_garantie`
--

DROP TABLE IF EXISTS `type_libelle_garantie`;
/*!40101 SET @saved_cs_client     = @@character_set_client */;
/*!40101 SET character_set_client = utf8 */;
CREATE TABLE `type_libelle_garantie` (
  `code` varchar(50) NOT NULL,
  `libelle` varchar(50) NOT NULL,
  PRIMARY KEY (`code`)
) ENGINE=InnoDB DEFAULT CHARSET=latin1;
/*!40101 SET character_set_client = @saved_cs_client */;

--
-- Dumping data for table `type_libelle_garantie`
--

LOCK TABLES `type_libelle_garantie` WRITE;
/*!40000 ALTER TABLE `type_libelle_garantie` DISABLE KEYS */;
INSERT INTO `type_libelle_garantie` VALUES ('COMMENTAIRE','Commentaire'),('EXEMPLE','Exemple'),('GARANTIE','Garantie'),('POSTE','Poste'),('TITRE','Titre');
/*!40000 ALTER TABLE `type_libelle_garantie` ENABLE KEYS */;
UNLOCK TABLES;

--
-- Table structure for table `type_reduction_standard`
--

DROP TABLE IF EXISTS `type_reduction_standard`;
/*!40101 SET @saved_cs_client     = @@character_set_client */;
/*!40101 SET character_set_client = utf8 */;
CREATE TABLE `type_reduction_standard` (
  `code` varchar(50) NOT NULL,
  `libelle` varchar(100) NOT NULL,
  PRIMARY KEY (`code`)
) ENGINE=InnoDB DEFAULT CHARSET=latin1;
/*!40101 SET character_set_client = @saved_cs_client */;

--
-- Dumping data for table `type_reduction_standard`
--

LOCK TABLES `type_reduction_standard` WRITE;
/*!40000 ALTER TABLE `type_reduction_standard` DISABLE KEYS */;
INSERT INTO `type_reduction_standard` VALUES ('AFFINITAIRE','Réduction Affinitaire MH'),('COUPLE','Réduction couple'),('SORTIE_GROUPE_MH','Réduction Sortie de groupe Santé MH');
/*!40000 ALTER TABLE `type_reduction_standard` ENABLE KEYS */;
UNLOCK TABLES;

--
-- Table structure for table `type_reduction_temporaire`
--

DROP TABLE IF EXISTS `type_reduction_temporaire`;
/*!40101 SET @saved_cs_client     = @@character_set_client */;
/*!40101 SET character_set_client = utf8 */;
CREATE TABLE `type_reduction_temporaire` (
  `code` varchar(50) NOT NULL,
  `libelle` varchar(100) NOT NULL,
  PRIMARY KEY (`code`)
) ENGINE=InnoDB DEFAULT CHARSET=latin1;
/*!40101 SET character_set_client = @saved_cs_client */;

--
-- Dumping data for table `type_reduction_temporaire`
--

LOCK TABLES `type_reduction_temporaire` WRITE;
/*!40000 ALTER TABLE `type_reduction_temporaire` DISABLE KEYS */;
INSERT INTO `type_reduction_temporaire` VALUES ('COMMERCIALE','Commerciale'),('DEFENSE','Défense');
/*!40000 ALTER TABLE `type_reduction_temporaire` ENABLE KEYS */;
UNLOCK TABLES;

--
-- Table structure for table `unite_prestation`
--

DROP TABLE IF EXISTS `unite_prestation`;
/*!40101 SET @saved_cs_client     = @@character_set_client */;
/*!40101 SET character_set_client = utf8 */;
CREATE TABLE `unite_prestation` (
  `code` varchar(50) NOT NULL,
  `libelle` varchar(50) NOT NULL,
  PRIMARY KEY (`code`)
) ENGINE=InnoDB DEFAULT CHARSET=latin1;
/*!40101 SET character_set_client = @saved_cs_client */;

--
-- Dumping data for table `unite_prestation`
--

LOCK TABLES `unite_prestation` WRITE;
/*!40000 ALTER TABLE `unite_prestation` DISABLE KEYS */;
INSERT INTO `unite_prestation` VALUES ('EURO','€'),('EURO_PAR_MOIS','€ / mois'),('EURO_PAR_PLAQUETTE','€ / plaquette'),('POURCENT_BRSS','% BRSS'),('POURCENT_DE','% DE');
/*!40000 ALTER TABLE `unite_prestation` ENABLE KEYS */;
UNLOCK TABLES;
/*!40103 SET TIME_ZONE=@OLD_TIME_ZONE */;

/*!40101 SET SQL_MODE=@OLD_SQL_MODE */;
/*!40014 SET FOREIGN_KEY_CHECKS=@OLD_FOREIGN_KEY_CHECKS */;
/*!40014 SET UNIQUE_CHECKS=@OLD_UNIQUE_CHECKS */;
/*!40101 SET CHARACTER_SET_CLIENT=@OLD_CHARACTER_SET_CLIENT */;
/*!40101 SET CHARACTER_SET_RESULTS=@OLD_CHARACTER_SET_RESULTS */;
/*!40101 SET COLLATION_CONNECTION=@OLD_COLLATION_CONNECTION */;
/*!40111 SET SQL_NOTES=@OLD_SQL_NOTES */;

-- Dump completed on 2021-01-19 15:09:33
